2026-08-06 23:20:53,863 [main] INFO  c.d.canton.CantonCommunityApp$ - Starting Canton version 3.5.11
2026-08-06 23:20:54,382 [main] INFO  c.d.canton.CantonCommunityApp$ - Starting up with resolved config
mediators {
    mediator1 {
        admin-api {
            port=5202
        }
        storage {
            type=memory
        }
    }
}
participants {
    participant1 {
        admin-api {
            port=5012
        }
        http-ledger-api {
            port=5013
        }
        ledger-api {
            port=5011
        }
        storage {
            type=memory
        }
    }
    participant2 {
        admin-api {
            port=5022
        }
        http-ledger-api {
            port=5023
        }
        ledger-api {
            port=5021
        }
        storage {
            type=memory
        }
    }
}
sequencers {
    sequencer1 {
        admin-api {
            port=5002
        }
        public-api {
            port=5001
        }
        sequencer {
            type=BFT
        }
        storage {
            type=memory
        }
    }
}

2026-08-06 23:20:54,450 [main] INFO  c.d.c.environment.CantonEnvironment - Deriving 8 as number of threads from 'sys.runtime.availableProcessors()'. Please use '-Dscala.concurrent.context.numThreads' to override.
2026-08-06 23:20:54,457 [main] INFO  c.d.c.t.OpenTelemetryFactory$ - Initializing open telemetry with trace-exporter=Disabled, metrics-enabled=false
2026-08-06 23:20:54,615 [canton-env-ec-34] INFO  o.a.pekko.event.slf4j.Slf4jLogger - Slf4jLogger started
2026-08-06 23:20:54,699 [main] INFO  c.d.c.environment.CantonEnvironment tid:2939d02b5d2995672c9c783d241faad3 - Automatically starting all instances
2026-08-06 23:20:54,726 [main] INFO  c.d.c.environment.SequencerNodes tid:2939d02b5d2995672c9c783d241faad3 - Starting node sequencer1
2026-08-06 23:20:54,792 [canton-env-ec-34] INFO  c.d.c.s.s.SequencerNodeBootstrap:sequencer=sequencer1 - 'sequencer' is now in state ServingStatus(status = 'SERVING'). Previous state was ServingStatus(status = 'NOT_SERVING').
2026-08-06 23:20:55,080 [canton-env-ec-37] INFO  c.d.c.c.Crypto:sequencer=sequencer1 - 'crypto' is now in state Ok(). Previous state was Not Initialized.
2026-08-06 23:20:55,088 [canton-env-ec-34] INFO  c.d.c.e.CantonNodeBootstrapImpl$SetupAdminApi:sequencer=sequencer1 - Starting admin-api services on AdminServerConfig(127.0.0.1,Some(5002),None,None,Some(BasicKeepAliveServerConfig(40s,20s,20s,false)),10485760,100000,List(),AdminTokenConfig(None,5m,false,false),5m,JwksCacheConfig(1000,5m,10s,10s,0s),None)
2026-08-06 23:20:55,397 [canton-env-ec-35] INFO  c.d.c.e.CantonNodeBootstrapImpl$SetupNodeId:sequencer=sequencer1 - Auto-initialized with uid=sequencer1::12203194b0b9...
2026-08-06 23:20:55,508 [canton-env-ec-34] INFO  c.d.c.t.AuthorizedTopologyManager:sequencer=sequencer1 - Attempting to build, sign, and Replace NamespaceDelegation(
  namespace = 12203194b0b9...,
  target = SigningPublicKey(id = 12203194b0b9..., format = DER-encoded X.509 SubjectPublicKeyInfo, keySpec = EC-Curve25519, usage = namespace),
  restriction = none
) with serial None() signed by 12203194b0b9...
2026-08-06 23:20:55,598 [canton-env-ec-42] INFO  c.d.c.t.p.TopologyStateProcessorImpl:sequencer=sequencer1/store=Authorized - Storing topology transaction 1/1 TxHash(SHA-256:e3e9dfb40540...) with ts=EffectiveTime(2026-08-07T03:20:55.567600Z), signedBy=Set(12203194b0b9...)
2026-08-06 23:20:55,603 [canton-env-ec-34] INFO  c.d.c.t.p.TopologyStateProcessorImpl:sequencer=sequencer1/store=Authorized - Persisted topology transactions (SequencedTime(2026-08-07T03:20:55.567600Z), EffectiveTime(2026-08-07T03:20:55.567600Z)):
ValidatedTopologyTransaction(
  SignedTopologyTransaction(
    TopologyTransaction(
      NamespaceDelegation(
        namespace = 12203194b0b9...,
        target = SigningPublicKey(id = 12203194b0b9..., format = DER-encoded X.509 SubjectPublicKeyInfo, keySpec = EC-Curve25519, usage = namespace),
        restriction = none
      ),
      serial = 1,
      operation = Replace,
      hash = SHA-256:e3e9dfb40540...
    ),
    signatures = 12203194b0b9...
  )
)
2026-08-06 23:20:55,612 [canton-env-ec-36] INFO  c.d.c.t.AuthorizedTopologyManager:sequencer=sequencer1 - Attempting to build, sign, and Replace OwnerToKeyMapping(member = SEQ::sequencer1::12203194b0b9..., signingKeys = Seq(122023f7cdab..., 1220d4b835a4...)) with serial None() signed by 12203194b0b9..., 1220d4b835a4..., 122023f7cdab...
2026-08-06 23:20:55,628 [canton-env-ec-35] INFO  c.d.c.t.p.TopologyStateProcessorImpl:sequencer=sequencer1/store=Authorized - Storing topology transaction 1/1 TxHash(SHA-256:7729f1b99a3b...) with ts=EffectiveTime(2026-08-07T03:20:55.619041Z), signedBy=Set(12203194b0b9..., 1220d4b835a4..., 122023f7cdab...)
2026-08-06 23:20:55,630 [canton-env-ec-37] INFO  c.d.c.t.p.TopologyStateProcessorImpl:sequencer=sequencer1/store=Authorized - Persisted topology transactions (SequencedTime(2026-08-07T03:20:55.619041Z), EffectiveTime(2026-08-07T03:20:55.619041Z)):
ValidatedTopologyTransaction(
  SignedTopologyTransaction(
    TopologyTransaction(
      OwnerToKeyMapping(member = SEQ::sequencer1::12203194b0b9..., signingKeys = Seq(122023f7cdab..., 1220d4b835a4...)),
      serial = 1,
      operation = Replace,
      hash = SHA-256:7729f1b99a3b...
    ),
    signatures = Seq(122023f7cdab..., 12203194b0b9..., 1220d4b835a4...)
  )
)
2026-08-06 23:20:55,650 [canton-env-ec-35] INFO  c.d.c.s.s.SequencerNodeBootstrap$WaitForSequencerToSynchronizerInit:sequencer=sequencer1 - Startup succeeded up to stage wait-for-sequencer-to-synchronizer-init, waiting for external input
2026-08-06 23:20:55,651 [canton-env-ec-37] INFO  c.d.c.environment.MediatorNodes tid:2939d02b5d2995672c9c783d241faad3 - Starting node mediator1
2026-08-06 23:20:55,669 [canton-env-ec-38] INFO  c.d.c.s.m.MediatorNodeBootstrapFactoryImpl$$anon$1:mediator=mediator1 - 'mediator' is now in state ServingStatus(status = 'SERVING'). Previous state was ServingStatus(status = 'NOT_SERVING').
2026-08-06 23:20:55,671 [canton-env-ec-42] INFO  c.d.c.c.Crypto:mediator=mediator1 - 'crypto' is now in state Ok(). Previous state was Not Initialized.
2026-08-06 23:20:55,672 [canton-env-ec-37] INFO  c.d.c.e.CantonNodeBootstrapImpl$SetupAdminApi:mediator=mediator1 - Starting admin-api services on AdminServerConfig(127.0.0.1,Some(5202),None,None,Some(BasicKeepAliveServerConfig(40s,20s,20s,false)),10485760,100000,List(),AdminTokenConfig(None,5m,false,false),5m,JwksCacheConfig(1000,5m,10s,10s,0s),None)
2026-08-06 23:20:55,677 [canton-env-ec-38] INFO  c.d.c.e.CantonNodeBootstrapImpl$SetupNodeId:mediator=mediator1 - Auto-initialized with uid=mediator1::12209640bd54...
2026-08-06 23:20:55,679 [canton-env-ec-38] INFO  c.d.c.t.AuthorizedTopologyManager:mediator=mediator1 - Attempting to build, sign, and Replace NamespaceDelegation(
  namespace = 12209640bd54...,
  target = SigningPublicKey(id = 12209640bd54..., format = DER-encoded X.509 SubjectPublicKeyInfo, keySpec = EC-Curve25519, usage = namespace),
  restriction = none
) with serial None() signed by 12209640bd54...
2026-08-06 23:20:55,682 [canton-env-ec-35] INFO  c.d.c.t.p.TopologyStateProcessorImpl:mediator=mediator1/store=Authorized - Storing topology transaction 1/1 TxHash(SHA-256:b99a34daef3f...) with ts=EffectiveTime(2026-08-07T03:20:55.681240Z), signedBy=Set(12209640bd54...)
2026-08-06 23:20:55,684 [canton-env-ec-35] INFO  c.d.c.t.p.TopologyStateProcessorImpl:mediator=mediator1/store=Authorized - Persisted topology transactions (SequencedTime(2026-08-07T03:20:55.681240Z), EffectiveTime(2026-08-07T03:20:55.681240Z)):
ValidatedTopologyTransaction(
  SignedTopologyTransaction(
    TopologyTransaction(
      NamespaceDelegation(
        namespace = 12209640bd54...,
        target = SigningPublicKey(id = 12209640bd54..., format = DER-encoded X.509 SubjectPublicKeyInfo, keySpec = EC-Curve25519, usage = namespace),
        restriction = none
      ),
      serial = 1,
      operation = Replace,
      hash = SHA-256:b99a34daef3f...
    ),
    signatures = 12209640bd54...
  )
)
2026-08-06 23:20:55,687 [canton-env-ec-41] INFO  c.d.c.t.AuthorizedTopologyManager:mediator=mediator1 - Attempting to build, sign, and Replace OwnerToKeyMapping(member = MED::mediator1::12209640bd54..., signingKeys = Seq(12205453da86..., 12209615e187...)) with serial None() signed by 12209640bd54..., 12205453da86..., 12209615e187...
2026-08-06 23:20:55,692 [canton-env-ec-41] INFO  c.d.c.t.p.TopologyStateProcessorImpl:mediator=mediator1/store=Authorized - Storing topology transaction 1/1 TxHash(SHA-256:ef04238678ba...) with ts=EffectiveTime(2026-08-07T03:20:55.690169Z), signedBy=Set(12209640bd54..., 12205453da86..., 12209615e187...)
2026-08-06 23:20:55,694 [canton-env-ec-41] INFO  c.d.c.t.p.TopologyStateProcessorImpl:mediator=mediator1/store=Authorized - Persisted topology transactions (SequencedTime(2026-08-07T03:20:55.690169Z), EffectiveTime(2026-08-07T03:20:55.690169Z)):
ValidatedTopologyTransaction(
  SignedTopologyTransaction(
    TopologyTransaction(
      OwnerToKeyMapping(member = MED::mediator1::12209640bd54..., signingKeys = Seq(12205453da86..., 12209615e187...)),
      serial = 1,
      operation = Replace,
      hash = SHA-256:ef04238678ba...
    ),
    signatures = Seq(12205453da86..., 12209615e187..., 12209640bd54...)
  )
)
2026-08-06 23:20:55,700 [canton-env-ec-36] INFO  c.d.c.s.m.MediatorNodeBootstrap$WaitForMediatorToSynchronizerInit:mediator=mediator1 - Startup succeeded up to stage wait-for-mediator-to-synchronizer-init, waiting for external input
2026-08-06 23:20:55,701 [canton-env-ec-35] INFO  c.d.c.environment.ParticipantNodes tid:2939d02b5d2995672c9c783d241faad3 - Starting node participant1
2026-08-06 23:20:55,701 [canton-env-ec-35] INFO  c.d.c.environment.ParticipantNodes tid:2939d02b5d2995672c9c783d241faad3 - Starting node participant2
2026-08-06 23:20:56,139 [canton-env-ec-34] INFO  c.d.c.p.ParticipantNodeBootstrapFactoryImpl$$anon$1:participant=participant1 - 'participant' is now in state ServingStatus(status = 'SERVING'). Previous state was ServingStatus(status = 'NOT_SERVING').
2026-08-06 23:20:56,139 [canton-env-ec-41] INFO  c.d.c.p.ParticipantNodeBootstrapFactoryImpl$$anon$1:participant=participant2 - 'participant' is now in state ServingStatus(status = 'SERVING'). Previous state was ServingStatus(status = 'NOT_SERVING').
2026-08-06 23:20:56,142 [canton-env-ec-37] INFO  c.d.c.c.Crypto:participant=participant2 - 'crypto' is now in state Ok(). Previous state was Not Initialized.
2026-08-06 23:20:56,142 [canton-env-ec-43] INFO  c.d.c.c.Crypto:participant=participant1 - 'crypto' is now in state Ok(). Previous state was Not Initialized.
2026-08-06 23:20:56,142 [canton-env-ec-38] INFO  c.d.c.e.CantonNodeBootstrapImpl$SetupAdminApi:participant=participant2 - Starting admin-api services on AdminServerConfig(127.0.0.1,Some(5022),None,None,Some(BasicKeepAliveServerConfig(40s,20s,20s,false)),10485760,100000,List(),AdminTokenConfig(None,5m,false,false),5m,JwksCacheConfig(1000,5m,10s,10s,0s),None)
2026-08-06 23:20:56,142 [canton-env-ec-43] INFO  c.d.c.e.CantonNodeBootstrapImpl$SetupAdminApi:participant=participant1 - Starting admin-api services on AdminServerConfig(127.0.0.1,Some(5012),None,None,Some(BasicKeepAliveServerConfig(40s,20s,20s,false)),10485760,100000,List(),AdminTokenConfig(None,5m,false,false),5m,JwksCacheConfig(1000,5m,10s,10s,0s),None)
2026-08-06 23:20:56,148 [canton-env-ec-42] INFO  c.d.c.e.CantonNodeBootstrapImpl$SetupNodeId:participant=participant1 - Auto-initialized with uid=participant1::1220b8ba0fff...
2026-08-06 23:20:56,148 [canton-env-ec-43] INFO  c.d.c.e.CantonNodeBootstrapImpl$SetupNodeId:participant=participant2 - Auto-initialized with uid=participant2::1220334b3a59...
2026-08-06 23:20:56,197 [canton-env-ec-43] INFO  c.d.c.p.s.m.MutablePackageMetadataViewImpl:participant=participant2 - Package Metadata View has been initialized (43 ms)
2026-08-06 23:20:56,197 [canton-env-ec-42] INFO  c.d.c.p.s.m.MutablePackageMetadataViewImpl:participant=participant1 - Package Metadata View has been initialized (43 ms)
2026-08-06 23:20:56,199 [canton-env-ec-41] INFO  c.d.c.p.ParticipantNodeBootstrap$$anon$1:participant=participant1 - Attempting to build, sign, and Replace NamespaceDelegation(
  namespace = 1220b8ba0fff...,
  target = SigningPublicKey(id = 1220b8ba0fff..., format = DER-encoded X.509 SubjectPublicKeyInfo, keySpec = EC-Curve25519, usage = namespace),
  restriction = none
) with serial None() signed by 1220b8ba0fff...
2026-08-06 23:20:56,199 [canton-env-ec-36] INFO  c.d.c.p.ParticipantNodeBootstrap$$anon$1:participant=participant2 - Attempting to build, sign, and Replace NamespaceDelegation(
  namespace = 1220334b3a59...,
  target = SigningPublicKey(id = 1220334b3a59..., format = DER-encoded X.509 SubjectPublicKeyInfo, keySpec = EC-Curve25519, usage = namespace),
  restriction = none
) with serial None() signed by 1220334b3a59...
2026-08-06 23:20:56,202 [canton-env-ec-41] INFO  c.d.c.t.p.TopologyStateProcessorImpl:participant=participant2/store=Authorized - Storing topology transaction 1/1 TxHash(SHA-256:16a35f2e7a60...) with ts=EffectiveTime(2026-08-07T03:20:56.200943Z), signedBy=Set(1220334b3a59...)
2026-08-06 23:20:56,202 [canton-env-ec-36] INFO  c.d.c.t.p.TopologyStateProcessorImpl:participant=participant1/store=Authorized - Storing topology transaction 1/1 TxHash(SHA-256:b70f4f55edaa...) with ts=EffectiveTime(2026-08-07T03:20:56.200943Z), signedBy=Set(1220b8ba0fff...)
2026-08-06 23:20:56,203 [canton-env-ec-37] INFO  c.d.c.t.p.TopologyStateProcessorImpl:participant=participant2/store=Authorized - Persisted topology transactions (SequencedTime(2026-08-07T03:20:56.200943Z), EffectiveTime(2026-08-07T03:20:56.200943Z)):
ValidatedTopologyTransaction(
  SignedTopologyTransaction(
    TopologyTransaction(
      NamespaceDelegation(
        namespace = 1220334b3a59...,
        target = SigningPublicKey(id = 1220334b3a59..., format = DER-encoded X.509 SubjectPublicKeyInfo, keySpec = EC-Curve25519, usage = namespace),
        restriction = none
      ),
      serial = 1,
      operation = Replace,
      hash = SHA-256:16a35f2e7a60...
    ),
    signatures = 1220334b3a59...
  )
)
2026-08-06 23:20:56,203 [canton-env-ec-41] INFO  c.d.c.t.p.TopologyStateProcessorImpl:participant=participant1/store=Authorized - Persisted topology transactions (SequencedTime(2026-08-07T03:20:56.200943Z), EffectiveTime(2026-08-07T03:20:56.200943Z)):
ValidatedTopologyTransaction(
  SignedTopologyTransaction(
    TopologyTransaction(
      NamespaceDelegation(
        namespace = 1220b8ba0fff...,
        target = SigningPublicKey(id = 1220b8ba0fff..., format = DER-encoded X.509 SubjectPublicKeyInfo, keySpec = EC-Curve25519, usage = namespace),
        restriction = none
      ),
      serial = 1,
      operation = Replace,
      hash = SHA-256:b70f4f55edaa...
    ),
    signatures = 1220b8ba0fff...
  )
)
2026-08-06 23:20:56,227 [canton-env-ec-41] INFO  c.d.c.p.ParticipantNodeBootstrap$$anon$1:participant=participant2 - Attempting to build, sign, and Replace OwnerToKeyMapping(member = PAR::participant2::1220334b3a59..., signingKeys = Seq(12202b7d00dd..., 12205681887d...), encryptionKeys = 122087502619...) with serial None() signed by 1220334b3a59..., 12202b7d00dd..., 12205681887d...
2026-08-06 23:20:56,227 [canton-env-ec-37] INFO  c.d.c.p.ParticipantNodeBootstrap$$anon$1:participant=participant1 - Attempting to build, sign, and Replace OwnerToKeyMapping(member = PAR::participant1::1220b8ba0fff..., signingKeys = Seq(122060484082..., 122086f2961f...), encryptionKeys = 12209df6220c...) with serial None() signed by 1220b8ba0fff..., 122086f2961f..., 122060484082...
2026-08-06 23:20:56,232 [canton-env-ec-36] INFO  c.d.c.t.p.TopologyStateProcessorImpl:participant=participant2/store=Authorized - Storing topology transaction 1/1 TxHash(SHA-256:2ad35268028b...) with ts=EffectiveTime(2026-08-07T03:20:56.230659Z), signedBy=Set(1220334b3a59..., 12202b7d00dd..., 12205681887d...)
2026-08-06 23:20:56,232 [canton-env-ec-34] INFO  c.d.c.t.p.TopologyStateProcessorImpl:participant=participant1/store=Authorized - Storing topology transaction 1/1 TxHash(SHA-256:33307fb0d486...) with ts=EffectiveTime(2026-08-07T03:20:56.230666Z), signedBy=Set(1220b8ba0fff..., 122086f2961f..., 122060484082...)
2026-08-06 23:20:56,233 [canton-env-ec-34] INFO  c.d.c.t.p.TopologyStateProcessorImpl:participant=participant1/store=Authorized - Persisted topology transactions (SequencedTime(2026-08-07T03:20:56.230666Z), EffectiveTime(2026-08-07T03:20:56.230666Z)):
ValidatedTopologyTransaction(
  SignedTopologyTransaction(
    TopologyTransaction(
      OwnerToKeyMapping(member = PAR::participant1::1220b8ba0fff..., signingKeys = Seq(122060484082..., 122086f2961f...), encryptionKeys = 12209df6220c...),
      serial = 1,
      operation = Replace,
      hash = SHA-256:33307fb0d486...
    ),
    signatures = Seq(122060484082..., 122086f2961f..., 1220b8ba0fff...)
  )
)
2026-08-06 23:20:56,233 [canton-env-ec-36] INFO  c.d.c.t.p.TopologyStateProcessorImpl:participant=participant2/store=Authorized - Persisted topology transactions (SequencedTime(2026-08-07T03:20:56.230659Z), EffectiveTime(2026-08-07T03:20:56.230659Z)):
ValidatedTopologyTransaction(
  SignedTopologyTransaction(
    TopologyTransaction(
      OwnerToKeyMapping(member = PAR::participant2::1220334b3a59..., signingKeys = Seq(12202b7d00dd..., 12205681887d...), encryptionKeys = 122087502619...),
      serial = 1,
      operation = Replace,
      hash = SHA-256:2ad35268028b...
    ),
    signatures = Seq(12202b7d00dd..., 1220334b3a59..., 12205681887d...)
  )
)
2026-08-06 23:20:56,248 [canton-env-ec-41] INFO  c.d.c.p.LifeCycleContainer:participant=participant1 - Initializing next persistent-state
2026-08-06 23:20:56,248 [canton-env-ec-38] INFO  c.d.c.p.LifeCycleContainer:participant=participant2 - Initializing next persistent-state
2026-08-06 23:20:56,260 [canton-env-ec-35] INFO  c.d.c.p.l.a.LedgerApiStore$:participant=participant1 - Creating ledger API storage num-ledger-api: 4
2026-08-06 23:20:56,260 [canton-env-ec-37] INFO  c.d.c.p.l.a.LedgerApiStore$:participant=participant2 - Creating ledger API storage num-ledger-api: 4
2026-08-06 23:20:56,313 [canton-env-ec-41] INFO  c.d.c.p.s.b.VerifiedDataSource$:participant=participant1 - Attempting to connect to the database (attempt 1/600)
2026-08-06 23:20:56,313 [canton-env-ec-38] INFO  c.d.c.p.s.b.VerifiedDataSource$:participant=participant2 - Attempting to connect to the database (attempt 1/600)
2026-08-06 23:20:56,508 [canton-env-ec-35] INFO  c.d.c.p.s.FlywayMigrations:participant=participant2 - Running Flyway migration...
2026-08-06 23:20:56,508 [canton-env-ec-36] INFO  c.d.c.p.s.FlywayMigrations:participant=participant1 - Running Flyway migration...
2026-08-06 23:20:56,514 [canton-env-ec-35] INFO  org.flywaydb.core.FlywayExecutor - Database: jdbc:h2:mem:ledger_api_participant21220334b3a59b962c4609f1a8497da8da7c8ba335ce6cf5fb31843846cfc3824dc8d_44a203bb6f1842f893f8726217fbeac0 (H2 2.2)
2026-08-06 23:20:56,514 [canton-env-ec-36] INFO  org.flywaydb.core.FlywayExecutor - Database: jdbc:h2:mem:ledger_api_participant11220b8ba0fff2f146af5448f02bf6d45ed57d32c18c5e0831bc31bb42d883c738523_a47b7b11921e42c8b818d3cc164a84c1 (H2 2.2)
2026-08-06 23:20:56,580 [canton-env-ec-35] INFO  o.f.c.i.s.JdbcTableSchemaHistory - Schema history table "PUBLIC"."flyway_schema_history" does not exist yet
2026-08-06 23:20:56,580 [canton-env-ec-36] INFO  o.f.c.i.s.JdbcTableSchemaHistory - Schema history table "PUBLIC"."flyway_schema_history" does not exist yet
2026-08-06 23:20:56,587 [canton-env-ec-36] INFO  org.flywaydb.core.FlywayExecutor - Database: jdbc:h2:mem:ledger_api_participant11220b8ba0fff2f146af5448f02bf6d45ed57d32c18c5e0831bc31bb42d883c738523_a47b7b11921e42c8b818d3cc164a84c1 (H2 2.2)
2026-08-06 23:20:56,587 [canton-env-ec-35] INFO  org.flywaydb.core.FlywayExecutor - Database: jdbc:h2:mem:ledger_api_participant21220334b3a59b962c4609f1a8497da8da7c8ba335ce6cf5fb31843846cfc3824dc8d_44a203bb6f1842f893f8726217fbeac0 (H2 2.2)
2026-08-06 23:20:56,594 [canton-env-ec-36] INFO  o.f.c.i.s.JdbcTableSchemaHistory - Schema history table "PUBLIC"."flyway_schema_history" does not exist yet
2026-08-06 23:20:56,594 [canton-env-ec-35] INFO  o.f.c.i.s.JdbcTableSchemaHistory - Schema history table "PUBLIC"."flyway_schema_history" does not exist yet
2026-08-06 23:20:56,595 [canton-env-ec-35] INFO  o.f.c.internal.command.DbValidate - Successfully validated 11 migrations (execution time 00:00.003s)
2026-08-06 23:20:56,595 [canton-env-ec-36] INFO  o.f.c.internal.command.DbValidate - Successfully validated 11 migrations (execution time 00:00.003s)
2026-08-06 23:20:56,596 [canton-env-ec-35] INFO  o.f.c.i.s.JdbcTableSchemaHistory - Creating Schema History table "PUBLIC"."flyway_schema_history" ...
2026-08-06 23:20:56,596 [canton-env-ec-36] INFO  o.f.c.i.s.JdbcTableSchemaHistory - Creating Schema History table "PUBLIC"."flyway_schema_history" ...
2026-08-06 23:20:56,611 [canton-env-ec-35] INFO  o.f.core.internal.command.DbMigrate - Current version of schema "PUBLIC": << Empty Schema >>
2026-08-06 23:20:56,611 [canton-env-ec-36] INFO  o.f.core.internal.command.DbMigrate - Current version of schema "PUBLIC": << Empty Schema >>
2026-08-06 23:20:56,642 [canton-env-ec-36] INFO  o.f.core.internal.command.DbMigrate - Migrating schema "PUBLIC" to version "1.1 - initial"
2026-08-06 23:20:56,642 [canton-env-ec-35] INFO  o.f.core.internal.command.DbMigrate - Migrating schema "PUBLIC" to version "1.1 - initial"
2026-08-06 23:20:56,688 [canton-env-ec-35] INFO  o.f.core.internal.command.DbMigrate - Migrating schema "PUBLIC" to version "2 - lapi 3.0"
2026-08-06 23:20:56,688 [canton-env-ec-36] INFO  o.f.core.internal.command.DbMigrate - Migrating schema "PUBLIC" to version "2 - lapi 3.0"
2026-08-06 23:20:56,706 [canton-env-ec-35] INFO  o.f.core.internal.command.DbMigrate - Migrating schema "PUBLIC" to version "3.0 - topology cache add index"
2026-08-06 23:20:56,706 [canton-env-ec-36] INFO  o.f.core.internal.command.DbMigrate - Migrating schema "PUBLIC" to version "3.0 - topology cache add index"
2026-08-06 23:20:56,708 [canton-env-ec-36] INFO  o.f.core.internal.command.DbMigrate - Migrating schema "PUBLIC" to version "4.0 - commitment pruning add index"
2026-08-06 23:20:56,708 [canton-env-ec-35] INFO  o.f.core.internal.command.DbMigrate - Migrating schema "PUBLIC" to version "4.0 - commitment pruning add index"
2026-08-06 23:20:56,710 [canton-env-ec-36] INFO  o.f.core.internal.command.DbMigrate - Migrating schema "PUBLIC" to version "4.1 - changes for 3 4 12"
2026-08-06 23:20:56,710 [canton-env-ec-35] INFO  o.f.core.internal.command.DbMigrate - Migrating schema "PUBLIC" to version "4.1 - changes for 3 4 12"
2026-08-06 23:20:56,714 [canton-env-ec-35] INFO  o.f.core.internal.command.DbMigrate - Migrating schema "PUBLIC" to version "4.2 - traffic cost on lapi"
2026-08-06 23:20:56,714 [canton-env-ec-36] INFO  o.f.core.internal.command.DbMigrate - Migrating schema "PUBLIC" to version "4.2 - traffic cost on lapi"
2026-08-06 23:20:56,718 [canton-env-ec-36] INFO  o.f.core.internal.command.DbMigrate - Migrating schema "PUBLIC" to version "4.3 - traffic cost on lapi updates"
2026-08-06 23:20:56,719 [canton-env-ec-35] INFO  o.f.core.internal.command.DbMigrate - Migrating schema "PUBLIC" to version "4.3 - traffic cost on lapi updates"
2026-08-06 23:20:56,727 [canton-env-ec-36] INFO  o.f.core.internal.command.DbMigrate - Migrating schema "PUBLIC" to version "5.0 - changes for 3 5"
2026-08-06 23:20:56,731 [canton-env-ec-35] INFO  o.f.core.internal.command.DbMigrate - Migrating schema "PUBLIC" to version "5.0 - changes for 3 5"
2026-08-06 23:20:56,746 [canton-env-ec-35] INFO  o.f.core.internal.command.DbMigrate - Migrating schema "PUBLIC" to version "5.2 - dabft partitioning"
2026-08-06 23:20:56,746 [canton-env-ec-36] INFO  o.f.core.internal.command.DbMigrate - Migrating schema "PUBLIC" to version "5.2 - dabft partitioning"
2026-08-06 23:20:56,749 [canton-env-ec-36] INFO  o.f.core.internal.command.DbMigrate - Migrating schema "PUBLIC" to version "5.3 - tea initial"
2026-08-06 23:20:56,749 [canton-env-ec-35] INFO  o.f.core.internal.command.DbMigrate - Migrating schema "PUBLIC" to version "5.3 - tea initial"
2026-08-06 23:20:56,752 [canton-env-ec-35] INFO  o.f.core.internal.command.DbMigrate - Migrating schema "PUBLIC" to version "5.4 - cantonbft p2p endpoint sequencer id"
2026-08-06 23:20:56,757 [canton-env-ec-36] INFO  o.f.core.internal.command.DbMigrate - Migrating schema "PUBLIC" to version "5.4 - cantonbft p2p endpoint sequencer id"
2026-08-06 23:20:56,763 [canton-env-ec-36] INFO  o.f.core.internal.command.DbMigrate - Successfully applied 11 migrations to schema "PUBLIC", now at version v5.4 (execution time 00:00.074s)
2026-08-06 23:20:56,763 [canton-env-ec-35] INFO  o.f.core.internal.command.DbMigrate - Successfully applied 11 migrations to schema "PUBLIC", now at version v5.4 (execution time 00:00.078s)
2026-08-06 23:20:56,763 [canton-env-ec-36] INFO  c.d.c.p.s.FlywayMigrations:participant=participant1 - Flyway schema migration finished successfully, applying 11 steps.
2026-08-06 23:20:56,766 [canton-env-ec-35] INFO  c.d.c.p.s.FlywayMigrations:participant=participant2 - Flyway schema migration finished successfully, applying 11 steps.
2026-08-06 23:20:56,773 [canton-env-ec-42] INFO  c.d.c.p.s.b.VerifiedDataSource$:participant=participant1 - Attempting to connect to the database (attempt 1/600)
2026-08-06 23:20:56,773 [canton-env-ec-37] INFO  c.d.c.p.s.b.VerifiedDataSource$:participant=participant2 - Attempting to connect to the database (attempt 1/600)
2026-08-06 23:20:56,790 [canton-env-ec-35] INFO  com.zaxxer.hikari.HikariDataSource - daml.index.db.connection.api-server - Starting...
2026-08-06 23:20:56,790 [canton-env-ec-41] INFO  com.zaxxer.hikari.HikariDataSource - daml.index.db.connection.api-server - Starting...
2026-08-06 23:20:56,794 [canton-env-ec-41] INFO  com.zaxxer.hikari.pool.HikariPool - daml.index.db.connection.api-server - Added connection conn17: url=jdbc:h2:mem:ledger_api_participant11220b8ba0fff2f146af5448f02bf6d45ed57d32c18c5e0831bc31bb42d883c738523_a47b7b11921e42c8b818d3cc164a84c1 user=
2026-08-06 23:20:56,794 [canton-env-ec-35] INFO  com.zaxxer.hikari.pool.HikariPool - daml.index.db.connection.api-server - Added connection conn16: url=jdbc:h2:mem:ledger_api_participant21220334b3a59b962c4609f1a8497da8da7c8ba335ce6cf5fb31843846cfc3824dc8d_44a203bb6f1842f893f8726217fbeac0 user=
2026-08-06 23:20:56,795 [canton-env-ec-41] INFO  com.zaxxer.hikari.HikariDataSource - daml.index.db.connection.api-server - Start completed.
2026-08-06 23:20:56,795 [canton-env-ec-35] INFO  com.zaxxer.hikari.HikariDataSource - daml.index.db.connection.api-server - Start completed.
2026-08-06 23:20:56,819 [canton-env-ec-36] INFO  c.d.c.p.LifeCycleContainer:participant=participant2 - Next persistent-state initialized (com.digitalasset.canton.participant.store.ParticipantNodePersistentState@5fd98bea)
2026-08-06 23:20:56,819 [canton-env-ec-42] INFO  c.d.c.p.LifeCycleContainer:participant=participant1 - Next persistent-state initialized (com.digitalasset.canton.participant.store.ParticipantNodePersistentState@53d0c90b)
2026-08-06 23:20:56,837 [canton-env-ec-42] INFO  c.d.c.p.LifeCycleContainer:participant=participant2 - Initializing next indexer
2026-08-06 23:20:56,838 [canton-env-ec-43] INFO  c.d.c.p.LifeCycleContainer:participant=participant1 - Initializing next indexer
2026-08-06 23:20:56,842 [canton-env-ec-42] INFO  c.d.c.p.l.a.LedgerApiIndexer$:participant=participant2 - Creating Ledger API Indexer storage, num-indexer: 16
2026-08-06 23:20:56,842 [canton-env-ec-43] INFO  c.d.c.p.l.a.LedgerApiIndexer$:participant=participant1 - Creating Ledger API Indexer storage, num-indexer: 16
2026-08-06 23:20:56,883 [canton-env-ec-35] INFO  c.d.c.u.PekkoUtil$RecoveringFutureQueueImpl:participant=participant2 - Initializing consumer...
2026-08-06 23:20:56,883 [canton-env-ec-34] INFO  c.d.c.u.PekkoUtil$RecoveringFutureQueueImpl:participant=participant1 - Initializing consumer...
2026-08-06 23:20:56,884 [canton-env-ec-43] INFO  c.d.c.p.i.p.InitializeParallelIngestion:participant=participant1 - Attempting to initialize with participant ID participant1::1220b8ba0fff2f146af5448f02bf6d45ed57d32c18c5e0831bc31bb42d883c738523
2026-08-06 23:20:56,884 [canton-env-ec-41] INFO  c.d.c.p.i.p.InitializeParallelIngestion:participant=participant2 - Attempting to initialize with participant ID participant2::1220334b3a59b962c4609f1a8497da8da7c8ba335ce6cf5fb31843846cfc3824dc8d
2026-08-06 23:20:56,886 [daml.participant.api.index.db.threadpool.connection.api-server-0] INFO  c.d.c.p.s.b.c.ParameterStorageBackendImpl:participant=participant2 - Initializing new database for participantId 'participant2::1220334b3a59b962c4609f1a8497da8da7c8ba335ce6cf5fb31843846cfc3824dc8d'
2026-08-06 23:20:56,886 [daml.participant.api.index.db.threadpool.connection.api-server-0] INFO  c.d.c.p.s.b.c.ParameterStorageBackendImpl:participant=participant1 - Initializing new database for participantId 'participant1::1220b8ba0fff2f146af5448f02bf6d45ed57d32c18c5e0831bc31bb42d883c738523'
2026-08-06 23:20:56,893 [daml.participant.api.index.db.threadpool.connection.api-server-0] INFO  c.d.c.p.s.b.h.H2EventStorageBackend:participant=participant2 - No contract pruning candidates found after event sequential ID: -1.
2026-08-06 23:20:56,893 [daml.participant.api.index.db.threadpool.connection.api-server-0] INFO  c.d.c.p.s.b.h.H2EventStorageBackend:participant=participant1 - No contract pruning candidates found after event sequential ID: -1.
2026-08-06 23:20:56,912 [daml.participant.api.index.db.threadpool.connection.api-server-0] INFO  c.d.c.p.i.p.InitializeParallelIngestion:participant=participant2 - ACHS State not found, also not configured
2026-08-06 23:20:56,912 [daml.participant.api.index.db.threadpool.connection.api-server-0] INFO  c.d.c.p.i.p.InitializeParallelIngestion:participant=participant1 - ACHS State not found, also not configured
2026-08-06 23:20:56,912 [daml.participant.api.index.db.threadpool.connection.api-server-0] INFO  c.d.c.p.InMemoryState:participant=participant1 - Initializing participant in-memory state to ledger end: None
2026-08-06 23:20:56,912 [daml.participant.api.index.db.threadpool.connection.api-server-0] INFO  c.d.c.p.InMemoryState:participant=participant2 - Initializing participant in-memory state to ledger end: None
2026-08-06 23:20:56,917 [canton-env-ec-42] INFO  c.d.c.p.DispatcherState:participant=participant1 - Started a Ledger API offset dispatcher at initialization offset: None.
2026-08-06 23:20:56,917 [canton-env-ec-38] INFO  c.d.c.p.DispatcherState:participant=participant2 - Started a Ledger API offset dispatcher at initialization offset: None.
2026-08-06 23:20:56,918 [canton-env-ec-42] INFO  c.d.c.p.i.p.InitializeParallelIngestion:participant=participant1 - Indexer initialized at None with ACHS state AchsState(validAt = 0, lastRemoved = 0, lastPopulated = 0)
2026-08-06 23:20:56,918 [canton-env-ec-38] INFO  c.d.c.p.i.p.InitializeParallelIngestion:participant=participant2 - Indexer initialized at None with ACHS state AchsState(validAt = 0, lastRemoved = 0, lastPopulated = 0)
2026-08-06 23:20:56,962 [canton-env-ec-43] INFO  c.d.c.p.i.p.ParallelIndexerFactory$:participant=participant1 - Indexer initialized, indexing started.
2026-08-06 23:20:56,962 [canton-env-ec-37] INFO  c.d.c.p.i.p.ParallelIndexerFactory$:participant=participant2 - Indexer initialized, indexing started.
2026-08-06 23:20:56,964 [canton-env-ec-38] INFO  c.d.c.p.i.IndexerState:participant=participant1 - Waiting for first successful initialization of the indexer
2026-08-06 23:20:56,964 [canton-env-ec-37] INFO  c.d.c.p.i.IndexerState:participant=participant2 - Waiting for first successful initialization of the indexer
2026-08-06 23:20:56,964 [canton-env-ec-41] INFO  c.d.c.p.i.IndexerState:participant=participant2 - Indexer initialized
2026-08-06 23:20:56,965 [canton-env-ec-34] INFO  c.d.c.u.PekkoUtil$RecoveringFutureQueueImpl:participant=participant1 - Consumer initialized
2026-08-06 23:20:56,965 [canton-env-ec-42] INFO  c.d.c.u.PekkoUtil$RecoveringFutureQueueImpl:participant=participant2 - Consumer initialized
2026-08-06 23:20:56,965 [canton-env-ec-38] INFO  c.d.c.p.i.IndexerState:participant=participant1 - Indexer initialized
2026-08-06 23:20:56,965 [canton-env-ec-41] INFO  c.d.c.p.l.a.LedgerApiIndexer$:participant=participant2 - Ledger API Indexer started, initializing recoverable indexing.
2026-08-06 23:20:56,965 [canton-env-ec-38] INFO  c.d.c.p.l.a.LedgerApiIndexer$:participant=participant1 - Ledger API Indexer started, initializing recoverable indexing.
2026-08-06 23:20:56,966 [canton-env-ec-36] INFO  c.d.c.p.LifeCycleContainer:participant=participant1 - Next indexer initialized (com.digitalasset.canton.participant.ledger.api.LedgerApiIndexer@47e8986)
2026-08-06 23:20:56,966 [canton-env-ec-41] INFO  c.d.c.p.LifeCycleContainer:participant=participant2 - Next indexer initialized (com.digitalasset.canton.participant.ledger.api.LedgerApiIndexer@163c1b40)
2026-08-06 23:20:56,985 [canton-env-ec-41] INFO  c.d.c.p.p.PruningProcessor:participant=participant2 - Pruning status: ParticipantPruningStatus()
2026-08-06 23:20:56,985 [canton-env-ec-36] INFO  c.d.c.p.p.PruningProcessor:participant=participant1 - Pruning status: ParticipantPruningStatus()
2026-08-06 23:20:56,998 [canton-env-ec-41] INFO  c.d.c.p.r.ParticipantReplicaManager:participant=participant1 - Setting initial replica state to Active
2026-08-06 23:20:56,998 [canton-env-ec-43] INFO  c.d.c.p.r.ParticipantReplicaManager:participant=participant2 - Setting initial replica state to Active
2026-08-06 23:20:57,042 [canton-env-ec-41] INFO  c.d.c.p.s.CantonSyncService:participant=participant1 - Found unfinished LSUs: List()
2026-08-06 23:20:57,042 [canton-env-ec-43] INFO  c.d.c.p.s.CantonSyncService:participant=participant2 - Found unfinished LSUs: List()
2026-08-06 23:20:57,047 [canton-env-ec-38] INFO  c.d.c.p.LifeCycleContainer:participant=participant2 - Initializing next ledger-api-server
2026-08-06 23:20:57,047 [canton-env-ec-37] INFO  c.d.c.p.LifeCycleContainer:participant=participant1 - Initializing next ledger-api-server
2026-08-06 23:20:57,052 [canton-env-ec-38] INFO  c.d.c.p.l.a.LedgerApiServer:participant=participant2 - Starting ledger API server.
2026-08-06 23:20:57,052 [canton-env-ec-37] INFO  c.d.c.p.l.a.LedgerApiServer:participant=participant1 - Starting ledger API server.
2026-08-06 23:20:57,110 [canton-env-ec-36] INFO  c.d.c.p.i.IndexServiceOwner:participant=participant1 - Found existing participant with ID: participant1::1220b8ba0fff2f146af5448f02bf6d45ed57d32c18c5e0831bc31bb42d883c738523`
2026-08-06 23:20:57,110 [canton-env-ec-42] INFO  c.d.c.p.i.IndexServiceOwner:participant=participant2 - Found existing participant with ID: participant2::1220334b3a59b962c4609f1a8497da8da7c8ba335ce6cf5fb31843846cfc3824dc8d`
2026-08-06 23:20:57,110 [canton-env-ec-42] INFO  c.d.c.p.i.IndexServiceOwner:participant=participant2 - Participant in-memory state initialized.
2026-08-06 23:20:57,110 [canton-env-ec-36] INFO  c.d.c.p.i.IndexServiceOwner:participant=participant1 - Participant in-memory state initialized.
2026-08-06 23:20:57,130 [canton-env-ec-42] INFO  c.d.c.p.a.r.MemoryCheck$:participant=participant1 - Using 'tenured' memory pool G1 Old Gen.  Setting its collection pool threshold to 6442450944
2026-08-06 23:20:57,130 [canton-env-ec-38] INFO  c.d.c.p.a.r.MemoryCheck$:participant=participant2 - Using 'tenured' memory pool G1 Old Gen.  Setting its collection pool threshold to 6442450944
2026-08-06 23:20:57,214 [canton-env-ec-38] INFO  c.d.c.p.a.ApiServiceOwner$:participant=participant2 - Daml-LF Engine supports LF versions: 2.1, 2.2, 2.3
2026-08-06 23:20:57,214 [canton-env-ec-34] INFO  c.d.c.p.a.ApiServiceOwner$:participant=participant1 - Daml-LF Engine supports LF versions: 2.1, 2.2, 2.3
2026-08-06 23:20:57,314 [canton-env-ec-42] INFO  c.d.c.p.a.LedgerApiService$:participant=participant2 - Listening on 127.0.0.1:5021 over plain text with LedgerApiKeepAliveServerConfig(10m,20s,10s,false).
2026-08-06 23:20:57,314 [canton-env-ec-35] INFO  c.d.c.p.a.LedgerApiService$:participant=participant1 - Listening on 127.0.0.1:5011 over plain text with LedgerApiKeepAliveServerConfig(10m,20s,10s,false).
2026-08-06 23:20:57,315 [canton-env-ec-41] INFO  c.d.c.p.a.ApiServiceOwner$:participant=participant2 - Initialized API server listening to port = 5021 without tls.
2026-08-06 23:20:57,315 [canton-env-ec-37] INFO  c.d.c.p.a.ApiServiceOwner$:participant=participant1 - Initialized API server listening to port = 5011 without tls.
2026-08-06 23:20:57,354 [http-json-ledger-api-pekko.actor.default-dispatcher-6] INFO  o.a.pekko.event.slf4j.Slf4jLogger - Slf4jLogger started
2026-08-06 23:20:57,354 [http-json-ledger-api-pekko.actor.default-dispatcher-6] INFO  o.a.pekko.event.slf4j.Slf4jLogger - Slf4jLogger started
2026-08-06 23:20:57,363 [canton-env-ec-38] INFO  c.d.c.h.HttpService:participant=participant2 - Starting JSON API server, context: {instance_uuid -> 'e33f37b8-ed17-4b87-9475-6585d1e8b9dc'}
2026-08-06 23:20:57,363 [canton-env-ec-37] INFO  c.d.c.h.HttpService:participant=participant1 - Starting JSON API server, context: {instance_uuid -> '6ad098d1-50f7-407d-b605-4cf49eefcec1'}
2026-08-06 23:20:58,959 [canton-env-ec-41] INFO  c.d.c.h.HttpApiServer$:participant=participant2 - HTTP JSON API Server started with (address=127.0.0.1, port=5023, portFile=None, pathPrefix=None, wsConfig=None)
2026-08-06 23:20:58,959 [canton-env-ec-43] INFO  c.d.c.h.HttpApiServer$:participant=participant1 - HTTP JSON API Server started with (address=127.0.0.1, port=5013, portFile=None, pathPrefix=None, wsConfig=None)
2026-08-06 23:20:58,960 [canton-env-ec-43] INFO  c.d.c.p.LifeCycleContainer:participant=participant2 - Next ledger-api-server initialized (com.digitalasset.canton.participant.ledger.api.LedgerApiServer@c4cfe36)
2026-08-06 23:20:58,960 [canton-env-ec-38] INFO  c.d.c.p.LifeCycleContainer:participant=participant1 - Next ledger-api-server initialized (com.digitalasset.canton.participant.ledger.api.LedgerApiServer@24e33222)
2026-08-06 23:21:00,383 [grpc-default-executor-1] INFO  i.g.n.s.io.grpc.netty.TcpMetrics - Epoll available during static init of TcpMetrics:false
2026-08-06 23:21:00,445 [canton-env-ec-35] INFO  c.d.c.p.a.s.ApiPackageService:participant=participant2 tid:cf90ce7bd98cb64277cc5c07fd58e684 - Received request for a package status: GetPackageStatusRequest(f181cd661f7af3a60bdaae4b0285a2a67beb55d6910fc8431dbae21a5825ec0f)
2026-08-06 23:21:00,445 [canton-env-ec-41] INFO  c.d.c.p.a.s.ApiPackageService:participant=participant1 tid:a79842452558d33ddc6b21428578ebd1 - Received request for a package status: GetPackageStatusRequest(f181cd661f7af3a60bdaae4b0285a2a67beb55d6910fc8431dbae21a5825ec0f)
2026-08-06 23:21:00,445 [canton-env-ec-42] INFO  c.d.c.p.a.s.ApiPackageService:participant=participant1 tid:a79842452558d33ddc6b21428578ebd1 - Received request for a package status: GetPackageStatusRequest(590736e6f7bc01492007ecb27f3fe75995c19fbd3d41b384aada69619fd4f76c)
2026-08-06 23:21:00,445 [canton-env-ec-34] INFO  c.d.c.p.a.s.ApiPackageService:participant=participant2 tid:cf90ce7bd98cb64277cc5c07fd58e684 - Received request for a package status: GetPackageStatusRequest(99ea07e101ed25cdb8584e072278d8df62e10d72c172bfe1621ba0a51cee61ce)
2026-08-06 23:21:00,445 [canton-env-ec-36] INFO  c.d.c.p.a.s.ApiPackageService:participant=participant2 tid:cf90ce7bd98cb64277cc5c07fd58e684 - Received request for a package status: GetPackageStatusRequest(590736e6f7bc01492007ecb27f3fe75995c19fbd3d41b384aada69619fd4f76c)
2026-08-06 23:21:00,445 [canton-env-ec-37] INFO  c.d.c.p.a.s.ApiPackageService:participant=participant2 tid:cf90ce7bd98cb64277cc5c07fd58e684 - Received request for a package status: GetPackageStatusRequest(bde4bd30749e99603e5afa354706608601029e225d4983324d617825b634253a)
2026-08-06 23:21:00,447 [canton-env-ec-41] INFO  c.d.c.p.a.s.ApiPackageService:participant=participant1 tid:a79842452558d33ddc6b21428578ebd1 - Received request for a package status: GetPackageStatusRequest(b70db8369e1c461d5c70f1c86f526a29e9776c655e6ffc2560f95b05ccb8b946)
2026-08-06 23:21:00,448 [canton-env-ec-37] INFO  c.d.c.p.a.s.ApiPackageService:participant=participant2 tid:cf90ce7bd98cb64277cc5c07fd58e684 - Received request for a package status: GetPackageStatusRequest(e5411f3d75f072b944bd88e652112a14a3d409c491fd9a51f5f6eede6d3a3348)
2026-08-06 23:21:00,448 [canton-env-ec-34] INFO  c.d.c.p.a.s.ApiPackageService:participant=participant2 tid:cf90ce7bd98cb64277cc5c07fd58e684 - Received request for a package status: GetPackageStatusRequest(c280cc3ef501d237efa7b1120ca3ad2d196e089ad596b666bed59a85f3c9a074)
2026-08-06 23:21:00,448 [canton-env-ec-35] INFO  c.d.c.p.a.s.ApiPackageService:participant=participant2 tid:cf90ce7bd98cb64277cc5c07fd58e684 - Received request for a package status: GetPackageStatusRequest(0e4a572ab1fb94744abb02243a6bbed6c78fc6e3c8d3f60c655f057692a62816)
2026-08-06 23:21:00,447 [canton-env-ec-42] INFO  c.d.c.p.a.s.ApiPackageService:participant=participant1 tid:a79842452558d33ddc6b21428578ebd1 - Received request for a package status: GetPackageStatusRequest(bde4bd30749e99603e5afa354706608601029e225d4983324d617825b634253a)
2026-08-06 23:21:00,448 [canton-env-ec-42] INFO  c.d.c.p.a.s.ApiPackageService:participant=participant1 tid:a79842452558d33ddc6b21428578ebd1 - Received request for a package status: GetPackageStatusRequest(5aee9b21b8e9a4c4975b5f4c4198e6e6e8469df49e2010820e792f393db870f4)
2026-08-06 23:21:00,448 [canton-env-ec-35] INFO  c.d.c.p.a.s.ApiPackageService:participant=participant2 tid:cf90ce7bd98cb64277cc5c07fd58e684 - Received request for a package status: GetPackageStatusRequest(e7e0adfa881e7dbbb07da065ae54444da7c4bccebcb8872ab0cb5dcf9f3761ce)
2026-08-06 23:21:00,448 [canton-env-ec-41] INFO  c.d.c.p.a.s.ApiPackageService:participant=participant1 tid:a79842452558d33ddc6b21428578ebd1 - Received request for a package status: GetPackageStatusRequest(52854220dc199884704958df38befd5492d78384a032fd7558c38f00e3d778a2)
2026-08-06 23:21:00,449 [canton-env-ec-42] INFO  c.d.c.p.a.s.ApiPackageService:participant=participant1 tid:a79842452558d33ddc6b21428578ebd1 - Received request for a package status: GetPackageStatusRequest(0e4a572ab1fb94744abb02243a6bbed6c78fc6e3c8d3f60c655f057692a62816)
2026-08-06 23:21:00,448 [canton-env-ec-34] INFO  c.d.c.p.a.s.ApiPackageService:participant=participant2 tid:cf90ce7bd98cb64277cc5c07fd58e684 - Received request for a package status: GetPackageStatusRequest(b70db8369e1c461d5c70f1c86f526a29e9776c655e6ffc2560f95b05ccb8b946)
2026-08-06 23:21:00,449 [canton-env-ec-42] INFO  c.d.c.p.a.s.ApiPackageService:participant=participant1 tid:a79842452558d33ddc6b21428578ebd1 - Received request for a package status: GetPackageStatusRequest(c280cc3ef501d237efa7b1120ca3ad2d196e089ad596b666bed59a85f3c9a074)
2026-08-06 23:21:00,449 [canton-env-ec-34] INFO  c.d.c.p.a.s.ApiPackageService:participant=participant2 tid:cf90ce7bd98cb64277cc5c07fd58e684 - Received request for a package status: GetPackageStatusRequest(d095a2ccf6dd36b2415adc4fa676f9191ba63cd39828dc5207b36892ec350cbc)
2026-08-06 23:21:00,450 [canton-env-ec-42] INFO  c.d.c.p.a.s.ApiPackageService:participant=participant1 tid:a79842452558d33ddc6b21428578ebd1 - Received request for a package status: GetPackageStatusRequest(e5411f3d75f072b944bd88e652112a14a3d409c491fd9a51f5f6eede6d3a3348)
2026-08-06 23:21:00,448 [canton-env-ec-37] INFO  c.d.c.p.a.s.ApiPackageService:participant=participant2 tid:cf90ce7bd98cb64277cc5c07fd58e684 - Received request for a package status: GetPackageStatusRequest(52854220dc199884704958df38befd5492d78384a032fd7558c38f00e3d778a2)
2026-08-06 23:21:00,450 [canton-env-ec-42] INFO  c.d.c.p.a.s.ApiPackageService:participant=participant1 tid:a79842452558d33ddc6b21428578ebd1 - Received request for a package status: GetPackageStatusRequest(9e70a8b3510d617f8a136213f33d6a903a10ca0eeec76bb06ba55d1ed9680f69)
2026-08-06 23:21:00,450 [canton-env-ec-34] INFO  c.d.c.p.a.s.ApiPackageService:participant=participant2 tid:cf90ce7bd98cb64277cc5c07fd58e684 - Received request for a package status: GetPackageStatusRequest(cae345b5500ef6f84645c816f88b9f7a85a9f3c71697984abdf6849f81e80324)
2026-08-06 23:21:00,451 [canton-env-ec-34] INFO  c.d.c.p.a.s.ApiPackageService:participant=participant2 tid:cf90ce7bd98cb64277cc5c07fd58e684 - Received request for a package status: GetPackageStatusRequest(86d888f34152dae8729900966b44abcb466b9c111699678de58032de601d2b04)
2026-08-06 23:21:00,451 [canton-env-ec-37] INFO  c.d.c.p.a.s.ApiPackageService:participant=participant2 tid:cf90ce7bd98cb64277cc5c07fd58e684 - Received request for a package status: GetPackageStatusRequest(6da1f43a10a179524e840e7288b47bda213339b0552d92e87ae811e52f59fc0e)
2026-08-06 23:21:00,451 [canton-env-ec-34] INFO  c.d.c.p.a.s.ApiPackageService:participant=participant2 tid:cf90ce7bd98cb64277cc5c07fd58e684 - Received request for a package status: GetPackageStatusRequest(ee33fb70918e7aaa3d3fc44d64a399fb2bf5bcefc54201b1690ecd448551ba88)
2026-08-06 23:21:00,451 [canton-env-ec-37] INFO  c.d.c.p.a.s.ApiPackageService:participant=participant2 tid:cf90ce7bd98cb64277cc5c07fd58e684 - Received request for a package status: GetPackageStatusRequest(c3bb0c5d04799b3f11bad7c3c102963e115cf53da3e4afcbcfd9f06ebd82b4ff)
2026-08-06 23:21:00,451 [canton-env-ec-34] INFO  c.d.c.p.a.s.ApiPackageService:participant=participant2 tid:cf90ce7bd98cb64277cc5c07fd58e684 - Received request for a package status: GetPackageStatusRequest(6f8e6085f5769861ae7a40dccd618d6f747297d59b37cab89b93e2fa80b0c024)
2026-08-06 23:21:00,452 [canton-env-ec-42] INFO  c.d.c.p.a.s.ApiPackageService:participant=participant1 tid:a79842452558d33ddc6b21428578ebd1 - Received request for a package status: GetPackageStatusRequest(91e167fa7a256f21f990c526a0a0df840e99aeef0e67dc1f5415b0309486de74)
2026-08-06 23:21:00,448 [canton-env-ec-36] INFO  c.d.c.p.a.s.ApiPackageService:participant=participant2 tid:cf90ce7bd98cb64277cc5c07fd58e684 - Received request for a package status: GetPackageStatusRequest(5aee9b21b8e9a4c4975b5f4c4198e6e6e8469df49e2010820e792f393db870f4)
2026-08-06 23:21:00,452 [canton-env-ec-36] INFO  c.d.c.p.a.s.ApiPackageService:participant=participant2 tid:cf90ce7bd98cb64277cc5c07fd58e684 - Received request for a package status: GetPackageStatusRequest(19f0df5fdaf5a96e137b6ea885fdb378f37bd3166bd9a47ee11518e33fa09a20)
2026-08-06 23:21:00,453 [canton-env-ec-42] INFO  c.d.c.p.a.s.ApiPackageService:participant=participant1 tid:a79842452558d33ddc6b21428578ebd1 - Received request for a package status: GetPackageStatusRequest(d095a2ccf6dd36b2415adc4fa676f9191ba63cd39828dc5207b36892ec350cbc)
2026-08-06 23:21:00,453 [canton-env-ec-36] INFO  c.d.c.p.a.s.ApiPackageService:participant=participant2 tid:cf90ce7bd98cb64277cc5c07fd58e684 - Received request for a package status: GetPackageStatusRequest(fcee8dfc1b81c449b421410edd5041c16ab59c45bbea85bcb094d1b17c3e9df7)
2026-08-06 23:21:00,453 [canton-env-ec-42] INFO  c.d.c.p.a.s.ApiPackageService:participant=participant1 tid:a79842452558d33ddc6b21428578ebd1 - Received request for a package status: GetPackageStatusRequest(e7e0adfa881e7dbbb07da065ae54444da7c4bccebcb8872ab0cb5dcf9f3761ce)
2026-08-06 23:21:00,453 [canton-env-ec-36] INFO  c.d.c.p.a.s.ApiPackageService:participant=participant2 tid:cf90ce7bd98cb64277cc5c07fd58e684 - Received request for a package status: GetPackageStatusRequest(fa79192fe1cce03d7d8db36471dde4cf6c96e6d0f07e1c391dd49e355af9b38c)
2026-08-06 23:21:00,453 [canton-env-ec-42] INFO  c.d.c.p.a.s.ApiPackageService:participant=participant1 tid:a79842452558d33ddc6b21428578ebd1 - Received request for a package status: GetPackageStatusRequest(cae345b5500ef6f84645c816f88b9f7a85a9f3c71697984abdf6849f81e80324)
2026-08-06 23:21:00,453 [canton-env-ec-36] INFO  c.d.c.p.a.s.ApiPackageService:participant=participant2 tid:cf90ce7bd98cb64277cc5c07fd58e684 - Received request for a package status: GetPackageStatusRequest(7adc4c2d07fa3a51173c843cba36e610c1168b2dbbf53076e20c0092eae8763d)
2026-08-06 23:21:00,457 [canton-env-ec-36] INFO  c.d.c.p.a.s.ApiPackageService:participant=participant2 tid:cf90ce7bd98cb64277cc5c07fd58e684 - Received request for a package status: GetPackageStatusRequest(de2cc2f90eb523414ff54e899951dadd8789a4c07e0f71f6d6c9eaf57d412a54)
2026-08-06 23:21:00,457 [canton-env-ec-36] INFO  c.d.c.p.a.s.ApiPackageService:participant=participant2 tid:cf90ce7bd98cb64277cc5c07fd58e684 - Received request for a package status: GetPackageStatusRequest(bfda48f9aa2c89c895cde538ec4b4946c7085959e031ad61bde616b9849155d7)
2026-08-06 23:21:00,458 [canton-env-ec-36] INFO  c.d.c.p.a.s.ApiPackageService:participant=participant2 tid:cf90ce7bd98cb64277cc5c07fd58e684 - Received request for a package status: GetPackageStatusRequest(3cde94fe9be5c700fc1d9a8ad2277e2c1214609f8c52a5b4db77e466875b8cb7)
2026-08-06 23:21:00,458 [canton-env-ec-36] INFO  c.d.c.p.a.s.ApiPackageService:participant=participant2 tid:cf90ce7bd98cb64277cc5c07fd58e684 - Received request for a package status: GetPackageStatusRequest(60c61c542207080e97e378ab447cc355ecc47534b3a3ebbff307c4fb8339bc4d)
2026-08-06 23:21:00,458 [canton-env-ec-36] INFO  c.d.c.p.a.s.ApiPackageService:participant=participant2 tid:cf90ce7bd98cb64277cc5c07fd58e684 - Received request for a package status: GetPackageStatusRequest(9e70a8b3510d617f8a136213f33d6a903a10ca0eeec76bb06ba55d1ed9680f69)
2026-08-06 23:21:00,451 [canton-env-ec-37] INFO  c.d.c.p.a.s.ApiPackageService:participant=participant2 tid:cf90ce7bd98cb64277cc5c07fd58e684 - Received request for a package status: GetPackageStatusRequest(a1fa18133ae48cbb616c4c148e78e661666778c3087d099067c7fe1868cbb3a1)
2026-08-06 23:21:00,459 [canton-env-ec-37] INFO  c.d.c.p.a.s.ApiPackageService:participant=participant1 tid:a79842452558d33ddc6b21428578ebd1 - Received request for a package status: GetPackageStatusRequest(6da1f43a10a179524e840e7288b47bda213339b0552d92e87ae811e52f59fc0e)
2026-08-06 23:21:00,459 [canton-env-ec-36] INFO  c.d.c.p.a.s.ApiPackageService:participant=participant1 tid:a79842452558d33ddc6b21428578ebd1 - Received request for a package status: GetPackageStatusRequest(c3bb0c5d04799b3f11bad7c3c102963e115cf53da3e4afcbcfd9f06ebd82b4ff)
2026-08-06 23:21:00,459 [canton-env-ec-37] INFO  c.d.c.p.a.s.ApiPackageService:participant=participant1 tid:a79842452558d33ddc6b21428578ebd1 - Received request for a package status: GetPackageStatusRequest(ee33fb70918e7aaa3d3fc44d64a399fb2bf5bcefc54201b1690ecd448551ba88)
2026-08-06 23:21:00,459 [canton-env-ec-36] INFO  c.d.c.p.a.s.ApiPackageService:participant=participant1 tid:a79842452558d33ddc6b21428578ebd1 - Received request for a package status: GetPackageStatusRequest(a1fa18133ae48cbb616c4c148e78e661666778c3087d099067c7fe1868cbb3a1)
2026-08-06 23:21:00,459 [canton-env-ec-37] INFO  c.d.c.p.a.s.ApiPackageService:participant=participant1 tid:a79842452558d33ddc6b21428578ebd1 - Received request for a package status: GetPackageStatusRequest(6f8e6085f5769861ae7a40dccd618d6f747297d59b37cab89b93e2fa80b0c024)
2026-08-06 23:21:00,449 [canton-env-ec-41] INFO  c.d.c.p.a.s.ApiPackageService:participant=participant1 tid:a79842452558d33ddc6b21428578ebd1 - Received request for a package status: GetPackageStatusRequest(99ea07e101ed25cdb8584e072278d8df62e10d72c172bfe1621ba0a51cee61ce)
2026-08-06 23:21:00,460 [canton-env-ec-41] INFO  c.d.c.p.a.s.ApiPackageService:participant=participant1 tid:a79842452558d33ddc6b21428578ebd1 - Received request for a package status: GetPackageStatusRequest(7adc4c2d07fa3a51173c843cba36e610c1168b2dbbf53076e20c0092eae8763d)
2026-08-06 23:21:00,460 [canton-env-ec-41] INFO  c.d.c.p.a.s.ApiPackageService:participant=participant1 tid:a79842452558d33ddc6b21428578ebd1 - Received request for a package status: GetPackageStatusRequest(19f0df5fdaf5a96e137b6ea885fdb378f37bd3166bd9a47ee11518e33fa09a20)
2026-08-06 23:21:00,460 [canton-env-ec-41] INFO  c.d.c.p.a.s.ApiPackageService:participant=participant1 tid:a79842452558d33ddc6b21428578ebd1 - Received request for a package status: GetPackageStatusRequest(fcee8dfc1b81c449b421410edd5041c16ab59c45bbea85bcb094d1b17c3e9df7)
2026-08-06 23:21:00,460 [canton-env-ec-41] INFO  c.d.c.p.a.s.ApiPackageService:participant=participant1 tid:a79842452558d33ddc6b21428578ebd1 - Received request for a package status: GetPackageStatusRequest(de2cc2f90eb523414ff54e899951dadd8789a4c07e0f71f6d6c9eaf57d412a54)
2026-08-06 23:21:00,449 [canton-env-ec-35] INFO  c.d.c.p.a.s.ApiPackageService:participant=participant2 tid:cf90ce7bd98cb64277cc5c07fd58e684 - Received request for a package status: GetPackageStatusRequest(91e167fa7a256f21f990c526a0a0df840e99aeef0e67dc1f5415b0309486de74)
2026-08-06 23:21:00,460 [canton-env-ec-41] INFO  c.d.c.p.a.s.ApiPackageService:participant=participant1 tid:a79842452558d33ddc6b21428578ebd1 - Received request for a package status: GetPackageStatusRequest(60c61c542207080e97e378ab447cc355ecc47534b3a3ebbff307c4fb8339bc4d)
2026-08-06 23:21:00,461 [canton-env-ec-35] INFO  c.d.c.p.a.s.ApiPackageService:participant=participant1 tid:a79842452558d33ddc6b21428578ebd1 - Received request for a package status: GetPackageStatusRequest(3cde94fe9be5c700fc1d9a8ad2277e2c1214609f8c52a5b4db77e466875b8cb7)
2026-08-06 23:21:00,461 [canton-env-ec-41] INFO  c.d.c.p.a.s.ApiPackageService:participant=participant1 tid:a79842452558d33ddc6b21428578ebd1 - Received request for a package status: GetPackageStatusRequest(bfda48f9aa2c89c895cde538ec4b4946c7085959e031ad61bde616b9849155d7)
2026-08-06 23:21:00,460 [canton-env-ec-36] INFO  c.d.c.p.a.s.ApiPackageService:participant=participant1 tid:a79842452558d33ddc6b21428578ebd1 - Received request for a package status: GetPackageStatusRequest(ab068e2f920d0e06347975c2a342b71f8b8e3b4be0f02ead9442caac51aa8877)
2026-08-06 23:21:00,460 [canton-env-ec-37] INFO  c.d.c.p.a.s.ApiPackageService:participant=participant1 tid:a79842452558d33ddc6b21428578ebd1 - Received request for a package status: GetPackageStatusRequest(fa79192fe1cce03d7d8db36471dde4cf6c96e6d0f07e1c391dd49e355af9b38c)
2026-08-06 23:21:00,455 [canton-env-ec-34] INFO  c.d.c.p.a.s.ApiPackageService:participant=participant2 tid:cf90ce7bd98cb64277cc5c07fd58e684 - Received request for a package status: GetPackageStatusRequest(ab068e2f920d0e06347975c2a342b71f8b8e3b4be0f02ead9442caac51aa8877)
2026-08-06 23:21:00,453 [canton-env-ec-42] INFO  c.d.c.p.a.s.ApiPackageService:participant=participant1 tid:a79842452558d33ddc6b21428578ebd1 - Received request for a package status: GetPackageStatusRequest(86d888f34152dae8729900966b44abcb466b9c111699678de58032de601d2b04)
2026-08-06 23:21:01,633 [canton-env-ec-38] INFO  c.d.c.p.a.AdminWorkflowServices:participant=participant1 tid:90f1e4af6e9359cebae88a6f457b341a - Creating admin workflow service admin-ping
2026-08-06 23:21:01,633 [canton-env-ec-43] INFO  c.d.c.p.a.AdminWorkflowServices:participant=participant2 tid:0d071cc49648232c6193d569b516d18f - Creating admin workflow service admin-ping
2026-08-06 23:21:01,705 [canton-env-ec-41] INFO  c.d.c.p.a.s.ApiStateService:participant=participant1 tid:90f1e4af6e9359cebae88a6f457b341a - Received request for active contracts: GetActiveContractsRequest(0,Some(EventFormat(Map(participant1::1220b8ba0fff2f146af5448f02bf6d45ed57d32c18c5e0831bc31bb42d883c738523 -> Filters(Vector(CumulativeFilter(TemplateFilter(TemplateFilter(Some(Identifier(#canton-builtin-admin-workflow-ping,Canton.Internal.Ping,Ping)),false))), CumulativeFilter(TemplateFilter(TemplateFilter(Some(Identifier(#canton-builtin-admin-workflow-ping,Canton.Internal.Bong,BongProposal)),false))), CumulativeFilter(TemplateFilter(TemplateFilter(Some(Identifier(#canton-builtin-admin-workflow-ping,Canton.Internal.Bong,Explode)),false))), CumulativeFilter(TemplateFilter(TemplateFilter(Some(Identifier(#canton-builtin-admin-workflow-ping,Canton.Internal.Bong,Collapse)),false))), CumulativeFilter(TemplateFilter(TemplateFilter(Some(Identifier(#canton-builtin-admin-workflow-ping,Canton.Internal.Bong,Merge)),false))), CumulativeFilter(TemplateFilter(TemplateFilter(Some(Identifier(#canton-builtin-admin-workflow-ping,Canton.Internal.Bong,Bong)),false)))))),None,false)),None), filters -> {participant1::1220b8ba0fff2f146af5448f02bf6d45ed57d32c18c5e0831bc31bb42d883c738523: {templates: ['#canton-builtin-admin-workflow-ping:Canton.Internal.Bong:Collapse', '#canton-builtin-admin-workflow-ping:Canton.Internal.Bong:Merge', '#canton-builtin-admin-workflow-ping:Canton.Internal.Bong:BongProposal', '#canton-builtin-admin-workflow-ping:Canton.Internal.Bong:Explode', '#canton-builtin-admin-workflow-ping:Canton.Internal.Bong:Bong', '#canton-builtin-admin-workflow-ping:Canton.Internal.Ping:Ping'], interfaces: []}}.
2026-08-06 23:21:01,705 [canton-env-ec-42] INFO  c.d.c.p.a.s.ApiStateService:participant=participant2 tid:0d071cc49648232c6193d569b516d18f - Received request for active contracts: GetActiveContractsRequest(0,Some(EventFormat(Map(participant2::1220334b3a59b962c4609f1a8497da8da7c8ba335ce6cf5fb31843846cfc3824dc8d -> Filters(Vector(CumulativeFilter(TemplateFilter(TemplateFilter(Some(Identifier(#canton-builtin-admin-workflow-ping,Canton.Internal.Ping,Ping)),false))), CumulativeFilter(TemplateFilter(TemplateFilter(Some(Identifier(#canton-builtin-admin-workflow-ping,Canton.Internal.Bong,BongProposal)),false))), CumulativeFilter(TemplateFilter(TemplateFilter(Some(Identifier(#canton-builtin-admin-workflow-ping,Canton.Internal.Bong,Explode)),false))), CumulativeFilter(TemplateFilter(TemplateFilter(Some(Identifier(#canton-builtin-admin-workflow-ping,Canton.Internal.Bong,Collapse)),false))), CumulativeFilter(TemplateFilter(TemplateFilter(Some(Identifier(#canton-builtin-admin-workflow-ping,Canton.Internal.Bong,Merge)),false))), CumulativeFilter(TemplateFilter(TemplateFilter(Some(Identifier(#canton-builtin-admin-workflow-ping,Canton.Internal.Bong,Bong)),false)))))),None,false)),None), filters -> {participant2::1220334b3a59b962c4609f1a8497da8da7c8ba335ce6cf5fb31843846cfc3824dc8d: {templates: ['#canton-builtin-admin-workflow-ping:Canton.Internal.Bong:Collapse', '#canton-builtin-admin-workflow-ping:Canton.Internal.Bong:Merge', '#canton-builtin-admin-workflow-ping:Canton.Internal.Bong:BongProposal', '#canton-builtin-admin-workflow-ping:Canton.Internal.Bong:Explode', '#canton-builtin-admin-workflow-ping:Canton.Internal.Bong:Bong', '#canton-builtin-admin-workflow-ping:Canton.Internal.Ping:Ping'], interfaces: []}}.
2026-08-06 23:21:01,744 [canton-env-ec-36] INFO  c.d.c.p.a.s.ApiUpdateService:participant=participant1 tid:90f1e4af6e9359cebae88a6f457b341a - Received request for updates, startExclusive -> 0, updateFormat -> {transaction format: [{filters: {participant1::1220b8ba0fff2f146af5448f02bf6d45ed57d32c18c5e0831bc31bb42d883c738523: {templates: ['#canton-builtin-admin-workflow-ping:Canton.Internal.Bong:Collapse', '#canton-builtin-admin-workflow-ping:Canton.Internal.Bong:Merge', '#canton-builtin-admin-workflow-ping:Canton.Internal.Bong:BongProposal', '#canton-builtin-admin-workflow-ping:Canton.Internal.Bong:Explode', '#canton-builtin-admin-workflow-ping:Canton.Internal.Bong:Bong', '#canton-builtin-admin-workflow-ping:Canton.Internal.Ping:Ping'], interfaces: []}}, transactionShape: 'AcsDelta'}], reassignment filters: [{participant1::1220b8ba0fff2f146af5448f02bf6d45ed57d32c18c5e0831bc31bb42d883c738523: {templates: ['#canton-builtin-admin-workflow-ping:Canton.Internal.Bong:Collapse', '#canton-builtin-admin-workflow-ping:Canton.Internal.Bong:Merge', '#canton-builtin-admin-workflow-ping:Canton.Internal.Bong:BongProposal', '#canton-builtin-admin-workflow-ping:Canton.Internal.Bong:Explode', '#canton-builtin-admin-workflow-ping:Canton.Internal.Bong:Bong', '#canton-builtin-admin-workflow-ping:Canton.Internal.Ping:Ping'], interfaces: []}}], topology format: []}, endInclusive -> , descendingOrder -> false.
2026-08-06 23:21:01,744 [canton-env-ec-37] INFO  c.d.c.p.a.s.ApiUpdateService:participant=participant2 tid:0d071cc49648232c6193d569b516d18f - Received request for updates, startExclusive -> 0, updateFormat -> {transaction format: [{filters: {participant2::1220334b3a59b962c4609f1a8497da8da7c8ba335ce6cf5fb31843846cfc3824dc8d: {templates: ['#canton-builtin-admin-workflow-ping:Canton.Internal.Bong:Collapse', '#canton-builtin-admin-workflow-ping:Canton.Internal.Bong:Merge', '#canton-builtin-admin-workflow-ping:Canton.Internal.Bong:BongProposal', '#canton-builtin-admin-workflow-ping:Canton.Internal.Bong:Explode', '#canton-builtin-admin-workflow-ping:Canton.Internal.Bong:Bong', '#canton-builtin-admin-workflow-ping:Canton.Internal.Ping:Ping'], interfaces: []}}, transactionShape: 'AcsDelta'}], reassignment filters: [{participant2::1220334b3a59b962c4609f1a8497da8da7c8ba335ce6cf5fb31843846cfc3824dc8d: {templates: ['#canton-builtin-admin-workflow-ping:Canton.Internal.Bong:Collapse', '#canton-builtin-admin-workflow-ping:Canton.Internal.Bong:Merge', '#canton-builtin-admin-workflow-ping:Canton.Internal.Bong:BongProposal', '#canton-builtin-admin-workflow-ping:Canton.Internal.Bong:Explode', '#canton-builtin-admin-workflow-ping:Canton.Internal.Bong:Bong', '#canton-builtin-admin-workflow-ping:Canton.Internal.Ping:Ping'], interfaces: []}}], topology format: []}, endInclusive -> , descendingOrder -> false.
2026-08-06 23:21:01,755 [canton-env-ec-35] INFO  c.d.c.p.s.SynchronizerConnectionsManager:participant=participant1 tid:2939d02b5d2995672c9c783d241faad3 - Reconnecting to synchronizers List(). Already connected: Set()
2026-08-06 23:21:01,755 [canton-env-ec-43] INFO  c.d.c.p.s.SynchronizerConnectionsManager:participant=participant2 tid:2939d02b5d2995672c9c783d241faad3 - Reconnecting to synchronizers List(). Already connected: Set()
2026-08-06 23:21:01,756 [canton-env-ec-34] INFO  c.d.c.p.s.SynchronizerConnectionsManager:participant=participant1 tid:2939d02b5d2995672c9c783d241faad3 - Successfully re-connected to synchronizers List()
2026-08-06 23:21:01,756 [canton-env-ec-42] INFO  c.d.c.p.s.SynchronizerConnectionsManager:participant=participant2 tid:2939d02b5d2995672c9c783d241faad3 - Successfully re-connected to synchronizers List()
2026-08-06 23:21:01,756 [main] INFO  c.d.c.environment.CantonEnvironment tid:2939d02b5d2995672c9c783d241faad3 - Successfully started all nodes
2026-08-06 23:21:01,771 [main] INFO  c.digitalasset.canton.ServerRunner - Running script Some(/Users/victorsima/Dev/projects/victory/canton-mobile-sdk/integration/.cache/canton-open-source-3.5.11/examples/01-simple-topology/simple-ping.canton) (SHA-256:d5bb479cc3f7...)
2026-08-06 23:21:07,626 [main] INFO  c.d.c.environment.SequencerNodes tid:1b65e53b47a9a265b46db0a64698285f - Starting node sequencer1
2026-08-06 23:21:07,627 [canton-env-ec-42] INFO  c.d.c.environment.MediatorNodes tid:1b65e53b47a9a265b46db0a64698285f - Starting node mediator1
2026-08-06 23:21:07,627 [canton-env-ec-35] INFO  c.d.c.environment.ParticipantNodes tid:1b65e53b47a9a265b46db0a64698285f - Starting node participant1
2026-08-06 23:21:07,627 [canton-env-ec-35] INFO  c.d.c.environment.ParticipantNodes tid:1b65e53b47a9a265b46db0a64698285f - Starting node participant2
2026-08-06 23:21:07,715 [canton-env-ec-37] INFO  c.d.c.t.TemporaryStoreRegistry:sequencer=sequencer1 tid:42edc492811e28f8e3589c8b47923808 - Creating temporary topology store local-setup
2026-08-06 23:21:07,790 [canton-env-ec-43] INFO  c.d.c.t.p.TopologyStateProcessorImpl:sequencer=sequencer1/store=local-setup tid:eea7751ee7ad87d578100ea3593a5bb4 - Storing topology transaction 1/1 TxHash(SHA-256:e3e9dfb40540...) with ts=EffectiveTime(2026-08-07T03:21:07.788946Z), signedBy=Set(12203194b0b9...)
2026-08-06 23:21:07,791 [canton-env-ec-43] INFO  c.d.c.t.p.TopologyStateProcessorImpl:sequencer=sequencer1/store=local-setup tid:eea7751ee7ad87d578100ea3593a5bb4 - Persisted topology transactions (SequencedTime(2026-08-07T03:21:07.788946Z), EffectiveTime(2026-08-07T03:21:07.788946Z)):
ValidatedTopologyTransaction(
  SignedTopologyTransaction(
    TopologyTransaction(
      NamespaceDelegation(
        namespace = 12203194b0b9...,
        target = SigningPublicKey(id = 12203194b0b9..., format = DER-encoded X.509 SubjectPublicKeyInfo, keySpec = EC-Curve25519, usage = namespace),
        restriction = none
      ),
      serial = 1,
      operation = Replace,
      hash = SHA-256:e3e9dfb40540...
    ),
    signatures = 12203194b0b9...
  )
)
2026-08-06 23:21:07,793 [canton-env-ec-35] INFO  c.d.c.t.p.TopologyStateProcessorImpl:sequencer=sequencer1/store=local-setup tid:eea7751ee7ad87d578100ea3593a5bb4 - Storing topology transaction 1/1 TxHash(SHA-256:7729f1b99a3b...) with ts=EffectiveTime(2026-08-07T03:21:07.791722Z), signedBy=Set(12203194b0b9..., 1220d4b835a4..., 122023f7cdab...)
2026-08-06 23:21:07,794 [canton-env-ec-35] INFO  c.d.c.t.p.TopologyStateProcessorImpl:sequencer=sequencer1/store=local-setup tid:eea7751ee7ad87d578100ea3593a5bb4 - Persisted topology transactions (SequencedTime(2026-08-07T03:21:07.791722Z), EffectiveTime(2026-08-07T03:21:07.791722Z)):
ValidatedTopologyTransaction(
  SignedTopologyTransaction(
    TopologyTransaction(
      OwnerToKeyMapping(member = SEQ::sequencer1::12203194b0b9..., signingKeys = Seq(122023f7cdab..., 1220d4b835a4...)),
      serial = 1,
      operation = Replace,
      hash = SHA-256:7729f1b99a3b...
    ),
    signatures = Seq(122023f7cdab..., 12203194b0b9..., 1220d4b835a4...)
  )
)
2026-08-06 23:21:07,795 [canton-env-ec-38] INFO  c.d.c.t.p.TopologyStateProcessorImpl:sequencer=sequencer1/store=local-setup tid:eea7751ee7ad87d578100ea3593a5bb4 - Storing topology transaction 1/1 TxHash(SHA-256:b99a34daef3f...) with ts=EffectiveTime(2026-08-07T03:21:07.794313Z), signedBy=Set(12209640bd54...)
2026-08-06 23:21:07,796 [canton-env-ec-43] INFO  c.d.c.t.p.TopologyStateProcessorImpl:sequencer=sequencer1/store=local-setup tid:eea7751ee7ad87d578100ea3593a5bb4 - Persisted topology transactions (SequencedTime(2026-08-07T03:21:07.794313Z), EffectiveTime(2026-08-07T03:21:07.794313Z)):
ValidatedTopologyTransaction(
  SignedTopologyTransaction(
    TopologyTransaction(
      NamespaceDelegation(
        namespace = 12209640bd54...,
        target = SigningPublicKey(id = 12209640bd54..., format = DER-encoded X.509 SubjectPublicKeyInfo, keySpec = EC-Curve25519, usage = namespace),
        restriction = none
      ),
      serial = 1,
      operation = Replace,
      hash = SHA-256:b99a34daef3f...
    ),
    signatures = 12209640bd54...
  )
)
2026-08-06 23:21:07,797 [canton-env-ec-43] INFO  c.d.c.t.p.TopologyStateProcessorImpl:sequencer=sequencer1/store=local-setup tid:eea7751ee7ad87d578100ea3593a5bb4 - Storing topology transaction 1/1 TxHash(SHA-256:ef04238678ba...) with ts=EffectiveTime(2026-08-07T03:21:07.796430Z), signedBy=Set(12209640bd54..., 12205453da86..., 12209615e187...)
2026-08-06 23:21:07,798 [canton-env-ec-43] INFO  c.d.c.t.p.TopologyStateProcessorImpl:sequencer=sequencer1/store=local-setup tid:eea7751ee7ad87d578100ea3593a5bb4 - Persisted topology transactions (SequencedTime(2026-08-07T03:21:07.796430Z), EffectiveTime(2026-08-07T03:21:07.796430Z)):
ValidatedTopologyTransaction(
  SignedTopologyTransaction(
    TopologyTransaction(
      OwnerToKeyMapping(member = MED::mediator1::12209640bd54..., signingKeys = Seq(12205453da86..., 12209615e187...)),
      serial = 1,
      operation = Replace,
      hash = SHA-256:ef04238678ba...
    ),
    signatures = Seq(12205453da86..., 12209615e187..., 12209640bd54...)
  )
)
2026-08-06 23:21:07,801 [canton-env-ec-43] INFO  c.d.c.t.p.TopologyStateProcessorImpl:sequencer=sequencer1/store=local-setup tid:eea7751ee7ad87d578100ea3593a5bb4 - Storing topology transaction 1/1 TxHash(SHA-256:e3e9dfb40540...) with ts=EffectiveTime(2026-08-07T03:21:07.798656Z), signedBy=Set(12203194b0b9...)
2026-08-06 23:21:07,802 [canton-env-ec-43] INFO  c.d.c.t.p.TopologyStateProcessorImpl:sequencer=sequencer1/store=local-setup tid:eea7751ee7ad87d578100ea3593a5bb4 - Persisted topology transactions (SequencedTime(2026-08-07T03:21:07.798656Z), EffectiveTime(2026-08-07T03:21:07.798656Z)):
ValidatedTopologyTransaction(
  SignedTopologyTransaction(
    TopologyTransaction(
      NamespaceDelegation(
        namespace = 12203194b0b9...,
        target = SigningPublicKey(id = 12203194b0b9..., format = DER-encoded X.509 SubjectPublicKeyInfo, keySpec = EC-Curve25519, usage = namespace),
        restriction = none
      ),
      serial = 1,
      operation = Replace,
      hash = SHA-256:e3e9dfb40540...
    ),
    signatures = 12203194b0b9...
  )
)
2026-08-06 23:21:07,803 [canton-env-ec-43] INFO  c.d.c.t.p.TopologyStateProcessorImpl:sequencer=sequencer1/store=local-setup tid:eea7751ee7ad87d578100ea3593a5bb4 - Storing topology transaction 1/1 TxHash(SHA-256:7729f1b99a3b...) with ts=EffectiveTime(2026-08-07T03:21:07.802177Z), signedBy=Set(12203194b0b9..., 1220d4b835a4..., 122023f7cdab...)
2026-08-06 23:21:07,804 [canton-env-ec-43] INFO  c.d.c.t.p.TopologyStateProcessorImpl:sequencer=sequencer1/store=local-setup tid:eea7751ee7ad87d578100ea3593a5bb4 - Persisted topology transactions (SequencedTime(2026-08-07T03:21:07.802177Z), EffectiveTime(2026-08-07T03:21:07.802177Z)):
ValidatedTopologyTransaction(
  SignedTopologyTransaction(
    TopologyTransaction(
      OwnerToKeyMapping(member = SEQ::sequencer1::12203194b0b9..., signingKeys = Seq(122023f7cdab..., 1220d4b835a4...)),
      serial = 1,
      operation = Replace,
      hash = SHA-256:7729f1b99a3b...
    ),
    signatures = Seq(122023f7cdab..., 12203194b0b9..., 1220d4b835a4...)
  )
)
2026-08-06 23:21:07,827 [canton-env-ec-34] INFO  c.d.c.t.TemporaryTopologyManager:sequencer=sequencer1/store=local-setup tid:cef500f3ca0fc8ac1442f838ead5a956 - Attempting to build, sign, and Replace DecentralizedNamespaceDefinition(namespace = 122089cb3fe0..., threshold = 1, owners = 12203194b0b9...) with serial None() 
2026-08-06 23:21:07,834 [canton-env-ec-36] INFO  c.d.c.t.p.TopologyStateProcessorImpl:sequencer=sequencer1/store=local-setup tid:cef500f3ca0fc8ac1442f838ead5a956 - Storing topology transaction 1/1 TxHash(SHA-256:d530fbfb4c11...) with ts=EffectiveTime(2026-08-07T03:21:07.832447Z), signedBy=Set(12203194b0b9...)
2026-08-06 23:21:07,835 [canton-env-ec-36] INFO  c.d.c.t.p.TopologyStateProcessorImpl:sequencer=sequencer1/store=local-setup tid:cef500f3ca0fc8ac1442f838ead5a956 - Persisted topology transactions (SequencedTime(2026-08-07T03:21:07.832447Z), EffectiveTime(2026-08-07T03:21:07.832447Z)):
ValidatedTopologyTransaction(
  SignedTopologyTransaction(
    TopologyTransaction(DecentralizedNamespaceDefinition(namespace = 122089cb3fe0..., threshold = 1, owners = 12203194b0b9...), serial = 1, operation = Replace, hash = SHA-256:d530fbfb4c11...),
    signatures = 12203194b0b9...
  )
)
2026-08-06 23:21:07,931 [canton-env-ec-38] INFO  c.d.c.t.TemporaryTopologyManager:sequencer=sequencer1/store=local-setup tid:a7d0994f173215ce60440c038dad5b30 - Attempting to build, sign, and Replace SynchronizerParametersState(
  synchronizerId = local::122089cb3fe0...,
  parameters = DynamicSynchronizerParameters(
    confirmation response timeout = 30s,
    mediator reaction timeout = 30s,
    assignment exclusivity timeout = 1m,
    ledger time record time tolerance = 1m,
    mediator deduplication timeout = 48h,
    reconciliation interval = 1m,
    confirmation requests max rate = 1000000,
    max request size = 10485760,
    sequencer aggregate submission timeout = 6m,
    ACS commitment catchup = AcsCommitmentsCatchUpParameters(catchUpIntervalSkip = 5, nrIntervalsToTriggerCatchUp = 2),
    participant synchronizer limits = ParticipantSynchronizerLimits(confirmation requests max rate = 1000000),
    preparation time record time tolerance = 24h,
    onboarding restriction = UnrestrictedOpen
  )
) with serial None() 
2026-08-06 23:21:07,938 [canton-env-ec-42] INFO  c.d.c.t.p.TopologyStateProcessorImpl:sequencer=sequencer1/store=local-setup tid:a7d0994f173215ce60440c038dad5b30 - Storing topology transaction 1/1 TxHash(SHA-256:fd74fd7698df...) with ts=EffectiveTime(2026-08-07T03:21:07.935365Z), signedBy=Set(12203194b0b9...)
2026-08-06 23:21:07,939 [canton-env-ec-42] INFO  c.d.c.t.p.TopologyStateProcessorImpl:sequencer=sequencer1/store=local-setup tid:a7d0994f173215ce60440c038dad5b30 - Persisted topology transactions (SequencedTime(2026-08-07T03:21:07.935365Z), EffectiveTime(2026-08-07T03:21:07.935365Z)):
ValidatedTopologyTransaction(
  SignedTopologyTransaction(
    TopologyTransaction(
      SynchronizerParametersState(
        synchronizerId = local::122089cb3fe0...,
        parameters = DynamicSynchronizerParameters(
          confirmation response timeout = 30s,
          mediator reaction timeout = 30s,
          assignment exclusivity timeout = 1m,
          ledger time record time tolerance = 1m,
          mediator deduplication timeout = 48h,
          reconciliation interval = 1m,
          confirmation requests max rate = 1000000,
          max request size = 10485760,
          sequencer aggregate submission timeout = 6m,
          ACS commitment catchup = AcsCommitmentsCatchUpParameters(catchUpIntervalSkip = 5, nrIntervalsToTriggerCatchUp = 2),
          participant synchronizer limits = ParticipantSynchronizerLimits(confirmation requests max rate = 1000000),
          preparation time record time tolerance = 24h,
          onboarding restriction = UnrestrictedOpen
        )
      ),
      serial = 1,
      operation = Replace,
      hash = SHA-256:fd74fd7698df...
    ),
    signatures = 12203194b0b9...
  )
)
2026-08-06 23:21:07,958 [canton-env-ec-36] INFO  c.d.c.t.TemporaryTopologyManager:sequencer=sequencer1/store=local-setup tid:9114248d6c1cffda039debe51823ac82 - Attempting to build, sign, and Replace MediatorSynchronizerState(synchronizerId = local::122089cb3fe0..., group = 0, threshold = 1, active = MED::mediator1::12209640bd54...) with serial None() 
2026-08-06 23:21:07,961 [canton-env-ec-36] INFO  c.d.c.t.p.TopologyStateProcessorImpl:sequencer=sequencer1/store=local-setup tid:9114248d6c1cffda039debe51823ac82 - Storing topology transaction 1/1 TxHash(SHA-256:1d275deca091...) with ts=EffectiveTime(2026-08-07T03:21:07.960234Z), signedBy=Set(12203194b0b9...)
2026-08-06 23:21:07,962 [canton-env-ec-36] INFO  c.d.c.t.p.TopologyStateProcessorImpl:sequencer=sequencer1/store=local-setup tid:9114248d6c1cffda039debe51823ac82 - Persisted topology transactions (SequencedTime(2026-08-07T03:21:07.960234Z), EffectiveTime(2026-08-07T03:21:07.960234Z)):
ValidatedTopologyTransaction(
  SignedTopologyTransaction(
    TopologyTransaction(
      MediatorSynchronizerState(synchronizerId = local::122089cb3fe0..., group = 0, threshold = 1, active = MED::mediator1::12209640bd54...),
      serial = 1,
      operation = Replace,
      hash = SHA-256:1d275deca091...
    ),
    signatures = 12203194b0b9...
  )
)
2026-08-06 23:21:07,976 [canton-env-ec-42] INFO  c.d.c.t.TemporaryTopologyManager:sequencer=sequencer1/store=local-setup tid:692229174ad515933296de15b0800a47 - Attempting to build, sign, and Replace SequencerSynchronizerState(synchronizerId = local::122089cb3fe0..., threshold = 1, active = SEQ::sequencer1::12203194b0b9...) with serial None() 
2026-08-06 23:21:07,979 [canton-env-ec-36] INFO  c.d.c.t.p.TopologyStateProcessorImpl:sequencer=sequencer1/store=local-setup tid:692229174ad515933296de15b0800a47 - Storing topology transaction 1/1 TxHash(SHA-256:8fc760816bce...) with ts=EffectiveTime(2026-08-07T03:21:07.978394Z), signedBy=Set(12203194b0b9...)
2026-08-06 23:21:07,980 [canton-env-ec-36] INFO  c.d.c.t.p.TopologyStateProcessorImpl:sequencer=sequencer1/store=local-setup tid:692229174ad515933296de15b0800a47 - Persisted topology transactions (SequencedTime(2026-08-07T03:21:07.978394Z), EffectiveTime(2026-08-07T03:21:07.978394Z)):
ValidatedTopologyTransaction(
  SignedTopologyTransaction(
    TopologyTransaction(
      SequencerSynchronizerState(synchronizerId = local::122089cb3fe0..., threshold = 1, active = SEQ::sequencer1::12203194b0b9...),
      serial = 1,
      operation = Replace,
      hash = SHA-256:8fc760816bce...
    ),
    signatures = 12203194b0b9...
  )
)
2026-08-06 23:21:08,023 [canton-env-ec-41] INFO  c.d.c.s.s.SequencerNodeBootstrap$WaitForSequencerToSynchronizerInit:sequencer=sequencer1 tid:b736a2c98f2c80836484e982c275245a - Assigning sequencer to synchronizer from beginning
2026-08-06 23:21:08,055 [canton-env-ec-37] INFO  c.d.c.t.p.InitialTopologySnapshotValidator:sequencer=sequencer1 tid:b736a2c98f2c80836484e982c275245a - Validating 8/8 transactions to initialize the topology store local::122089cb3fe0...::35-0 with 1 sequencer times
2026-08-06 23:21:08,073 [canton-env-ec-43] INFO  c.d.c.t.p.TopologyStateProcessorImpl:sequencer=sequencer1 tid:b736a2c98f2c80836484e982c275245a - Storing topology transaction 1/8 TxHash(SHA-256:e3e9dfb40540...) with ts=EffectiveTime(0001-01-01T00:00:00.000001Z), signedBy=Set(12203194b0b9...)
2026-08-06 23:21:08,073 [canton-env-ec-43] INFO  c.d.c.t.p.TopologyStateProcessorImpl:sequencer=sequencer1 tid:b736a2c98f2c80836484e982c275245a - Storing topology transaction 2/8 TxHash(SHA-256:7729f1b99a3b...) with ts=EffectiveTime(0001-01-01T00:00:00.000001Z), signedBy=Set(12203194b0b9..., 1220d4b835a4..., 122023f7cdab...)
2026-08-06 23:21:08,073 [canton-env-ec-43] INFO  c.d.c.t.p.TopologyStateProcessorImpl:sequencer=sequencer1 tid:b736a2c98f2c80836484e982c275245a - Storing topology transaction 3/8 TxHash(SHA-256:b99a34daef3f...) with ts=EffectiveTime(0001-01-01T00:00:00.000001Z), signedBy=Set(12209640bd54...)
2026-08-06 23:21:08,073 [canton-env-ec-43] INFO  c.d.c.t.p.TopologyStateProcessorImpl:sequencer=sequencer1 tid:b736a2c98f2c80836484e982c275245a - Storing topology transaction 4/8 TxHash(SHA-256:ef04238678ba...) with ts=EffectiveTime(0001-01-01T00:00:00.000001Z), signedBy=Set(12209640bd54..., 12205453da86..., 12209615e187...)
2026-08-06 23:21:08,073 [canton-env-ec-43] INFO  c.d.c.t.p.TopologyStateProcessorImpl:sequencer=sequencer1 tid:b736a2c98f2c80836484e982c275245a - Storing topology transaction 5/8 TxHash(SHA-256:d530fbfb4c11...) with ts=EffectiveTime(0001-01-01T00:00:00.000001Z), signedBy=Set(12203194b0b9...)
2026-08-06 23:21:08,073 [canton-env-ec-43] INFO  c.d.c.t.p.TopologyStateProcessorImpl:sequencer=sequencer1 tid:b736a2c98f2c80836484e982c275245a - Storing topology transaction 6/8 TxHash(SHA-256:fd74fd7698df...) with ts=EffectiveTime(0001-01-01T00:00:00.000001Z), signedBy=Set(12203194b0b9...)
2026-08-06 23:21:08,074 [canton-env-ec-43] INFO  c.d.c.t.p.TopologyStateProcessorImpl:sequencer=sequencer1 tid:b736a2c98f2c80836484e982c275245a - Storing topology transaction 7/8 TxHash(SHA-256:1d275deca091...) with ts=EffectiveTime(0001-01-01T00:00:00.000001Z), signedBy=Set(12203194b0b9...)
2026-08-06 23:21:08,074 [canton-env-ec-43] INFO  c.d.c.t.p.TopologyStateProcessorImpl:sequencer=sequencer1 tid:b736a2c98f2c80836484e982c275245a - Storing topology transaction 8/8 TxHash(SHA-256:8fc760816bce...) with ts=EffectiveTime(0001-01-01T00:00:00.000001Z), signedBy=Set(12203194b0b9...)
2026-08-06 23:21:08,076 [canton-env-ec-41] INFO  c.d.c.t.p.TopologyStateProcessorImpl:sequencer=sequencer1 tid:b736a2c98f2c80836484e982c275245a - Persisted topology transactions (SequencedTime(0001-01-01T00:00:00.000001Z), EffectiveTime(0001-01-01T00:00:00.000001Z)):
ValidatedTopologyTransaction(
  SignedTopologyTransaction(
    TopologyTransaction(
      NamespaceDelegation(
        namespace = 12203194b0b9...,
        target = SigningPublicKey(id = 12203194b0b9..., format = DER-encoded X.509 SubjectPublicKeyInfo, keySpec = EC-Curve25519, usage = namespace),
        restriction = none
      ),
      serial = 1,
      operation = Replace,
      hash = SHA-256:e3e9dfb40540...
    ),
    signatures = 12203194b0b9...
  )
),
ValidatedTopologyTransaction(
  SignedTopologyTransaction(
    TopologyTransaction(
      OwnerToKeyMapping(member = SEQ::sequencer1::12203194b0b9..., signingKeys = Seq(122023f7cdab..., 1220d4b835a4...)),
      serial = 1,
      operation = Replace,
      hash = SHA-256:7729f1b99a3b...
    ),
    signatures = Seq(122023f7cdab..., 12203194b0b9..., 1220d4b835a4...)
  )
),
ValidatedTopologyTransaction(
  SignedTopologyTransaction(
    TopologyTransaction(
      NamespaceDelegation(
        namespace = 12209640bd54...,
        target = SigningPublicKey(id = 12209640bd54..., format = DER-encoded X.509 SubjectPublicKeyInfo, keySpec = EC-Curve25519, usage = namespace),
        restriction = none
      ),
      serial = 1,
      operation = Replace,
      hash = SHA-256:b99a34daef3f...
    ),
    signatures = 12209640bd54...
  )
),
ValidatedTopologyTransaction(
  SignedTopologyTransaction(
    TopologyTransaction(
      OwnerToKeyMapping(member = MED::mediator1::12209640bd54..., signingKeys = Seq(12205453da86..., 12209615e187...)),
      serial = 1,
      operation = Replace,
      hash = SHA-256:ef04238678ba...
    ),
    signatures = Seq(12205453da86..., 12209615e187..., 12209640bd54...)
  )
),
ValidatedTopologyTransaction(
  SignedTopologyTransaction(
    TopologyTransaction(DecentralizedNamespaceDefinition(namespace = 122089cb3fe0..., threshold = 1, owners = 12203194b0b9...), serial = 1, operation = Replace, hash = SHA-256:d530fbfb4c11...),
    signatures = 12203194b0b9...
  )
),
ValidatedTopologyTransaction(
  SignedTopologyTransaction(
    TopologyTransaction(
      SynchronizerParametersState(
        synchronizerId = local::122089cb3fe0...,
        parameters = DynamicSynchronizerParameters(
          confirmation response timeout = 30s,
          mediator reaction timeout = 30s,
          assignment exclusivity timeout = 1m,
          ledger time record time tolerance = 1m,
          mediator deduplication timeout = 48h,
          reconciliation interval = 1m,
          confirmation requests max rate = 1000000,
          max request size = 10485760,
          sequencer aggregate submission timeout = 6m,
          ACS commitment catchup = AcsCommitmentsCatchUpParameters(catchUpIntervalSkip = 5, nrIntervalsToTriggerCatchUp = 2),
          participant synchronizer limits = ParticipantSynchronizerLimits(confirmation requests max rate = 1000000),
          preparation time record time tolerance = 24h,
          onboarding restriction = UnrestrictedOpen
        )
      ),
      serial = 1,
      operation = Replace,
      hash = SHA-256:fd74fd7698df...
    ),
    signatures = 12203194b0b9...
  )
),
ValidatedTopologyTransaction(
  SignedTopologyTransaction(
    TopologyTransaction(
      MediatorSynchronizerState(synchronizerId = local::122089cb3fe0..., group = 0, threshold = 1, active = MED::mediator1::12209640bd54...),
      serial = 1,
      operation = Replace,
      hash = SHA-256:1d275deca091...
    ),
    signatures = 12203194b0b9...
  )
),
ValidatedTopologyTransaction(
  SignedTopologyTransaction(
    TopologyTransaction(
      SequencerSynchronizerState(synchronizerId = local::122089cb3fe0..., threshold = 1, active = SEQ::sequencer1::12203194b0b9...),
      serial = 1,
      operation = Replace,
      hash = SHA-256:8fc760816bce...
    ),
    signatures = 12203194b0b9...
  )
)
2026-08-06 23:21:08,077 [canton-env-ec-43] INFO  c.d.c.t.p.InitialTopologySnapshotValidator:sequencer=sequencer1 tid:b736a2c98f2c80836484e982c275245a - Import validated and completed, verifying now that the result matches the imported snapshot.
2026-08-06 23:21:08,082 [canton-env-ec-43] INFO  c.d.c.t.p.InitialTopologySnapshotValidator:sequencer=sequencer1 tid:b736a2c98f2c80836484e982c275245a - Successfully validated and imported 8 topology transactions into the topology store local::122089cb3fe0...::35-0.
2026-08-06 23:21:08,083 [canton-env-ec-43] INFO  c.d.c.s.s.SequencerNodeBootstrap$WaitForSequencerToSynchronizerInit:sequencer=sequencer1 - Finalizing initialization for synchronizer local::122089cb3fe0...::35-0
2026-08-06 23:21:08,086 [canton-env-ec-43] INFO  c.d.c.s.s.SequencerNodeBootstrap$StartupNode:sequencer=sequencer1 tid:b736a2c98f2c80836484e982c275245a - Computed lsu sequencing bounds: None
2026-08-06 23:21:08,124 [canton-env-ec-35] INFO  c.d.c.s.s.b.b.b.c.s.BftSequencerFactory:sequencer=sequencer1 tid:b736a2c98f2c80836484e982c275245a - Creating BFT sequencer at block height None
2026-08-06 23:21:08,132 [canton-env-ec-35] INFO  c.d.c.s.b.BlockSequencerStateManager$:sequencer=sequencer1/psid=local::122089cb3fe0::35-0 tid:b736a2c98f2c80836484e982c275245a - Initialized the block sequencer with head block BlockInfo(-1,1970-01-01T00:00:00Z,None,None)
2026-08-06 23:21:08,146 [canton-env-ec-35] INFO  c.d.c.s.s.b.b.b.c.s.BftBlockOrderer:sequencer=sequencer1/psid=local::122089cb3fe0::35-0 tid:4e16dc8a640a39cfc4f0c1ab753f0b62 - TLS is not enabled for the P2P server endpoint; make sure that at least TLS termination is correctly set up to ensure channel confidentiality and integrity
2026-08-06 23:21:08,148 [canton-env-ec-35] INFO  c.d.c.s.s.b.b.b.c.s.BftBlockOrderer:sequencer=sequencer1/psid=local::122089cb3fe0::35-0 tid:4e16dc8a640a39cfc4f0c1ab753f0b62 - Re-using the existing sequencer storage for BFT ordering tables as well
2026-08-06 23:21:08,156 [canton-env-ec-35] INFO  c.d.c.s.s.b.b.b.c.s.BftBlockOrderer:sequencer=sequencer1/psid=local::122089cb3fe0::35-0 tid:4e16dc8a640a39cfc4f0c1ab753f0b62 - Initializing partition management
2026-08-06 23:21:08,176 [canton-env-ec-42] INFO  o.a.pekko.event.slf4j.Slf4jLogger - Slf4jLogger started
2026-08-06 23:21:08,182 [canton-env-ec-43] INFO  c.d.c.s.s.b.b.c.BftOrderingModuleSystemInitializer:sequencer=sequencer1/psid=local::122089cb3fe0::35-0 tid:4e16dc8a640a39cfc4f0c1ab753f0b62 - Fetching latest in-progress epoch
2026-08-06 23:21:08,184 [canton-env-ec-43] INFO  c.d.c.s.s.b.b.c.BftOrderingModuleSystemInitializer:sequencer=sequencer1/psid=local::122089cb3fe0::35-0 tid:4e16dc8a640a39cfc4f0c1ab753f0b62 - Fetching latest epoch
2026-08-06 23:21:08,185 [canton-env-ec-43] INFO  c.d.c.s.s.b.b.c.BftOrderingModuleSystemInitializer:sequencer=sequencer1/psid=local::122089cb3fe0::35-0 tid:4e16dc8a640a39cfc4f0c1ab753f0b62 - Retrieved bootstrap topologies timestamps: BootstrapTopologyInfo(initialTopologyEpochNumber = -1, initialTopologyQueryTimestamp = None(), previousTopologyQueryTimestamp = None(), onboardingTopologyQueryTimestamp = None())
2026-08-06 23:21:08,190 [canton-env-ec-43] INFO  c.d.c.s.s.b.b.c.BftOrderingModuleSystemInitializer:sequencer=sequencer1/psid=local::122089cb3fe0::35-0 tid:4e16dc8a640a39cfc4f0c1ab753f0b62 - Fetching initial ordering topology for bootstrap
2026-08-06 23:21:08,217 [canton-env-ec-43] INFO  c.d.c.s.s.b.b.c.BftOrderingModuleSystemInitializer:sequencer=sequencer1/psid=local::122089cb3fe0::35-0 tid:4e16dc8a640a39cfc4f0c1ab753f0b62 - Fetching previous ordering topology for bootstrap
2026-08-06 23:21:08,261 [canton-env-ec-35] INFO  c.d.c.s.s.b.b.b.p.g.P2PGrpcServerManager:sequencer=sequencer1/psid=local::122089cb3fe0::35-0 tid:4e16dc8a640a39cfc4f0c1ab753f0b62 - Not starting P2P gRPC server due to none configured
2026-08-06 23:21:08,262 [canton-env-ec-38] INFO  c.d.c.s.s.b.b.c.m.p.P2PNetworkOutModule:sequencer=sequencer1/psid=local::122089cb3fe0::35-0 tid:4e16dc8a640a39cfc4f0c1ab753f0b62 - Connecting to initial P2P endpoints: List()
2026-08-06 23:21:08,262 [canton-env-ec-38] INFO  c.d.c.s.s.b.b.c.m.p.P2PNetworkOutModule:sequencer=sequencer1/psid=local::122089cb3fe0::35-0 tid:4e16dc8a640a39cfc4f0c1ab753f0b62 - Starting mempool module
2026-08-06 23:21:08,263 [canton-env-ec-38] INFO  c.d.c.s.s.b.b.c.m.p.P2PNetworkOutModule:sequencer=sequencer1/psid=local::122089cb3fe0::35-0 tid:4e16dc8a640a39cfc4f0c1ab753f0b62 - Starting availability module (genesis=true, maxNodesContemporarilyAuthenticated=1, p2pEndpointThresholdForAvailabilityStart=1)
2026-08-06 23:21:08,264 [canton-env-ec-38] INFO  c.d.c.s.s.b.b.c.m.p.P2PNetworkOutModule:sequencer=sequencer1/psid=local::122089cb3fe0::35-0 tid:4e16dc8a640a39cfc4f0c1ab753f0b62 - Starting consensus module (genesis=true, maxNodesContemporarilyAuthenticated=1, p2pEndpointThresholdForConsensusStart=1)
2026-08-06 23:21:08,264 [canton-env-ec-38] INFO  c.d.c.s.s.b.b.c.m.p.P2PNetworkOutModule:sequencer=sequencer1/psid=local::122089cb3fe0::35-0 tid:4e16dc8a640a39cfc4f0c1ab753f0b62 - Starting output module
2026-08-06 23:21:08,264 [canton-env-ec-38] INFO  c.d.c.s.s.b.b.c.m.p.P2PNetworkOutModule:sequencer=sequencer1/psid=local::122089cb3fe0::35-0 tid:4e16dc8a640a39cfc4f0c1ab753f0b62 - Starting pruning module
2026-08-06 23:21:08,265 [canton-env-ec-41] INFO  c.d.c.s.s.b.b.c.m.o.OutputModule:sequencer=sequencer1/psid=local::122089cb3fe0::35-0 tid:4e16dc8a640a39cfc4f0c1ab753f0b62 - Output module starting initialization
2026-08-06 23:21:08,269 [canton-env-ec-41] INFO  c.d.c.s.s.b.b.c.m.o.OutputModule:sequencer=sequencer1/psid=local::122089cb3fe0::35-0 tid:4e16dc8a640a39cfc4f0c1ab753f0b62 - Output module bootstrap: last acknowledged block number = None, last stored block number = None => recover from block number = 0, epoch could alter ordering topology = false
2026-08-06 23:21:08,269 [canton-env-ec-41] INFO  c.d.c.s.s.b.b.c.m.o.OutputModule:sequencer=sequencer1/psid=local::122089cb3fe0::35-0 tid:4e16dc8a640a39cfc4f0c1ab753f0b62 - Output module bootstrap: [re-]starting, providing blocks from 0
2026-08-06 23:21:08,271 [canton-env-ec-41] INFO  c.d.c.s.s.b.b.c.m.o.OutputModule:sequencer=sequencer1/psid=local::122089cb3fe0::35-0 tid:4e16dc8a640a39cfc4f0c1ab753f0b62 - Output module bootstrap: [re-]starting, [re-]processing blocks from 0
2026-08-06 23:21:08,272 [canton-env-ec-41] INFO  c.d.c.s.s.b.b.c.m.o.OutputModule:sequencer=sequencer1/psid=local::122089cb3fe0::35-0 tid:4e16dc8a640a39cfc4f0c1ab753f0b62 - Output module bootstrap: no previous completed block to reprocess
2026-08-06 23:21:08,274 [canton-env-ec-41] INFO  c.d.c.s.s.b.b.c.m.o.OutputModule:sequencer=sequencer1/psid=local::122089cb3fe0::35-0 tid:4e16dc8a640a39cfc4f0c1ab753f0b62 - Output module bootstrap: [re-]starting from epoch 0
2026-08-06 23:21:08,277 [canton-env-ec-41] INFO  c.d.c.s.s.b.b.c.m.o.OutputModule:sequencer=sequencer1/psid=local::122089cb3fe0::35-0 tid:4e16dc8a640a39cfc4f0c1ab753f0b62 - Scheduling backpressure check in 10 seconds
2026-08-06 23:21:08,278 [canton-env-ec-41] INFO  c.d.c.s.s.b.b.c.m.o.OutputModule:sequencer=sequencer1/psid=local::122089cb3fe0::35-0 tid:4e16dc8a640a39cfc4f0c1ab753f0b62 - Output module initialization complete, ready to process messages
2026-08-06 23:21:08,282 [canton-env-ec-42] INFO  c.d.c.s.s.b.b.c.m.c.i.IssConsensusModule:sequencer=sequencer1/psid=local::122089cb3fe0::35-0 tid:4e16dc8a640a39cfc4f0c1ab753f0b62 - Consensus module instantiated with epoch length 10
2026-08-06 23:21:08,289 [canton-env-ec-42] INFO  c.d.c.s.s.b.b.c.m.c.i.IssConsensusModule:sequencer=sequencer1/psid=local::122089cb3fe0::35-0 tid:4e16dc8a640a39cfc4f0c1ab753f0b62 - Starting with membership = Membership(
  myId = "SEQ::sequencer1::12203194b0b98f9ef087010048202e3c51e68e9b670bd3485be85cd44285d3937fde",
  orderingTopology = OrderingTopology(
    activationTime = 0001-01-01T00:00:00.250002Z,
    size = 1,
    weakQuorum = 1,
    strongQuorum = 1,
    nodesTopologyInfo = "SEQ::sequencer1::12203194b0b98f9ef087010048202e3c51e68e9b670bd3485be85cd44285d3937fde" -> NodeTopologyInfo(keyIds = "122023f7cdab16d2ef0477ba4e7390196bd2d3d063ed13b6f0a70960cb82e9afa8e5"),
    sequencingParameters = SequencingParameters(
      pbftViewChangeTimeout = 10s,
      segmentLength = 10,
      blacklistConfig = BlacklistLeaderSelectionPolicyConfig(howLongToBlacklist = Linear(maximumEpochBlacklisted = Some(250)), howManyCanWeBlacklist = NumFaultsTolerated)
    ),
    maxBytesToDecompress = 10485760,
    areTherePendingCantonTopologyChanges = None()
  ),
  leaders = "SEQ::sequencer1::12203194b0b98f9ef087010048202e3c51e68e9b670bd3485be85cd44285d3937fde",
  blacklistedNodes = Seq()
), latest completed epoch = EpochInfo(number = -1, startBlockNumber = 0, length = 0, topologyActivationTime = 0001-01-01T00:00:00.250002Z), current epoch = EpochInfo(number = -1, startBlockNumber = 0, length = 0, topologyActivationTime = 0001-01-01T00:00:00.250002Z) (completed: true)
2026-08-06 23:21:08,290 [canton-env-ec-42] INFO  c.d.c.s.s.b.b.c.m.c.i.IssConsensusModule:sequencer=sequencer1/psid=local::122089cb3fe0::35-0 tid:4e16dc8a640a39cfc4f0c1ab753f0b62 - (Re)starting node from epoch -1
2026-08-06 23:21:08,305 [canton-env-ec-35] INFO  c.d.c.s.s.b.BlockSequencer:sequencer=sequencer1/psid=local::122089cb3fe0::35-0 - Sequencer SEQ::sequencer1::12203194b0b9... is not an LSU successor; traffic data initialization is not required.
2026-08-06 23:21:08,319 [canton-env-ec-43] INFO  c.d.c.s.s.b.b.c.m.c.i.IssSegmentModule:sequencer=sequencer1/psid=local::122089cb3fe0::35-0 tid:4e16dc8a640a39cfc4f0c1ab753f0b62 - Received `Start` message, segment Segment(SEQ::sequencer1::12203194b0b98f9ef087010048202e3c51e68e9b670bd3485be85cd44285d3937fde,List(0, 1, 2, 3, 4, 5, 6, 7, 8, 9)) is complete = false, view change in progress = false view number = 0
2026-08-06 23:21:08,319 [canton-env-ec-42] INFO  c.d.c.s.s.b.b.c.m.c.i.IssConsensusModule:sequencer=sequencer1/psid=local::122089cb3fe0::35-0 tid:4e16dc8a640a39cfc4f0c1ab753f0b62 - New epoch 0 has started with leaders = List(SEQ::sequencer1::12203194b0b98f9ef087010048202e3c51e68e9b670bd3485be85cd44285d3937fde)and blacklisted nodes = List(); ordering topology = OrderingTopology(
  activationTime = 0001-01-01T00:00:00.250002Z,
  size = 1,
  weakQuorum = 1,
  strongQuorum = 1,
  nodesTopologyInfo = "SEQ::sequencer1::12203194b0b98f9ef087010048202e3c51e68e9b670bd3485be85cd44285d3937fde" -> NodeTopologyInfo(keyIds = "122023f7cdab16d2ef0477ba4e7390196bd2d3d063ed13b6f0a70960cb82e9afa8e5"),
  sequencingParameters = SequencingParameters(
    pbftViewChangeTimeout = 10s,
    segmentLength = 10,
    blacklistConfig = BlacklistLeaderSelectionPolicyConfig(howLongToBlacklist = Linear(maximumEpochBlacklisted = Some(250)), howManyCanWeBlacklist = NumFaultsTolerated)
  ),
  maxBytesToDecompress = 10485760,
  areTherePendingCantonTopologyChanges = None()
)
2026-08-06 23:21:08,324 [canton-env-ec-35] INFO  c.d.c.s.s.b.BlockSequencer:sequencer=sequencer1/psid=local::122089cb3fe0::35-0 - Subscribing to block source from 0
2026-08-06 23:21:08,359 [canton-env-ec-38] INFO  c.d.c.s.s.b.b.c.m.c.i.IssConsensusModule:sequencer=sequencer1/psid=local::122089cb3fe0::35-0 tid:4a9598922abdded17cd1cdd1d94fcf82 - Block (epochNumber=0, blockNumber=0) has been ordered
2026-08-06 23:21:08,394 [canton-env-ec-35] INFO  c.d.c.s.s.SequencerRuntime:sequencer=sequencer1/psid=local::122089cb3fe0::35-0 - Sequencer is healthy
2026-08-06 23:21:08,396 [canton-env-ec-35] INFO  c.d.c.s.s.SequencerRuntime:sequencer=sequencer1/psid=local::122089cb3fe0::35-0 tid:b736a2c98f2c80836484e982c275245a - Subscribing to topology transactions for auto-registering members
2026-08-06 23:21:08,396 [canton-env-ec-35] INFO  c.d.c.s.s.SequencerRuntime:sequencer=sequencer1/psid=local::122089cb3fe0::35-0 tid:b736a2c98f2c80836484e982c275245a - Subscribing to topology transactions for logical synchronizer upgrade announcements
2026-08-06 23:21:08,416 [canton-env-ec-41] INFO  c.d.c.s.c.SequencerClientImplPekko:sequencer=sequencer1 tid:b736a2c98f2c80836484e982c275245a - No event found up to 0001-01-01T00:00:00Z. Resubscribing from the beginning.
2026-08-06 23:21:08,416 [canton-env-ec-41] INFO  c.d.c.s.c.SequencerClientImplPekko:sequencer=sequencer1 tid:b736a2c98f2c80836484e982c275245a - Processing events from the SequencedEventStore from 0001-01-01T00:00:00.000001Z on
2026-08-06 23:21:08,446 [canton-env-ec-41] INFO  c.d.c.s.s.SequencerRuntime:sequencer=sequencer1/psid=local::122089cb3fe0::35-0 tid:b736a2c98f2c80836484e982c275245a - Sequencer runtime initialized
2026-08-06 23:21:08,454 [canton-env-ec-34] INFO  c.d.c.s.SequencerAggregatorPekko:sequencer=sequencer1 - 'sequencer-subscription-local::122089cb3fe0...::35-0' is now in state Ok(). Previous state was Not Initialized.
2026-08-06 23:21:08,464 [canton-env-ec-37] INFO  c.d.c.s.s.LocalSequencerStateEventSignaller:sequencer=sequencer1/psid=local::122089cb3fe0::35-0 tid:b736a2c98f2c80836484e982c275245a - Creating signal source for SEQ::sequencer1::12203194b0b9...
2026-08-06 23:21:08,512 [canton-env-ec-41] INFO  c.d.c.h.MutableHealthQuasiComponent:sequencer=sequencer1 - 'sequencer' is now in state SequencerHealthStatus(active = true). Previous state was SequencerHealthStatus(active = false).
2026-08-06 23:21:08,512 [canton-env-ec-41] INFO  c.d.c.s.s.SequencerNodeBootstrap:sequencer=sequencer1 - 'sequencer-health-check-service' is now in state ServingStatus(status = 'SERVING'). Previous state was ServingStatus(status = 'NOT_SERVING').
2026-08-06 23:21:08,513 [canton-env-ec-41] INFO  c.d.c.h.MutableHealthComponent:sequencer=sequencer1 - 'block-sequencer-async-writer' is now in state Ok(). Previous state was Not Initialized.
2026-08-06 23:21:08,514 [canton-env-ec-41] INFO  c.d.c.s.s.SequencerNode:sequencer=sequencer1/psid=local::122089cb3fe0::35-0 - Creating sequencer server with public api PublicServerConfig(127.0.0.1,Some(5001),None,Some(BasicKeepAliveServerConfig(40s,20s,20s,false)),1m,1h,100000,25,false,None,Duration.Inf,JwksCacheConfig(1000,5m,10s,10s,0s),None)
2026-08-06 23:21:08,551 [canton-env-ec-41] INFO  c.d.c.s.m.MediatorNodeBootstrap$WaitForMediatorToSynchronizerInit:mediator=mediator1 tid:72ea91e485cdc314f6d0ea29f281688c - Assigning mediator to local::122089cb3fe0...::35-0 via sequencers SequencerConnections(
  connections = Sequencer 'sequencer1' -> GrpcSequencerConnection(sequencerAlias = Sequencer 'sequencer1', endpoints = http://127.0.0.1:5001),
  sequencer trust threshold = 1,
  sequencer liveness margin = 0,
  submission request amplification = SubmissionRequestAmplification(factor = 1, patience = 0s),
  sequencer connection pool delays = SequencerConnectionPoolDelays(minRestartDelay = 0.01s, maxRestartDelay = 10s, warnValidationDelay = 20s, subscriptionRequestDelay = 1s)
)
2026-08-06 23:21:08,567 [canton-env-ec-37] INFO  c.d.c.s.c.p.GrpcInternalSequencerConnection:mediator=mediator1/pool=temp/connection=sequencer1-0 tid:72ea91e485cdc314f6d0ea29f281688c - Starting internal-sequencer-connection-sequencer1-0
2026-08-06 23:21:08,568 [canton-env-ec-37] INFO  c.d.c.s.c.p.GrpcInternalSequencerConnection:mediator=mediator1/pool=temp/connection=sequencer1-0 tid:72ea91e485cdc314f6d0ea29f281688c - 'internal-sequencer-connection-sequencer1-0' is now in state Starting. Previous state was Initial.
2026-08-06 23:21:08,570 [canton-env-ec-37] INFO  c.d.c.s.c.p.GrpcConnection:mediator=mediator1/pool=temp/connection=sequencer1-0 tid:72ea91e485cdc314f6d0ea29f281688c - 'connection-sequencer1-0' is now in state Started. Previous state was Stopped.
2026-08-06 23:21:08,570 [canton-env-ec-37] INFO  c.d.c.s.c.p.GrpcInternalSequencerConnection:mediator=mediator1/pool=temp/connection=sequencer1-0 tid:72ea91e485cdc314f6d0ea29f281688c - 'internal-sequencer-connection-sequencer1-0' is now in state Started. Previous state was Starting.
2026-08-06 23:21:08,591 [canton-env-ec-36] INFO  c.d.c.s.c.p.GrpcInternalSequencerConnection:mediator=mediator1/pool=temp/connection=sequencer1-0 tid:72ea91e485cdc314f6d0ea29f281688c - 'internal-sequencer-connection-sequencer1-0' is now in state Validated. Previous state was Started.
2026-08-06 23:21:08,602 [canton-env-ec-36] INFO  c.d.c.s.c.p.SequencerConnectionPoolImpl:mediator=mediator1/pool=temp tid:72ea91e485cdc314f6d0ea29f281688c - 'sequencer-connection-pool' is now in state Ok(). Previous state was Not Initialized.
2026-08-06 23:21:08,603 [canton-env-ec-37] INFO  c.d.c.s.c.p.SequencerConnectionPoolImpl:mediator=mediator1/pool=temp - 'sequencer-connection-pool' is now in state Failed(Component is closed). Previous state was Ok().
2026-08-06 23:21:08,605 [canton-env-ec-37] INFO  c.d.c.s.c.p.GrpcInternalSequencerConnection:mediator=mediator1/pool=temp/connection=sequencer1-0 - 'internal-sequencer-connection-sequencer1-0' is now in state Fatal(Closed). Previous state was Validated.
2026-08-06 23:21:08,605 [canton-env-ec-37] INFO  c.d.c.s.c.p.GrpcConnection:mediator=mediator1/pool=temp/connection=sequencer1-0 - 'connection-sequencer1-0' is now in state Stopped. Previous state was Started.
2026-08-06 23:21:08,606 [canton-env-ec-36] INFO  c.d.c.l.a.ApiRequestLogger:sequencer=sequencer1 tid:8f58f873f9e37c1870104061195c4a4b - Request grpc.health.v1.Health/Watch by grpc:/127.0.0.1:53185: cancelled
2026-08-06 23:21:08,611 [canton-env-ec-37] INFO  c.d.c.s.m.MediatorReplicaManager:mediator=mediator1 - Setting initial replica state to Init
2026-08-06 23:21:08,611 [canton-env-ec-37] INFO  c.d.c.s.m.MediatorReplicaManager:mediator=mediator1 tid:28501c92162339bae5b2fb9db6cb0ab4 - Transitioning replica state to Active
2026-08-06 23:21:08,622 [canton-env-ec-36] INFO  c.d.c.s.c.p.GrpcInternalSequencerConnection:mediator=mediator1/psid=local::122089cb3fe0::35-0/pool=main/connection=sequencer1-0 - Starting internal-sequencer-connection-sequencer1-0
2026-08-06 23:21:08,623 [canton-env-ec-36] INFO  c.d.c.s.c.p.GrpcInternalSequencerConnection:mediator=mediator1/psid=local::122089cb3fe0::35-0/pool=main/connection=sequencer1-0 - 'internal-sequencer-connection-sequencer1-0' is now in state Starting. Previous state was Initial.
2026-08-06 23:21:08,623 [canton-env-ec-36] INFO  c.d.c.s.c.p.GrpcConnection:mediator=mediator1/psid=local::122089cb3fe0::35-0/pool=main/connection=sequencer1-0 - 'connection-sequencer1-0' is now in state Started. Previous state was Stopped.
2026-08-06 23:21:08,623 [canton-env-ec-36] INFO  c.d.c.s.c.p.GrpcInternalSequencerConnection:mediator=mediator1/psid=local::122089cb3fe0::35-0/pool=main/connection=sequencer1-0 - 'internal-sequencer-connection-sequencer1-0' is now in state Started. Previous state was Starting.
2026-08-06 23:21:08,629 [canton-env-ec-38] INFO  c.d.c.s.c.p.GrpcInternalSequencerConnection:mediator=mediator1/psid=local::122089cb3fe0::35-0/pool=main/connection=sequencer1-0 - 'internal-sequencer-connection-sequencer1-0' is now in state Validated. Previous state was Started.
2026-08-06 23:21:08,630 [canton-env-ec-38] INFO  c.d.c.s.c.p.SequencerConnectionPoolImpl:mediator=mediator1/psid=local::122089cb3fe0::35-0/pool=main - 'sequencer-connection-pool' is now in state Ok(). Previous state was Not Initialized.
2026-08-06 23:21:08,633 [canton-env-ec-35] INFO  c.d.c.s.c.SequencerClientFactory$$anon$1:mediator=mediator1/psid=local::122089cb3fe0::35-0 - Failed to retrieve dynamic synchronizer parameters during sequencer client initialization. Assuming traffic control is enabled. Unable to fetch synchronizer parameters at 0001-01-01T00:00:00.000001Z
2026-08-06 23:21:08,634 [canton-env-ec-35] INFO  c.d.c.s.c.SequencerClientFactory$$anon$1:mediator=mediator1/psid=local::122089cb3fe0::35-0 - Initializing traffic state at timestamp: None
2026-08-06 23:21:08,678 [canton-env-ec-35] INFO  c.d.c.s.s.a.MemberAuthenticationServiceImpl:sequencer=sequencer1/psid=local::122089cb3fe0::35-0 - MED::mediator1::12209640bd54... authenticated new token with expiry 2026-08-07T04:21:08.677796Z
2026-08-06 23:21:08,685 [canton-env-ec-35] INFO  c.d.c.t.s.StoreBasedTopologyStateForInitializationService:sequencer=sequencer1/psid=local::122089cb3fe0::35-0 - Computing initial topology state hash at 0001-01-01T00:00:00.000001Z for MED::mediator1::12209640bd54... active at EffectiveTime(0001-01-01T00:00:00.000001Z)
2026-08-06 23:21:08,692 [canton-env-ec-35] INFO  c.d.c.s.c.BftTopologyForInitDownloader$:mediator=mediator1/psid=local::122089cb3fe0::35-0 - Expecting topology state for init with hash TopologyStateForInitHashResponse(SHA-256:9dd5f273d95d...)
2026-08-06 23:21:08,696 [canton-env-ec-37] INFO  c.d.c.t.s.StoreBasedTopologyStateForInitializationService:sequencer=sequencer1/psid=local::122089cb3fe0::35-0 - Fetching initial topology state at 0001-01-01T00:00:00.000001Z for MED::mediator1::12209640bd54... active at EffectiveTime(0001-01-01T00:00:00.000001Z)
2026-08-06 23:21:08,701 [canton-env-ec-43] INFO  c.d.c.s.c.BftTopologyForInitDownloader$:mediator=mediator1/psid=local::122089cb3fe0::35-0 - Successfully downloaded topology state of 8 for init with hash matching expected SHA-256:9dd5f273d95d...
2026-08-06 23:21:08,701 [canton-env-ec-43] INFO  c.d.c.t.p.InitialTopologySnapshotValidator:mediator=mediator1/psid=local::122089cb3fe0::35-0 - Validating 8/8 transactions to initialize the topology store local::122089cb3fe0...::35-0 with 1 sequencer times
2026-08-06 23:21:08,708 [canton-env-ec-37] INFO  c.d.c.t.p.TopologyStateProcessorImpl:mediator=mediator1/psid=local::122089cb3fe0::35-0 - Storing topology transaction 1/8 TxHash(SHA-256:e3e9dfb40540...) with ts=EffectiveTime(0001-01-01T00:00:00.000001Z), signedBy=Set(12203194b0b9...)
2026-08-06 23:21:08,708 [canton-env-ec-37] INFO  c.d.c.t.p.TopologyStateProcessorImpl:mediator=mediator1/psid=local::122089cb3fe0::35-0 - Storing topology transaction 2/8 TxHash(SHA-256:7729f1b99a3b...) with ts=EffectiveTime(0001-01-01T00:00:00.000001Z), signedBy=Set(12203194b0b9..., 1220d4b835a4..., 122023f7cdab...)
2026-08-06 23:21:08,708 [canton-env-ec-37] INFO  c.d.c.t.p.TopologyStateProcessorImpl:mediator=mediator1/psid=local::122089cb3fe0::35-0 - Storing topology transaction 3/8 TxHash(SHA-256:b99a34daef3f...) with ts=EffectiveTime(0001-01-01T00:00:00.000001Z), signedBy=Set(12209640bd54...)
2026-08-06 23:21:08,708 [canton-env-ec-37] INFO  c.d.c.t.p.TopologyStateProcessorImpl:mediator=mediator1/psid=local::122089cb3fe0::35-0 - Storing topology transaction 4/8 TxHash(SHA-256:ef04238678ba...) with ts=EffectiveTime(0001-01-01T00:00:00.000001Z), signedBy=Set(12209640bd54..., 12205453da86..., 12209615e187...)
2026-08-06 23:21:08,709 [canton-env-ec-37] INFO  c.d.c.t.p.TopologyStateProcessorImpl:mediator=mediator1/psid=local::122089cb3fe0::35-0 - Storing topology transaction 5/8 TxHash(SHA-256:d530fbfb4c11...) with ts=EffectiveTime(0001-01-01T00:00:00.000001Z), signedBy=Set(12203194b0b9...)
2026-08-06 23:21:08,709 [canton-env-ec-37] INFO  c.d.c.t.p.TopologyStateProcessorImpl:mediator=mediator1/psid=local::122089cb3fe0::35-0 - Storing topology transaction 6/8 TxHash(SHA-256:fd74fd7698df...) with ts=EffectiveTime(0001-01-01T00:00:00.000001Z), signedBy=Set(12203194b0b9...)
2026-08-06 23:21:08,709 [canton-env-ec-37] INFO  c.d.c.t.p.TopologyStateProcessorImpl:mediator=mediator1/psid=local::122089cb3fe0::35-0 - Storing topology transaction 7/8 TxHash(SHA-256:1d275deca091...) with ts=EffectiveTime(0001-01-01T00:00:00.000001Z), signedBy=Set(12203194b0b9...)
2026-08-06 23:21:08,709 [canton-env-ec-37] INFO  c.d.c.t.p.TopologyStateProcessorImpl:mediator=mediator1/psid=local::122089cb3fe0::35-0 - Storing topology transaction 8/8 TxHash(SHA-256:8fc760816bce...) with ts=EffectiveTime(0001-01-01T00:00:00.000001Z), signedBy=Set(12203194b0b9...)
2026-08-06 23:21:08,711 [canton-env-ec-37] INFO  c.d.c.t.p.TopologyStateProcessorImpl:mediator=mediator1/psid=local::122089cb3fe0::35-0 - Persisted topology transactions (SequencedTime(0001-01-01T00:00:00.000001Z), EffectiveTime(0001-01-01T00:00:00.000001Z)):
ValidatedTopologyTransaction(
  SignedTopologyTransaction(
    TopologyTransaction(
      NamespaceDelegation(
        namespace = 12203194b0b9...,
        target = SigningPublicKey(id = 12203194b0b9..., format = DER-encoded X.509 SubjectPublicKeyInfo, keySpec = EC-Curve25519, usage = namespace),
        restriction = none
      ),
      serial = 1,
      operation = Replace,
      hash = SHA-256:e3e9dfb40540...
    ),
    signatures = 12203194b0b9...
  )
),
ValidatedTopologyTransaction(
  SignedTopologyTransaction(
    TopologyTransaction(
      OwnerToKeyMapping(member = SEQ::sequencer1::12203194b0b9..., signingKeys = Seq(122023f7cdab..., 1220d4b835a4...)),
      serial = 1,
      operation = Replace,
      hash = SHA-256:7729f1b99a3b...
    ),
    signatures = Seq(122023f7cdab..., 12203194b0b9..., 1220d4b835a4...)
  )
),
ValidatedTopologyTransaction(
  SignedTopologyTransaction(
    TopologyTransaction(
      NamespaceDelegation(
        namespace = 12209640bd54...,
        target = SigningPublicKey(id = 12209640bd54..., format = DER-encoded X.509 SubjectPublicKeyInfo, keySpec = EC-Curve25519, usage = namespace),
        restriction = none
      ),
      serial = 1,
      operation = Replace,
      hash = SHA-256:b99a34daef3f...
    ),
    signatures = 12209640bd54...
  )
),
ValidatedTopologyTransaction(
  SignedTopologyTransaction(
    TopologyTransaction(
      OwnerToKeyMapping(member = MED::mediator1::12209640bd54..., signingKeys = Seq(12205453da86..., 12209615e187...)),
      serial = 1,
      operation = Replace,
      hash = SHA-256:ef04238678ba...
    ),
    signatures = Seq(12205453da86..., 12209615e187..., 12209640bd54...)
  )
),
ValidatedTopologyTransaction(
  SignedTopologyTransaction(
    TopologyTransaction(DecentralizedNamespaceDefinition(namespace = 122089cb3fe0..., threshold = 1, owners = 12203194b0b9...), serial = 1, operation = Replace, hash = SHA-256:d530fbfb4c11...),
    signatures = 12203194b0b9...
  )
),
ValidatedTopologyTransaction(
  SignedTopologyTransaction(
    TopologyTransaction(
      SynchronizerParametersState(
        synchronizerId = local::122089cb3fe0...,
        parameters = DynamicSynchronizerParameters(
          confirmation response timeout = 30s,
          mediator reaction timeout = 30s,
          assignment exclusivity timeout = 1m,
          ledger time record time tolerance = 1m,
          mediator deduplication timeout = 48h,
          reconciliation interval = 1m,
          confirmation requests max rate = 1000000,
          max request size = 10485760,
          sequencer aggregate submission timeout = 6m,
          ACS commitment catchup = AcsCommitmentsCatchUpParameters(catchUpIntervalSkip = 5, nrIntervalsToTriggerCatchUp = 2),
          participant synchronizer limits = ParticipantSynchronizerLimits(confirmation requests max rate = 1000000),
          preparation time record time tolerance = 24h,
          onboarding restriction = UnrestrictedOpen
        )
      ),
      serial = 1,
      operation = Replace,
      hash = SHA-256:fd74fd7698df...
    ),
    signatures = 12203194b0b9...
  )
),
ValidatedTopologyTransaction(
  SignedTopologyTransaction(
    TopologyTransaction(
      MediatorSynchronizerState(synchronizerId = local::122089cb3fe0..., group = 0, threshold = 1, active = MED::mediator1::12209640bd54...),
      serial = 1,
      operation = Replace,
      hash = SHA-256:1d275deca091...
    ),
    signatures = 12203194b0b9...
  )
),
ValidatedTopologyTransaction(
  SignedTopologyTransaction(
    TopologyTransaction(
      SequencerSynchronizerState(synchronizerId = local::122089cb3fe0..., threshold = 1, active = SEQ::sequencer1::12203194b0b9...),
      serial = 1,
      operation = Replace,
      hash = SHA-256:8fc760816bce...
    ),
    signatures = 12203194b0b9...
  )
)
2026-08-06 23:21:08,711 [canton-env-ec-36] INFO  c.d.c.t.p.InitialTopologySnapshotValidator:mediator=mediator1/psid=local::122089cb3fe0::35-0 - Import validated and completed, verifying now that the result matches the imported snapshot.
2026-08-06 23:21:08,712 [canton-env-ec-36] INFO  c.d.c.t.p.InitialTopologySnapshotValidator:mediator=mediator1/psid=local::122089cb3fe0::35-0 - Successfully validated and imported 8 topology transactions into the topology store local::122089cb3fe0...::35-0.
2026-08-06 23:21:08,740 [canton-env-ec-36] INFO  c.d.c.s.c.RichSequencerClientImpl:mediator=mediator1/psid=local::122089cb3fe0::35-0 - No event found up to 0001-01-01T00:00:00Z. Resubscribing from the beginning.
2026-08-06 23:21:08,740 [canton-env-ec-36] INFO  c.d.c.s.c.RichSequencerClientImpl:mediator=mediator1/psid=local::122089cb3fe0::35-0 - Processing events from the SequencedEventStore from 0001-01-01T00:00:00.000001Z on
2026-08-06 23:21:08,752 [canton-env-ec-38] INFO  c.d.c.s.c.p.SequencerSubscriptionImpl:mediator=mediator1/psid=local::122089cb3fe0::35-0/connection=sequencer-connection-sequencer1-0 - Starting subscription at the beginning
2026-08-06 23:21:08,756 [canton-env-ec-38] INFO  c.d.c.s.c.p.SequencerSubscriptionImpl:mediator=mediator1/psid=local::122089cb3fe0::35-0/connection=sequencer-connection-sequencer1-0 - 'subscription-sequencer-connection-sequencer1-0' is now in state Ok(). Previous state was Failed().
2026-08-06 23:21:08,757 [canton-env-ec-38] INFO  c.d.c.s.c.p.SequencerSubscriptionPoolImpl:mediator=mediator1/psid=local::122089cb3fe0::35-0 - 'sequencer-subscription-pool' is now in state Ok(). Previous state was Not Initialized.
2026-08-06 23:21:08,757 [canton-env-ec-38] INFO  c.d.c.h.DelegatingMutableHealthComponent:mediator=mediator1/psid=local::122089cb3fe0::35-0 - 'sequencer-client' is now in state Ok(). Previous state was Not Initialized.
2026-08-06 23:21:08,757 [canton-env-ec-38] INFO  c.d.c.h.MutableHealthComponent:mediator=mediator1 - 'sequencer-client' is now in state Ok(). Previous state was Not Initialized.
2026-08-06 23:21:08,759 [canton-env-ec-35] INFO  c.d.c.s.s.s.GrpcSequencerService:sequencer=sequencer1 - MED::mediator1::12209640bd54... subscribes from timestamp=None
2026-08-06 23:21:08,760 [canton-env-ec-43] INFO  c.d.c.s.m.MediatorReplicaManager:mediator=mediator1 tid:28501c92162339bae5b2fb9db6cb0ab4 - Setting replica manager state to Active
2026-08-06 23:21:08,760 [canton-env-ec-43] INFO  c.d.c.s.m.MediatorReplicaManager:mediator=mediator1 tid:28501c92162339bae5b2fb9db6cb0ab4 - Successfully performed replica state change to Active
2026-08-06 23:21:08,762 [canton-env-ec-37] INFO  c.d.c.s.s.LocalSequencerStateEventSignaller:sequencer=sequencer1/psid=local::122089cb3fe0::35-0 - Creating signal source for MED::mediator1::12209640bd54...
2026-08-06 23:21:08,764 [canton-env-ec-35] INFO  c.d.c.t.TemporaryStoreRegistry:sequencer=sequencer1 tid:d0f44f009543a2a3d50e2cb752936f70 - Dropping temporary topology store local-setup
2026-08-06 23:21:08,764 [canton-env-ec-37] INFO  c.d.c.s.s.s.SubscriptionPool:sequencer=sequencer1 - Adding subscription for MED::mediator1::12209640bd54... to pool with 1 active
2026-08-06 23:21:08,792 [canton-env-ec-38] INFO  c.d.c.p.a.g.GrpcSynchronizerConnectivityService:participant=participant1 tid:fbadeaec26b810cdabfd8d9c6b5d607e - Registering new synchronizer SynchronizerConnectionConfig(
  synchronizer = Synchronizer 'da',
  sequencerConnections = SequencerConnections(
    connections = Sequencer 'sequencer1' -> GrpcSequencerConnection(sequencerAlias = Sequencer 'sequencer1', endpoints = http://127.0.0.1:5001),
    sequencer trust threshold = 1,
    sequencer liveness margin = 0,
    submission request amplification = SubmissionRequestAmplification(factor = 1, patience = 0s),
    sequencer connection pool delays = SequencerConnectionPoolDelays(minRestartDelay = 0.01s, maxRestartDelay = 10s, warnValidationDelay = 20s, subscriptionRequestDelay = 1s)
  ),
  manualConnect = false
)
2026-08-06 23:21:08,799 [canton-env-ec-43] INFO  c.d.c.l.a.ApiRequestLogger:sequencer=sequencer1 tid:fa25c48a9d251d4983ec4544315676a0 - Request grpc.health.v1.Health/Watch by grpc:/127.0.0.1:53189: cancelled
2026-08-06 23:21:08,802 [canton-env-ec-43] INFO  c.d.c.l.a.ApiRequestLogger:sequencer=sequencer1 tid:063bc4e327002e6edb66225c67f1a34f - Request grpc.health.v1.Health/Watch by grpc:/127.0.0.1:53190: cancelled
2026-08-06 23:21:08,805 [canton-env-ec-34] INFO  c.d.c.l.a.ApiRequestLogger:sequencer=sequencer1 tid:9a9aa0d710c397abb438122a1905df5a - Request grpc.health.v1.Health/Watch by grpc:/127.0.0.1:53191: cancelled
2026-08-06 23:21:08,806 [canton-env-ec-38] INFO  c.d.c.c.s.g.SequencerInfoLoader:participant=participant1 tid:fbadeaec26b810cdabfd8d9c6b5d607e - Version handshake with sequencer Sequencer 'sequencer1' and synchronizer using protocol version 35 succeeded.
2026-08-06 23:21:08,809 [canton-env-ec-36] INFO  c.d.c.l.a.ApiRequestLogger:sequencer=sequencer1 tid:ea75c3aed1478d5f346fab1894ee7d6f - Request grpc.health.v1.Health/Watch by grpc:/127.0.0.1:53192: cancelled
2026-08-06 23:21:08,810 [canton-env-ec-43] INFO  c.d.c.c.s.g.SequencerInfoLoader:participant=participant1 tid:fbadeaec26b810cdabfd8d9c6b5d607e - Retrieved synchronizer information: bootstrap information is SynchronizerClientBootstrapInfo(local::122089cb3fe0...::35-0,SEQ::sequencer1::12203194b0b9...) and synchronizer parameters are StaticSynchronizerParameters(
  required signing specs = RequiredSigningSpecs(algorithms = Set(Ed25519, EC-DSA-SHA256, EC-DSA-SHA384), keys = Set(EC-Curve25519, EC-P256, EC-P384, EC-Secp256k1)),
  required encryption specs = RequiredEncryptionSpecs(algorithms = Set(ECIES_HMAC256_AES128-CBC, RSA-OAEP-SHA256), keys = Set(EC-P256, RSA-2048)),
  required symmetric key schemes = AES128-GCM,
  required hash algorithms = SHA-256,
  required crypto key formats = Set(Raw, DER-encoded X.509 SubjectPublicKeyInfo, DER-encoded PKCS #8 PrivateKeyInfo),
  topology change delay = 0.25s,
  enable transparency checks = false,
  protocol version = 35,
  serial = 0
)
2026-08-06 23:21:08,825 [canton-env-ec-38] INFO  c.d.c.p.a.g.GrpcSynchronizerConnectivityService:participant=participant1 tid:fbadeaec26b810cdabfd8d9c6b5d607e - Connecting to synchronizer SynchronizerConnectionConfig(
  synchronizer = Synchronizer 'da',
  sequencerConnections = SequencerConnections(
    connections = Sequencer 'sequencer1' -> GrpcSequencerConnection(sequencerAlias = Sequencer 'sequencer1', endpoints = http://127.0.0.1:5001),
    sequencer trust threshold = 1,
    sequencer liveness margin = 0,
    submission request amplification = SubmissionRequestAmplification(factor = 1, patience = 0s),
    sequencer connection pool delays = SequencerConnectionPoolDelays(minRestartDelay = 0.01s, maxRestartDelay = 10s, warnValidationDelay = 20s, subscriptionRequestDelay = 1s)
  ),
  manualConnect = false
)
2026-08-06 23:21:08,831 [canton-env-ec-34] INFO  c.d.c.s.c.p.GrpcInternalSequencerConnection:participant=participant1/synchronizerAlias=Synchronizer 'da'/pool=main/connection=sequencer1-0 tid:fbadeaec26b810cdabfd8d9c6b5d607e - Starting internal-sequencer-connection-sequencer1-0
2026-08-06 23:21:08,831 [canton-env-ec-34] INFO  c.d.c.s.c.p.GrpcInternalSequencerConnection:participant=participant1/synchronizerAlias=Synchronizer 'da'/pool=main/connection=sequencer1-0 tid:fbadeaec26b810cdabfd8d9c6b5d607e - 'internal-sequencer-connection-sequencer1-0' is now in state Starting. Previous state was Initial.
2026-08-06 23:21:08,831 [canton-env-ec-34] INFO  c.d.c.s.c.p.GrpcConnection:participant=participant1/synchronizerAlias=Synchronizer 'da'/pool=main/connection=sequencer1-0 tid:fbadeaec26b810cdabfd8d9c6b5d607e - 'connection-sequencer1-0' is now in state Started. Previous state was Stopped.
2026-08-06 23:21:08,832 [canton-env-ec-34] INFO  c.d.c.s.c.p.GrpcInternalSequencerConnection:participant=participant1/synchronizerAlias=Synchronizer 'da'/pool=main/connection=sequencer1-0 tid:fbadeaec26b810cdabfd8d9c6b5d607e - 'internal-sequencer-connection-sequencer1-0' is now in state Started. Previous state was Starting.
2026-08-06 23:21:08,837 [canton-env-ec-43] INFO  c.d.c.s.c.p.GrpcInternalSequencerConnection:participant=participant1/synchronizerAlias=Synchronizer 'da'/pool=main/connection=sequencer1-0 tid:fbadeaec26b810cdabfd8d9c6b5d607e - 'internal-sequencer-connection-sequencer1-0' is now in state Validated. Previous state was Started.
2026-08-06 23:21:08,838 [canton-env-ec-43] INFO  c.d.c.s.c.p.SequencerConnectionPoolImpl:participant=participant1/synchronizerAlias=Synchronizer 'da'/pool=main tid:fbadeaec26b810cdabfd8d9c6b5d607e - 'sequencer-connection-pool' is now in state Ok(). Previous state was Not Initialized.
2026-08-06 23:21:08,867 [canton-env-ec-43] INFO  c.d.c.p.ParticipantNodeBootstrap$$anon$1:participant=participant1 tid:fbadeaec26b810cdabfd8d9c6b5d607e - Attempting to build, sign, and Replace SynchronizerTrustCertificate(participantId = PAR::participant1::1220b8ba0fff..., synchronizerId = local::122089cb3fe0...) with serial None() 
2026-08-06 23:21:08,875 [canton-env-ec-37] INFO  c.d.c.t.p.TopologyStateProcessorImpl:participant=participant1/store=Authorized tid:fbadeaec26b810cdabfd8d9c6b5d607e - Storing topology transaction 1/1 TxHash(SHA-256:3cd51eeccaa5...) with ts=EffectiveTime(2026-08-07T03:21:08.873667Z), signedBy=Set(1220b8ba0fff...)
2026-08-06 23:21:08,875 [canton-env-ec-41] INFO  c.d.c.t.p.TopologyStateProcessorImpl:participant=participant1/store=Authorized tid:fbadeaec26b810cdabfd8d9c6b5d607e - Persisted topology transactions (SequencedTime(2026-08-07T03:21:08.873667Z), EffectiveTime(2026-08-07T03:21:08.873667Z)):
ValidatedTopologyTransaction(
  SignedTopologyTransaction(
    TopologyTransaction(
      SynchronizerTrustCertificate(participantId = PAR::participant1::1220b8ba0fff..., synchronizerId = local::122089cb3fe0...),
      serial = 1,
      operation = Replace,
      hash = SHA-256:3cd51eeccaa5...
    ),
    signatures = 1220b8ba0fff...
  )
)
2026-08-06 23:21:08,890 [canton-env-ec-37] INFO  c.d.c.l.a.ApiRequestLogger:sequencer=sequencer1 tid:8e63577f55806c0f4dfb74759b96fda2 - Request grpc.health.v1.Health/Watch by grpc:/127.0.0.1:53194: cancelled
2026-08-06 23:21:08,909 [canton-env-ec-42] INFO  c.d.c.t.p.TopologyStateProcessorImpl:sequencer=sequencer1 tid:fbadeaec26b810cdabfd8d9c6b5d607e - Enqueuing topology transaction 1/3 TxHash(SHA-256:b70f4f55edaa...) with ts=EffectiveTime(0001-01-01T00:00:00.000002Z), signedBy=Set(1220b8ba0fff...)
2026-08-06 23:21:08,909 [canton-env-ec-42] INFO  c.d.c.t.p.TopologyStateProcessorImpl:sequencer=sequencer1 tid:fbadeaec26b810cdabfd8d9c6b5d607e - Enqueuing topology transaction 2/3 TxHash(SHA-256:33307fb0d486...) with ts=EffectiveTime(0001-01-01T00:00:00.000002Z), signedBy=Set(1220b8ba0fff..., 122086f2961f..., 122060484082...)
2026-08-06 23:21:08,909 [canton-env-ec-42] INFO  c.d.c.t.p.TopologyStateProcessorImpl:sequencer=sequencer1 tid:fbadeaec26b810cdabfd8d9c6b5d607e - Enqueuing topology transaction 3/3 TxHash(SHA-256:3cd51eeccaa5...) with ts=EffectiveTime(0001-01-01T00:00:00.000002Z), signedBy=Set(1220b8ba0fff...)
2026-08-06 23:21:08,910 [canton-env-ec-42] INFO  c.d.c.t.p.TopologyStateProcessorImpl:sequencer=sequencer1 tid:fbadeaec26b810cdabfd8d9c6b5d607e - Enqueued topology transactions:
ValidatedTopologyTransaction(
  SignedTopologyTransaction(
    TopologyTransaction(
      NamespaceDelegation(
        namespace = 1220b8ba0fff...,
        target = SigningPublicKey(id = 1220b8ba0fff..., format = DER-encoded X.509 SubjectPublicKeyInfo, keySpec = EC-Curve25519, usage = namespace),
        restriction = none
      ),
      serial = 1,
      operation = Replace,
      hash = SHA-256:b70f4f55edaa...
    ),
    signatures = 1220b8ba0fff...
  )
),
ValidatedTopologyTransaction(
  SignedTopologyTransaction(
    TopologyTransaction(
      OwnerToKeyMapping(member = PAR::participant1::1220b8ba0fff..., signingKeys = Seq(122060484082..., 122086f2961f...), encryptionKeys = 12209df6220c...),
      serial = 1,
      operation = Replace,
      hash = SHA-256:33307fb0d486...
    ),
    signatures = Seq(122060484082..., 122086f2961f..., 1220b8ba0fff...)
  )
),
ValidatedTopologyTransaction(
  SignedTopologyTransaction(
    TopologyTransaction(
      SynchronizerTrustCertificate(participantId = PAR::participant1::1220b8ba0fff..., synchronizerId = local::122089cb3fe0...),
      serial = 1,
      operation = Replace,
      hash = SHA-256:3cd51eeccaa5...
    ),
    signatures = 1220b8ba0fff...
  )
)
2026-08-06 23:21:08,914 [canton-env-ec-38] INFO  c.d.c.l.a.ApiRequestLogger:sequencer=sequencer1 tid:20b14b86a7f617b86ef3b2e77db059cb - Request grpc.health.v1.Health/Watch by grpc:/127.0.0.1:53195: cancelled
2026-08-06 23:21:08,919 [canton-env-ec-38] INFO  c.d.c.l.a.ApiRequestLogger:sequencer=sequencer1 tid:eec85a55fa90aa90970f4190f1157149 - Request grpc.health.v1.Health/Watch by grpc:/127.0.0.1:53196: cancelled
2026-08-06 23:21:08,920 [canton-env-ec-41] INFO  c.d.c.c.s.g.GrpcSequencerConnectClient:participant=participant1/synchronizerAlias=Synchronizer 'da'/sequencerAlias=sequencer1/sequencerConnection=127_0_0_1:5001 tid:fbadeaec26b810cdabfd8d9c6b5d607e - The operation 'verify active' was not successful. New kind of error: no success error (request infinite retries). Retrying after 0.5s. Result: Outcome(Right(false)). 
2026-08-06 23:21:09,122 [canton-env-ec-43] INFO  c.d.c.s.s.b.b.c.m.c.i.IssConsensusModule:sequencer=sequencer1/psid=local::122089cb3fe0::35-0 tid:d7e1410e76a127c5227047827ae9c97a - Block (epochNumber=0, blockNumber=1) has been ordered
2026-08-06 23:21:09,143 [canton-env-ec-42] INFO  c.d.c.s.b.u.BlockChunkProcessor:sequencer=sequencer1/psid=local::122089cb3fe0::35-0 tid:d7e1410e76a127c5227047827ae9c97a - Processing block 1, data chunk 0. Last chunk timestamp=1970-01-01T00:00:00Z, last sequencer event timestamp=None. 1 events:
  Send of 'c885e1f4-6c86-4ca3-a6b2-6e6db9f3baec' at 2026-08-07T03:21:08.352437Z (tc=d7e1410e76a127c5227047827ae9c97a)
2026-08-06 23:21:09,147 [canton-env-ec-42] INFO  c.d.c.s.b.u.BlockChunkProcessor:sequencer=sequencer1/psid=local::122089cb3fe0::35-0 tid:d7e1410e76a127c5227047827ae9c97a - Using approximate topology snapshot at 0001-01-01T00:00:00.000002Z for desired timestamp 1970-01-01T00:00:00Z
2026-08-06 23:21:09,147 [canton-env-ec-37] INFO  c.d.c.s.b.u.BlockChunkProcessor:sequencer=sequencer1/psid=local::122089cb3fe0::35-0 tid:d7e1410e76a127c5227047827ae9c97a - Using approximate topology snapshot at 0001-01-01T00:00:00.000002Z for desired timestamp 2026-08-07T03:21:08.352437Z
2026-08-06 23:21:09,197 [canton-env-ec-34] INFO  c.d.c.s.c.SequencedEventValidatorImpl:mediator=mediator1/psid=local::122089cb3fe0::35-0/connection=sequencer-connection-sequencer1-0 tid:d7e1410e76a127c5227047827ae9c97a - Skipping signature verification of the first sequenced event due to a fresh subscription from SEQ::sequencer1::12203194b0b9...
2026-08-06 23:21:09,198 [canton-env-ec-43] INFO  c.d.c.s.c.p.SubscriptionHandler:mediator=mediator1/psid=local::122089cb3fe0::35-0/connection=sequencer-connection-sequencer1-0 tid:d7e1410e76a127c5227047827ae9c97a - Caught up with sequencer on batch with timestamp = 2026-08-07T03:21:08.352437Z; delta = PT0.846043S (threshold = PT2562047788015215H30M7.999999999S)
2026-08-06 23:21:09,202 [canton-env-ec-42] INFO  c.d.c.s.m.Mediator:mediator=mediator1/psid=local::122089cb3fe0::35-0 tid:d7e1410e76a127c5227047827ae9c97a - Caught up with sequencer on batch with timestamp = 2026-08-07T03:21:08.352437Z; delta = PT0.84988S (threshold = PT20S)
2026-08-06 23:21:09,211 [canton-env-ec-35] INFO  c.d.c.t.p.TopologyStateProcessorImpl:sequencer=sequencer1/psid=local::122089cb3fe0::35-0 tid:d7e1410e76a127c5227047827ae9c97a - Storing topology transaction 1/3 TxHash(SHA-256:b70f4f55edaa...) with ts=EffectiveTime(2026-08-07T03:21:08.602437Z), signedBy=Set(1220b8ba0fff...)
2026-08-06 23:21:09,211 [canton-env-ec-35] INFO  c.d.c.t.p.TopologyStateProcessorImpl:sequencer=sequencer1/psid=local::122089cb3fe0::35-0 tid:d7e1410e76a127c5227047827ae9c97a - Storing topology transaction 2/3 TxHash(SHA-256:33307fb0d486...) with ts=EffectiveTime(2026-08-07T03:21:08.602437Z), signedBy=Set(1220b8ba0fff..., 122086f2961f..., 122060484082...)
2026-08-06 23:21:09,211 [canton-env-ec-35] INFO  c.d.c.t.p.TopologyStateProcessorImpl:sequencer=sequencer1/psid=local::122089cb3fe0::35-0 tid:d7e1410e76a127c5227047827ae9c97a - Storing topology transaction 3/3 TxHash(SHA-256:3cd51eeccaa5...) with ts=EffectiveTime(2026-08-07T03:21:08.602437Z), signedBy=Set(1220b8ba0fff...)
2026-08-06 23:21:09,211 [canton-env-ec-43] INFO  c.d.c.t.p.TopologyStateProcessorImpl:mediator=mediator1/psid=local::122089cb3fe0::35-0 tid:d7e1410e76a127c5227047827ae9c97a - Storing topology transaction 1/3 TxHash(SHA-256:b70f4f55edaa...) with ts=EffectiveTime(2026-08-07T03:21:08.602437Z), signedBy=Set(1220b8ba0fff...)
2026-08-06 23:21:09,211 [canton-env-ec-43] INFO  c.d.c.t.p.TopologyStateProcessorImpl:mediator=mediator1/psid=local::122089cb3fe0::35-0 tid:d7e1410e76a127c5227047827ae9c97a - Storing topology transaction 2/3 TxHash(SHA-256:33307fb0d486...) with ts=EffectiveTime(2026-08-07T03:21:08.602437Z), signedBy=Set(1220b8ba0fff..., 122086f2961f..., 122060484082...)
2026-08-06 23:21:09,211 [canton-env-ec-43] INFO  c.d.c.t.p.TopologyStateProcessorImpl:mediator=mediator1/psid=local::122089cb3fe0::35-0 tid:d7e1410e76a127c5227047827ae9c97a - Storing topology transaction 3/3 TxHash(SHA-256:3cd51eeccaa5...) with ts=EffectiveTime(2026-08-07T03:21:08.602437Z), signedBy=Set(1220b8ba0fff...)
2026-08-06 23:21:09,212 [canton-env-ec-35] INFO  c.d.c.t.p.TopologyStateProcessorImpl:sequencer=sequencer1/psid=local::122089cb3fe0::35-0 tid:d7e1410e76a127c5227047827ae9c97a - Persisted topology transactions (SequencedTime(2026-08-07T03:21:08.352437Z), EffectiveTime(2026-08-07T03:21:08.602437Z)):
ValidatedTopologyTransaction(
  SignedTopologyTransaction(
    TopologyTransaction(
      NamespaceDelegation(
        namespace = 1220b8ba0fff...,
        target = SigningPublicKey(id = 1220b8ba0fff..., format = DER-encoded X.509 SubjectPublicKeyInfo, keySpec = EC-Curve25519, usage = namespace),
        restriction = none
      ),
      serial = 1,
      operation = Replace,
      hash = SHA-256:b70f4f55edaa...
    ),
    signatures = 1220b8ba0fff...
  )
),
ValidatedTopologyTransaction(
  SignedTopologyTransaction(
    TopologyTransaction(
      OwnerToKeyMapping(member = PAR::participant1::1220b8ba0fff..., signingKeys = Seq(122060484082..., 122086f2961f...), encryptionKeys = 12209df6220c...),
      serial = 1,
      operation = Replace,
      hash = SHA-256:33307fb0d486...
    ),
    signatures = Seq(122060484082..., 122086f2961f..., 1220b8ba0fff...)
  )
),
ValidatedTopologyTransaction(
  SignedTopologyTransaction(
    TopologyTransaction(
      SynchronizerTrustCertificate(participantId = PAR::participant1::1220b8ba0fff..., synchronizerId = local::122089cb3fe0...),
      serial = 1,
      operation = Replace,
      hash = SHA-256:3cd51eeccaa5...
    ),
    signatures = 1220b8ba0fff...
  )
)
2026-08-06 23:21:09,212 [canton-env-ec-38] INFO  c.d.c.t.p.TopologyStateProcessorImpl:mediator=mediator1/psid=local::122089cb3fe0::35-0 tid:d7e1410e76a127c5227047827ae9c97a - Persisted topology transactions (SequencedTime(2026-08-07T03:21:08.352437Z), EffectiveTime(2026-08-07T03:21:08.602437Z)):
ValidatedTopologyTransaction(
  SignedTopologyTransaction(
    TopologyTransaction(
      NamespaceDelegation(
        namespace = 1220b8ba0fff...,
        target = SigningPublicKey(id = 1220b8ba0fff..., format = DER-encoded X.509 SubjectPublicKeyInfo, keySpec = EC-Curve25519, usage = namespace),
        restriction = none
      ),
      serial = 1,
      operation = Replace,
      hash = SHA-256:b70f4f55edaa...
    ),
    signatures = 1220b8ba0fff...
  )
),
ValidatedTopologyTransaction(
  SignedTopologyTransaction(
    TopologyTransaction(
      OwnerToKeyMapping(member = PAR::participant1::1220b8ba0fff..., signingKeys = Seq(122060484082..., 122086f2961f...), encryptionKeys = 12209df6220c...),
      serial = 1,
      operation = Replace,
      hash = SHA-256:33307fb0d486...
    ),
    signatures = Seq(122060484082..., 122086f2961f..., 1220b8ba0fff...)
  )
),
ValidatedTopologyTransaction(
  SignedTopologyTransaction(
    TopologyTransaction(
      SynchronizerTrustCertificate(participantId = PAR::participant1::1220b8ba0fff..., synchronizerId = local::122089cb3fe0...),
      serial = 1,
      operation = Replace,
      hash = SHA-256:3cd51eeccaa5...
    ),
    signatures = 1220b8ba0fff...
  )
)
2026-08-06 23:21:09,213 [canton-env-ec-41] INFO  c.d.c.s.s.SequencerRuntime:sequencer=sequencer1/psid=local::122089cb3fe0::35-0 tid:d7e1410e76a127c5227047827ae9c97a - Topology change has triggered sequencer registration of member PAR::participant1::1220b8ba0fff...
2026-08-06 23:21:09,214 [canton-env-ec-36] INFO  c.d.c.t.c.WriteThroughCacheSynchronizerTopologyClient:sequencer=sequencer1/psid=local::122089cb3fe0::35-0 tid:d7e1410e76a127c5227047827ae9c97a - Crash recovery on topology state completed, as cleanAsOf is at EffectiveTime(2026-08-07T03:21:08.602437Z) while grabbing snapshot at 2026-08-07T03:21:08.352438Z, dropping secondary cache which was at Some(EffectiveTime(0001-01-01T00:00:00.000002Z))
2026-08-06 23:21:09,426 [canton-env-ec-34] INFO  c.d.c.c.s.g.GrpcSequencerConnectClient:participant=participant1/synchronizerAlias=Synchronizer 'da'/sequencerAlias=sequencer1/sequencerConnection=127_0_0_1:5001 tid:fbadeaec26b810cdabfd8d9c6b5d607e - Now retrying operation 'verify active'. 
2026-08-06 23:21:09,434 [canton-env-ec-35] INFO  c.d.c.l.a.ApiRequestLogger:sequencer=sequencer1 tid:cbcf7057bae6f8f219ea9bf2f5007886 - Request grpc.health.v1.Health/Watch by grpc:/127.0.0.1:53197: cancelled
2026-08-06 23:21:09,434 [canton-env-ec-41] INFO  c.d.c.c.s.g.GrpcSequencerConnectClient:participant=participant1/synchronizerAlias=Synchronizer 'da'/sequencerAlias=sequencer1/sequencerConnection=127_0_0_1:5001 tid:fbadeaec26b810cdabfd8d9c6b5d607e - The operation 'verify active' was not successful. Retrying after 0.5s. Result: Outcome(Right(false)). 
2026-08-06 23:21:09,935 [canton-env-ec-41] INFO  c.d.c.c.s.g.GrpcSequencerConnectClient:participant=participant1/synchronizerAlias=Synchronizer 'da'/sequencerAlias=sequencer1/sequencerConnection=127_0_0_1:5001 tid:fbadeaec26b810cdabfd8d9c6b5d607e - Now retrying operation 'verify active'. 
2026-08-06 23:21:09,957 [canton-env-ec-42] INFO  c.d.c.l.a.ApiRequestLogger:sequencer=sequencer1 tid:4fbb3cc5a2e9cc48cd002e230f2a994d - Request grpc.health.v1.Health/Watch by grpc:/127.0.0.1:53199: cancelled
2026-08-06 23:21:09,958 [canton-env-ec-35] INFO  c.d.c.c.s.g.GrpcSequencerConnectClient:participant=participant1/synchronizerAlias=Synchronizer 'da'/sequencerAlias=sequencer1/sequencerConnection=127_0_0_1:5001 tid:fbadeaec26b810cdabfd8d9c6b5d607e - The operation 'verify active' was not successful. Retrying after 0.5s. Result: Outcome(Right(false)). 
2026-08-06 23:21:10,464 [canton-env-ec-35] INFO  c.d.c.c.s.g.GrpcSequencerConnectClient:participant=participant1/synchronizerAlias=Synchronizer 'da'/sequencerAlias=sequencer1/sequencerConnection=127_0_0_1:5001 tid:fbadeaec26b810cdabfd8d9c6b5d607e - Now retrying operation 'verify active'. 
2026-08-06 23:21:10,485 [canton-env-ec-36] INFO  c.d.c.l.a.ApiRequestLogger:sequencer=sequencer1 tid:0cf486bebeae1fcabc269bf2545772c1 - Request grpc.health.v1.Health/Watch by grpc:/127.0.0.1:53200: cancelled
2026-08-06 23:21:10,486 [canton-env-ec-35] INFO  c.d.c.c.s.g.GrpcSequencerConnectClient:participant=participant1/synchronizerAlias=Synchronizer 'da'/sequencerAlias=sequencer1/sequencerConnection=127_0_0_1:5001 tid:fbadeaec26b810cdabfd8d9c6b5d607e - The operation 'verify active' was not successful. Retrying after 0.5s. Result: Outcome(Right(false)). 
2026-08-06 23:21:10,991 [canton-env-ec-35] INFO  c.d.c.c.s.g.GrpcSequencerConnectClient:participant=participant1/synchronizerAlias=Synchronizer 'da'/sequencerAlias=sequencer1/sequencerConnection=127_0_0_1:5001 tid:fbadeaec26b810cdabfd8d9c6b5d607e - Now retrying operation 'verify active'. 
2026-08-06 23:21:11,008 [canton-env-ec-43] INFO  c.d.c.l.a.ApiRequestLogger:sequencer=sequencer1 tid:ab06f95fd8f5c6435a3ebfcda01ce5a0 - Request grpc.health.v1.Health/Watch by grpc:/127.0.0.1:53201: cancelled
2026-08-06 23:21:11,009 [canton-env-ec-42] INFO  c.d.c.c.s.g.GrpcSequencerConnectClient:participant=participant1/synchronizerAlias=Synchronizer 'da'/sequencerAlias=sequencer1/sequencerConnection=127_0_0_1:5001 tid:fbadeaec26b810cdabfd8d9c6b5d607e - The operation 'verify active' was not successful. Retrying after 0.5s. Result: Outcome(Right(false)). 
2026-08-06 23:21:11,513 [canton-env-ec-42] INFO  c.d.c.c.s.g.GrpcSequencerConnectClient:participant=participant1/synchronizerAlias=Synchronizer 'da'/sequencerAlias=sequencer1/sequencerConnection=127_0_0_1:5001 tid:fbadeaec26b810cdabfd8d9c6b5d607e - Now retrying operation 'verify active'. 
2026-08-06 23:21:11,536 [canton-env-ec-42] INFO  c.d.c.l.a.ApiRequestLogger:sequencer=sequencer1 tid:72270ceb2fbf763f38a70303cd3a84d1 - Request grpc.health.v1.Health/Watch by grpc:/127.0.0.1:53202: cancelled
2026-08-06 23:21:11,537 [canton-env-ec-41] INFO  c.d.c.c.s.g.GrpcSequencerConnectClient:participant=participant1/synchronizerAlias=Synchronizer 'da'/sequencerAlias=sequencer1/sequencerConnection=127_0_0_1:5001 tid:fbadeaec26b810cdabfd8d9c6b5d607e - The operation 'verify active' was not successful. Retrying after 0.5s. Result: Outcome(Right(false)). 
2026-08-06 23:21:12,042 [canton-env-ec-42] INFO  c.d.c.c.s.g.GrpcSequencerConnectClient:participant=participant1/synchronizerAlias=Synchronizer 'da'/sequencerAlias=sequencer1/sequencerConnection=127_0_0_1:5001 tid:fbadeaec26b810cdabfd8d9c6b5d607e - Now retrying operation 'verify active'. 
2026-08-06 23:21:12,057 [canton-env-ec-42] INFO  c.d.c.l.a.ApiRequestLogger:sequencer=sequencer1 tid:efd20733e6213b1658e62fb974516036 - Request grpc.health.v1.Health/Watch by grpc:/127.0.0.1:53204: cancelled
2026-08-06 23:21:12,057 [canton-env-ec-41] INFO  c.d.c.c.s.g.GrpcSequencerConnectClient:participant=participant1/synchronizerAlias=Synchronizer 'da'/sequencerAlias=sequencer1/sequencerConnection=127_0_0_1:5001 tid:fbadeaec26b810cdabfd8d9c6b5d607e - The operation 'verify active' was not successful. Retrying after 0.5s. Result: Outcome(Right(false)). 
2026-08-06 23:21:12,563 [canton-env-ec-41] INFO  c.d.c.c.s.g.GrpcSequencerConnectClient:participant=participant1/synchronizerAlias=Synchronizer 'da'/sequencerAlias=sequencer1/sequencerConnection=127_0_0_1:5001 tid:fbadeaec26b810cdabfd8d9c6b5d607e - Now retrying operation 'verify active'. 
2026-08-06 23:21:12,577 [canton-env-ec-42] INFO  c.d.c.l.a.ApiRequestLogger:sequencer=sequencer1 tid:20bd9513f5d749cf3a7436c3b444503a - Request grpc.health.v1.Health/Watch by grpc:/127.0.0.1:53205: cancelled
2026-08-06 23:21:12,577 [canton-env-ec-38] INFO  c.d.c.c.s.g.GrpcSequencerConnectClient:participant=participant1/synchronizerAlias=Synchronizer 'da'/sequencerAlias=sequencer1/sequencerConnection=127_0_0_1:5001 tid:fbadeaec26b810cdabfd8d9c6b5d607e - The operation 'verify active' was not successful. Retrying after 0.5s. Result: Outcome(Right(false)). 
2026-08-06 23:21:13,083 [canton-env-ec-38] INFO  c.d.c.c.s.g.GrpcSequencerConnectClient:participant=participant1/synchronizerAlias=Synchronizer 'da'/sequencerAlias=sequencer1/sequencerConnection=127_0_0_1:5001 tid:fbadeaec26b810cdabfd8d9c6b5d607e - Now retrying operation 'verify active'. 
2026-08-06 23:21:13,102 [canton-env-ec-36] INFO  c.d.c.l.a.ApiRequestLogger:sequencer=sequencer1 tid:977b3ba06159857fcbc546a1f622dd2a - Request grpc.health.v1.Health/Watch by grpc:/127.0.0.1:53207: cancelled
2026-08-06 23:21:13,103 [canton-env-ec-37] INFO  c.d.c.c.s.g.GrpcSequencerConnectClient:participant=participant1/synchronizerAlias=Synchronizer 'da'/sequencerAlias=sequencer1/sequencerConnection=127_0_0_1:5001 tid:fbadeaec26b810cdabfd8d9c6b5d607e - The operation 'verify active' was not successful. Retrying after 0.5s. Result: Outcome(Right(false)). 
2026-08-06 23:21:13,607 [canton-env-ec-34] INFO  c.d.c.c.s.g.GrpcSequencerConnectClient:participant=participant1/synchronizerAlias=Synchronizer 'da'/sequencerAlias=sequencer1/sequencerConnection=127_0_0_1:5001 tid:fbadeaec26b810cdabfd8d9c6b5d607e - Now retrying operation 'verify active'. 
2026-08-06 23:21:13,628 [canton-env-ec-34] INFO  c.d.c.l.a.ApiRequestLogger:sequencer=sequencer1 tid:4d1e988ecc2b20d84c18b1c36e23c0a9 - Request grpc.health.v1.Health/Watch by grpc:/127.0.0.1:53208: cancelled
2026-08-06 23:21:13,628 [canton-env-ec-35] INFO  c.d.c.c.s.g.GrpcSequencerConnectClient:participant=participant1/synchronizerAlias=Synchronizer 'da'/sequencerAlias=sequencer1/sequencerConnection=127_0_0_1:5001 tid:fbadeaec26b810cdabfd8d9c6b5d607e - The operation 'verify active' was not successful. Retrying after 0.5s. Result: Outcome(Right(false)). 
2026-08-06 23:21:14,134 [canton-env-ec-35] INFO  c.d.c.c.s.g.GrpcSequencerConnectClient:participant=participant1/synchronizerAlias=Synchronizer 'da'/sequencerAlias=sequencer1/sequencerConnection=127_0_0_1:5001 tid:fbadeaec26b810cdabfd8d9c6b5d607e - Now retrying operation 'verify active'. 
2026-08-06 23:21:14,145 [canton-env-ec-42] INFO  c.d.c.s.s.b.b.c.m.c.i.IssConsensusModule:sequencer=sequencer1/psid=local::122089cb3fe0::35-0 tid:d0b9f0c6086f80f79029ce8de95e29c5 - Block (epochNumber=0, blockNumber=2) has been ordered
2026-08-06 23:21:14,149 [canton-env-ec-35] INFO  c.d.c.l.a.ApiRequestLogger:sequencer=sequencer1 tid:d5b593ce316fb622d01b79016c1d8841 - Request grpc.health.v1.Health/Watch by grpc:/127.0.0.1:53215: cancelled
2026-08-06 23:21:14,149 [canton-env-ec-34] INFO  c.d.c.c.s.g.GrpcSequencerConnectClient:participant=participant1/synchronizerAlias=Synchronizer 'da'/sequencerAlias=sequencer1/sequencerConnection=127_0_0_1:5001 tid:fbadeaec26b810cdabfd8d9c6b5d607e - The operation 'verify active' was not successful. Retrying after 0.5s. Result: Outcome(Right(false)). 
2026-08-06 23:21:14,157 [canton-env-ec-42] INFO  c.d.c.t.c.WriteThroughCacheSynchronizerTopologyClient:mediator=mediator1/psid=local::122089cb3fe0::35-0 tid:a153dd49b4641c1f96327a5d90b0f4af - Crash recovery on topology state completed, as cleanAsOf is at EffectiveTime(2026-08-07T03:21:08.602437Z) while grabbing snapshot at 2026-08-07T03:21:08.602438Z, dropping secondary cache which was at Some(EffectiveTime(0001-01-01T00:00:00.000002Z))
2026-08-06 23:21:14,655 [canton-env-ec-37] INFO  c.d.c.c.s.g.GrpcSequencerConnectClient:participant=participant1/synchronizerAlias=Synchronizer 'da'/sequencerAlias=sequencer1/sequencerConnection=127_0_0_1:5001 tid:fbadeaec26b810cdabfd8d9c6b5d607e - Now retrying operation 'verify active'. 
2026-08-06 23:21:14,682 [canton-env-ec-36] INFO  c.d.c.l.a.ApiRequestLogger:sequencer=sequencer1 tid:ae6ff502a9e24190d43bf4ac36de4013 - Request grpc.health.v1.Health/Watch by grpc:/127.0.0.1:53217: cancelled
2026-08-06 23:21:14,685 [canton-env-ec-38] INFO  c.d.c.s.c.SequencerClientFactory$$anon$1:participant=participant1/psid=local::122089cb3fe0::35-0 tid:fbadeaec26b810cdabfd8d9c6b5d607e - Failed to retrieve dynamic synchronizer parameters during sequencer client initialization. Assuming traffic control is enabled. Unable to fetch synchronizer parameters at 0001-01-01T00:00:00.000001Z
2026-08-06 23:21:14,685 [canton-env-ec-38] INFO  c.d.c.s.c.SequencerClientFactory$$anon$1:participant=participant1/psid=local::122089cb3fe0::35-0 tid:fbadeaec26b810cdabfd8d9c6b5d607e - Initializing traffic state at timestamp: None
2026-08-06 23:21:14,697 [canton-env-ec-43] INFO  c.d.c.s.s.a.MemberAuthenticationServiceImpl:sequencer=sequencer1/psid=local::122089cb3fe0::35-0 tid:fbadeaec26b810cdabfd8d9c6b5d607e - PAR::participant1::1220b8ba0fff... authenticated new token with expiry 2026-08-07T04:21:14.697105Z
2026-08-06 23:21:14,700 [canton-env-ec-38] INFO  c.d.c.t.s.StoreBasedTopologyStateForInitializationService:sequencer=sequencer1/psid=local::122089cb3fe0::35-0 tid:fbadeaec26b810cdabfd8d9c6b5d607e - Computing initial topology state hash at 2026-08-07T03:21:08.602437Z for PAR::participant1::1220b8ba0fff... active at EffectiveTime(2026-08-07T03:21:08.602437Z)
2026-08-06 23:21:14,702 [canton-env-ec-38] INFO  c.d.c.s.c.BftTopologyForInitDownloader$:participant=participant1/psid=local::122089cb3fe0::35-0 tid:fbadeaec26b810cdabfd8d9c6b5d607e - Expecting topology state for init with hash TopologyStateForInitHashResponse(SHA-256:622c52e56eb4...)
2026-08-06 23:21:14,703 [canton-env-ec-37] INFO  c.d.c.t.s.StoreBasedTopologyStateForInitializationService:sequencer=sequencer1/psid=local::122089cb3fe0::35-0 - Fetching initial topology state at 2026-08-07T03:21:08.602437Z for PAR::participant1::1220b8ba0fff... active at EffectiveTime(2026-08-07T03:21:08.602437Z)
2026-08-06 23:21:14,709 [canton-env-ec-34] INFO  c.d.c.s.c.BftTopologyForInitDownloader$:participant=participant1/psid=local::122089cb3fe0::35-0 tid:fbadeaec26b810cdabfd8d9c6b5d607e - Successfully downloaded topology state of 11 for init with hash matching expected SHA-256:622c52e56eb4...
2026-08-06 23:21:14,709 [canton-env-ec-35] INFO  c.d.c.t.p.InitialTopologySnapshotValidator:participant=participant1/psid=local::122089cb3fe0::35-0 tid:fbadeaec26b810cdabfd8d9c6b5d607e - Validating 11/11 transactions to initialize the topology store local::122089cb3fe0...::35-0 with 2 sequencer times
2026-08-06 23:21:14,717 [canton-env-ec-35] INFO  c.d.c.t.p.TopologyStateProcessorImpl:participant=participant1/psid=local::122089cb3fe0::35-0 tid:fbadeaec26b810cdabfd8d9c6b5d607e - Storing topology transaction 1/8 TxHash(SHA-256:e3e9dfb40540...) with ts=EffectiveTime(0001-01-01T00:00:00.000001Z), signedBy=Set(12203194b0b9...)
2026-08-06 23:21:14,717 [canton-env-ec-35] INFO  c.d.c.t.p.TopologyStateProcessorImpl:participant=participant1/psid=local::122089cb3fe0::35-0 tid:fbadeaec26b810cdabfd8d9c6b5d607e - Storing topology transaction 2/8 TxHash(SHA-256:7729f1b99a3b...) with ts=EffectiveTime(0001-01-01T00:00:00.000001Z), signedBy=Set(12203194b0b9..., 1220d4b835a4..., 122023f7cdab...)
2026-08-06 23:21:14,717 [canton-env-ec-35] INFO  c.d.c.t.p.TopologyStateProcessorImpl:participant=participant1/psid=local::122089cb3fe0::35-0 tid:fbadeaec26b810cdabfd8d9c6b5d607e - Storing topology transaction 3/8 TxHash(SHA-256:b99a34daef3f...) with ts=EffectiveTime(0001-01-01T00:00:00.000001Z), signedBy=Set(12209640bd54...)
2026-08-06 23:21:14,717 [canton-env-ec-35] INFO  c.d.c.t.p.TopologyStateProcessorImpl:participant=participant1/psid=local::122089cb3fe0::35-0 tid:fbadeaec26b810cdabfd8d9c6b5d607e - Storing topology transaction 4/8 TxHash(SHA-256:ef04238678ba...) with ts=EffectiveTime(0001-01-01T00:00:00.000001Z), signedBy=Set(12209640bd54..., 12205453da86..., 12209615e187...)
2026-08-06 23:21:14,717 [canton-env-ec-35] INFO  c.d.c.t.p.TopologyStateProcessorImpl:participant=participant1/psid=local::122089cb3fe0::35-0 tid:fbadeaec26b810cdabfd8d9c6b5d607e - Storing topology transaction 5/8 TxHash(SHA-256:d530fbfb4c11...) with ts=EffectiveTime(0001-01-01T00:00:00.000001Z), signedBy=Set(12203194b0b9...)
2026-08-06 23:21:14,717 [canton-env-ec-35] INFO  c.d.c.t.p.TopologyStateProcessorImpl:participant=participant1/psid=local::122089cb3fe0::35-0 tid:fbadeaec26b810cdabfd8d9c6b5d607e - Storing topology transaction 6/8 TxHash(SHA-256:fd74fd7698df...) with ts=EffectiveTime(0001-01-01T00:00:00.000001Z), signedBy=Set(12203194b0b9...)
2026-08-06 23:21:14,717 [canton-env-ec-35] INFO  c.d.c.t.p.TopologyStateProcessorImpl:participant=participant1/psid=local::122089cb3fe0::35-0 tid:fbadeaec26b810cdabfd8d9c6b5d607e - Storing topology transaction 7/8 TxHash(SHA-256:1d275deca091...) with ts=EffectiveTime(0001-01-01T00:00:00.000001Z), signedBy=Set(12203194b0b9...)
2026-08-06 23:21:14,718 [canton-env-ec-35] INFO  c.d.c.t.p.TopologyStateProcessorImpl:participant=participant1/psid=local::122089cb3fe0::35-0 tid:fbadeaec26b810cdabfd8d9c6b5d607e - Storing topology transaction 8/8 TxHash(SHA-256:8fc760816bce...) with ts=EffectiveTime(0001-01-01T00:00:00.000001Z), signedBy=Set(12203194b0b9...)
2026-08-06 23:21:14,720 [canton-env-ec-35] INFO  c.d.c.t.p.TopologyStateProcessorImpl:participant=participant1/psid=local::122089cb3fe0::35-0 tid:fbadeaec26b810cdabfd8d9c6b5d607e - Persisted topology transactions (SequencedTime(0001-01-01T00:00:00.000001Z), EffectiveTime(0001-01-01T00:00:00.000001Z)):
ValidatedTopologyTransaction(
  SignedTopologyTransaction(
    TopologyTransaction(
      NamespaceDelegation(
        namespace = 12203194b0b9...,
        target = SigningPublicKey(id = 12203194b0b9..., format = DER-encoded X.509 SubjectPublicKeyInfo, keySpec = EC-Curve25519, usage = namespace),
        restriction = none
      ),
      serial = 1,
      operation = Replace,
      hash = SHA-256:e3e9dfb40540...
    ),
    signatures = 12203194b0b9...
  )
),
ValidatedTopologyTransaction(
  SignedTopologyTransaction(
    TopologyTransaction(
      OwnerToKeyMapping(member = SEQ::sequencer1::12203194b0b9..., signingKeys = Seq(122023f7cdab..., 1220d4b835a4...)),
      serial = 1,
      operation = Replace,
      hash = SHA-256:7729f1b99a3b...
    ),
    signatures = Seq(122023f7cdab..., 12203194b0b9..., 1220d4b835a4...)
  )
),
ValidatedTopologyTransaction(
  SignedTopologyTransaction(
    TopologyTransaction(
      NamespaceDelegation(
        namespace = 12209640bd54...,
        target = SigningPublicKey(id = 12209640bd54..., format = DER-encoded X.509 SubjectPublicKeyInfo, keySpec = EC-Curve25519, usage = namespace),
        restriction = none
      ),
      serial = 1,
      operation = Replace,
      hash = SHA-256:b99a34daef3f...
    ),
    signatures = 12209640bd54...
  )
),
ValidatedTopologyTransaction(
  SignedTopologyTransaction(
    TopologyTransaction(
      OwnerToKeyMapping(member = MED::mediator1::12209640bd54..., signingKeys = Seq(12205453da86..., 12209615e187...)),
      serial = 1,
      operation = Replace,
      hash = SHA-256:ef04238678ba...
    ),
    signatures = Seq(12205453da86..., 12209615e187..., 12209640bd54...)
  )
),
ValidatedTopologyTransaction(
  SignedTopologyTransaction(
    TopologyTransaction(DecentralizedNamespaceDefinition(namespace = 122089cb3fe0..., threshold = 1, owners = 12203194b0b9...), serial = 1, operation = Replace, hash = SHA-256:d530fbfb4c11...),
    signatures = 12203194b0b9...
  )
),
ValidatedTopologyTransaction(
  SignedTopologyTransaction(
    TopologyTransaction(
      SynchronizerParametersState(
        synchronizerId = local::122089cb3fe0...,
        parameters = DynamicSynchronizerParameters(
          confirmation response timeout = 30s,
          mediator reaction timeout = 30s,
          assignment exclusivity timeout = 1m,
          ledger time record time tolerance = 1m,
          mediator deduplication timeout = 48h,
          reconciliation interval = 1m,
          confirmation requests max rate = 1000000,
          max request size = 10485760,
          sequencer aggregate submission timeout = 6m,
          ACS commitment catchup = AcsCommitmentsCatchUpParameters(catchUpIntervalSkip = 5, nrIntervalsToTriggerCatchUp = 2),
          participant synchronizer limits = ParticipantSynchronizerLimits(confirmation requests max rate = 1000000),
          preparation time record time tolerance = 24h,
          onboarding restriction = UnrestrictedOpen
        )
      ),
      serial = 1,
      operation = Replace,
      hash = SHA-256:fd74fd7698df...
    ),
    signatures = 12203194b0b9...
  )
),
ValidatedTopologyTransaction(
  SignedTopologyTransaction(
    TopologyTransaction(
      MediatorSynchronizerState(synchronizerId = local::122089cb3fe0..., group = 0, threshold = 1, active = MED::mediator1::12209640bd54...),
      serial = 1,
      operation = Replace,
      hash = SHA-256:1d275deca091...
    ),
    signatures = 12203194b0b9...
  )
),
ValidatedTopologyTransaction(
  SignedTopologyTransaction(
    TopologyTransaction(
      SequencerSynchronizerState(synchronizerId = local::122089cb3fe0..., threshold = 1, active = SEQ::sequencer1::12203194b0b9...),
      serial = 1,
      operation = Replace,
      hash = SHA-256:8fc760816bce...
    ),
    signatures = 12203194b0b9...
  )
)
2026-08-06 23:21:14,723 [canton-env-ec-42] INFO  c.d.c.t.p.TopologyStateProcessorImpl:participant=participant1/psid=local::122089cb3fe0::35-0 tid:fbadeaec26b810cdabfd8d9c6b5d607e - Storing topology transaction 1/3 TxHash(SHA-256:b70f4f55edaa...) with ts=EffectiveTime(2026-08-07T03:21:08.602437Z), signedBy=Set(1220b8ba0fff...)
2026-08-06 23:21:14,723 [canton-env-ec-42] INFO  c.d.c.t.p.TopologyStateProcessorImpl:participant=participant1/psid=local::122089cb3fe0::35-0 tid:fbadeaec26b810cdabfd8d9c6b5d607e - Storing topology transaction 2/3 TxHash(SHA-256:33307fb0d486...) with ts=EffectiveTime(2026-08-07T03:21:08.602437Z), signedBy=Set(1220b8ba0fff..., 122086f2961f..., 122060484082...)
2026-08-06 23:21:14,723 [canton-env-ec-42] INFO  c.d.c.t.p.TopologyStateProcessorImpl:participant=participant1/psid=local::122089cb3fe0::35-0 tid:fbadeaec26b810cdabfd8d9c6b5d607e - Storing topology transaction 3/3 TxHash(SHA-256:3cd51eeccaa5...) with ts=EffectiveTime(2026-08-07T03:21:08.602437Z), signedBy=Set(1220b8ba0fff...)
2026-08-06 23:21:14,724 [canton-env-ec-42] INFO  c.d.c.t.p.TopologyStateProcessorImpl:participant=participant1/psid=local::122089cb3fe0::35-0 tid:fbadeaec26b810cdabfd8d9c6b5d607e - Persisted topology transactions (SequencedTime(2026-08-07T03:21:08.352437Z), EffectiveTime(2026-08-07T03:21:08.602437Z)):
ValidatedTopologyTransaction(
  SignedTopologyTransaction(
    TopologyTransaction(
      NamespaceDelegation(
        namespace = 1220b8ba0fff...,
        target = SigningPublicKey(id = 1220b8ba0fff..., format = DER-encoded X.509 SubjectPublicKeyInfo, keySpec = EC-Curve25519, usage = namespace),
        restriction = none
      ),
      serial = 1,
      operation = Replace,
      hash = SHA-256:b70f4f55edaa...
    ),
    signatures = 1220b8ba0fff...
  )
),
ValidatedTopologyTransaction(
  SignedTopologyTransaction(
    TopologyTransaction(
      OwnerToKeyMapping(member = PAR::participant1::1220b8ba0fff..., signingKeys = Seq(122060484082..., 122086f2961f...), encryptionKeys = 12209df6220c...),
      serial = 1,
      operation = Replace,
      hash = SHA-256:33307fb0d486...
    ),
    signatures = Seq(122060484082..., 122086f2961f..., 1220b8ba0fff...)
  )
),
ValidatedTopologyTransaction(
  SignedTopologyTransaction(
    TopologyTransaction(
      SynchronizerTrustCertificate(participantId = PAR::participant1::1220b8ba0fff..., synchronizerId = local::122089cb3fe0...),
      serial = 1,
      operation = Replace,
      hash = SHA-256:3cd51eeccaa5...
    ),
    signatures = 1220b8ba0fff...
  )
)
2026-08-06 23:21:14,724 [canton-env-ec-42] INFO  c.d.c.t.p.InitialTopologySnapshotValidator:participant=participant1/psid=local::122089cb3fe0::35-0 tid:fbadeaec26b810cdabfd8d9c6b5d607e - Import validated and completed, verifying now that the result matches the imported snapshot.
2026-08-06 23:21:14,725 [canton-env-ec-42] INFO  c.d.c.t.p.InitialTopologySnapshotValidator:participant=participant1/psid=local::122089cb3fe0::35-0 tid:fbadeaec26b810cdabfd8d9c6b5d607e - Successfully validated and imported 11 topology transactions into the topology store local::122089cb3fe0...::35-0.
2026-08-06 23:21:14,738 [canton-env-ec-36] INFO  c.d.c.p.s.SyncEphemeralStateFactoryImpl:participant=participant1 tid:fbadeaec26b810cdabfd8d9c6b5d607e - Computing starting points for local::122089cb3fe0...::35-0 with None and predecessor None
2026-08-06 23:21:14,744 [canton-env-ec-36] INFO  c.d.c.p.s.SyncEphemeralStateFactoryImpl:participant=participant1 tid:fbadeaec26b810cdabfd8d9c6b5d607e - Computed starting points: ProcessingStartingPoints(
  clean replay = MessageCleanReplayStartingPoint(next request counter = 0, next sequencer counter = 0, prenext timestamp = 0001-01-01T00:00:00Z),
  processing = MessageProcessingStartingPoint(
    next request counter = 0,
    next sequencer counter = 0,
    last sequencer timestamp = 0001-01-01T00:00:00Z,
    current record time = 0001-01-01T00:00:00Z,
    next repair counter = 0
  )
)
2026-08-06 23:21:14,745 [canton-env-ec-36] INFO  c.d.c.p.s.SyncEphemeralStateFactoryImpl:participant=participant1 tid:fbadeaec26b810cdabfd8d9c6b5d607e - Cleaning up persistent state since sequencer timestamp 0001-01-01T00:00:00Z and ACS watermark TimeOfChange(timestamp = 0001-01-01T00:00:00Z, counter = Some(0))
2026-08-06 23:21:14,747 [canton-env-ec-42] INFO  c.d.c.p.s.SyncEphemeralStateFactoryImpl:participant=participant1 tid:fbadeaec26b810cdabfd8d9c6b5d607e - Initializing the record order publisher with successor None
2026-08-06 23:21:14,777 [canton-env-ec-37] INFO  c.d.c.p.p.AcsCommitmentProcessor$:participant=participant1/psid=local::122089cb3fe0::35-0 - Initialized from stored snapshot at RecordTime(timestamp = 0001-01-01T00:00:00Z, tieBreaker = -9223372036854775808) (might be incomplete) with CommitmentSnapshot(record time = RecordTime(timestamp = 0001-01-01T00:00:00Z, tieBreaker = -9223372036854775808), active = Map(), delta (parties) = Set(), deleted = Set())
2026-08-06 23:21:14,780 [canton-env-ec-37] INFO  c.d.c.p.p.AcsCommitmentProcessor:participant=participant1/psid=local::122089cb3fe0::35-0 - Will use parallelism 7 out of 8 when computing ACS commitments
2026-08-06 23:21:14,781 [canton-env-ec-37] INFO  c.d.c.p.p.AcsCommitmentProcessor$:participant=participant1/psid=local::122089cb3fe0::35-0 - Initialized the ACS commitment processor DB queue and started processing buffered commitments until None
2026-08-06 23:21:14,783 [canton-env-ec-42] INFO  c.d.c.p.p.ParticipantTopologyTerminateProcessing:participant=participant1/psid=local::122089cb3fe0::35-0 - Fetching effective state changes after initial record time 0001-01-01T00:00:00Z at synchronizer-startup for topology event recovery.
2026-08-06 23:21:14,791 [canton-env-ec-42] INFO  c.d.c.p.p.ParticipantTopologyTerminateProcessing:participant=participant1/psid=local::122089cb3fe0::35-0 - Found 1 outstanding events from synchronizer bootstrapping and 0 outstanding events from topology processing to process.
2026-08-06 23:21:14,791 [canton-env-ec-42] INFO  c.d.c.p.p.ParticipantTopologyTerminateProcessing:participant=participant1/psid=local::122089cb3fe0::35-0 - Fetching trace-contexts for 0 topology-updates for topology event recovery.
2026-08-06 23:21:14,791 [canton-env-ec-42] INFO  c.d.c.p.p.ParticipantTopologyTerminateProcessing:participant=participant1/psid=local::122089cb3fe0::35-0 - Scheduling 1 topology events at synchronizer-startup.
2026-08-06 23:21:14,844 [canton-env-ec-42] INFO  c.d.c.h.MutableHealthComponent:participant=participant1 - 'acs-commitment-processor' is now in state Ok(). Previous state was Not Initialized.
2026-08-06 23:21:14,844 [canton-env-ec-42] INFO  c.d.c.h.MutableHealthComponent:participant=participant1 - 'acs-commitment-processor' is now in state Ok(). Previous state was Not Initialized.
2026-08-06 23:21:14,844 [canton-env-ec-42] INFO  c.d.c.p.s.ConnectedSynchronizer:participant=participant1/psid=local::122089cb3fe0::35-0 tid:fbadeaec26b810cdabfd8d9c6b5d607e - 'connected-synchronizer' is now in state Ok(). Previous state was Not Initialized.
2026-08-06 23:21:14,845 [canton-env-ec-42] INFO  c.d.c.h.MutableHealthComponent:participant=participant1 tid:fbadeaec26b810cdabfd8d9c6b5d607e - 'connected-synchronizer' is now in state Ok(). Previous state was Not Initialized.
2026-08-06 23:21:14,845 [canton-env-ec-42] INFO  c.d.c.h.MutableHealthComponent:participant=participant1 tid:fbadeaec26b810cdabfd8d9c6b5d607e - 'connected-synchronizer' is now in state Ok(). Previous state was Not Initialized.
2026-08-06 23:21:14,845 [canton-env-ec-42] INFO  c.d.c.p.s.SynchronizerConnectionsManager:participant=participant1 tid:fbadeaec26b810cdabfd8d9c6b5d607e - Connected to synchronizer and starting synchronisation: Synchronizer 'da'
2026-08-06 23:21:14,847 [canton-env-ec-42] INFO  c.d.c.p.s.ConnectedSynchronizer:participant=participant1/psid=local::122089cb3fe0::35-0 tid:fbadeaec26b810cdabfd8d9c6b5d607e - The next repair counter would be 0
2026-08-06 23:21:14,848 [canton-env-ec-36] INFO  c.d.c.p.s.ConnectedSynchronizer:participant=participant1/psid=local::122089cb3fe0::35-0 tid:fbadeaec26b810cdabfd8d9c6b5d607e - Looking for ACS changes to replay between 0001-01-01T00:00:00Z and TimeOfChange(timestamp = 0001-01-01T00:00:00Z, counter = Some(0)) in batches of 100
2026-08-06 23:21:14,851 [canton-env-ec-35] INFO  c.d.c.p.s.ConnectedSynchronizer:participant=participant1/psid=local::122089cb3fe0::35-0 tid:fbadeaec26b810cdabfd8d9c6b5d607e - Replaying 0 ACS changes between TimeOfChange(timestamp = 0001-01-01T00:00:00Z) (exclusive) and TimeOfChange(timestamp = 0001-01-01T00:00:00Z, counter = Some(0)) to the commitment processor
2026-08-06 23:21:14,852 [canton-env-ec-36] INFO  c.d.c.s.c.RichSequencerClientImpl:participant=participant1/psid=local::122089cb3fe0::35-0 tid:fbadeaec26b810cdabfd8d9c6b5d607e - No event found up to 0001-01-01T00:00:00Z. Resubscribing from the beginning.
2026-08-06 23:21:14,852 [canton-env-ec-36] INFO  c.d.c.s.c.RichSequencerClientImpl:participant=participant1/psid=local::122089cb3fe0::35-0 tid:fbadeaec26b810cdabfd8d9c6b5d607e - Processing events from the SequencedEventStore from 0001-01-01T00:00:00.000001Z on
2026-08-06 23:21:14,853 [canton-env-ec-35] INFO  c.d.c.s.c.p.SequencerSubscriptionImpl:participant=participant1/psid=local::122089cb3fe0::35-0/connection=sequencer-connection-sequencer1-0 tid:fbadeaec26b810cdabfd8d9c6b5d607e - Starting subscription at the beginning
2026-08-06 23:21:14,854 [canton-env-ec-35] INFO  c.d.c.s.c.p.SequencerSubscriptionImpl:participant=participant1/psid=local::122089cb3fe0::35-0/connection=sequencer-connection-sequencer1-0 tid:fbadeaec26b810cdabfd8d9c6b5d607e - 'subscription-sequencer-connection-sequencer1-0' is now in state Ok(). Previous state was Failed().
2026-08-06 23:21:14,854 [canton-env-ec-35] INFO  c.d.c.s.c.p.SequencerSubscriptionPoolImpl:participant=participant1/psid=local::122089cb3fe0::35-0 tid:fbadeaec26b810cdabfd8d9c6b5d607e - 'sequencer-subscription-pool' is now in state Ok(). Previous state was Not Initialized.
2026-08-06 23:21:14,854 [canton-env-ec-35] INFO  c.d.c.h.DelegatingMutableHealthComponent:participant=participant1/psid=local::122089cb3fe0::35-0 tid:fbadeaec26b810cdabfd8d9c6b5d607e - 'sequencer-client' is now in state Ok(). Previous state was Not Initialized.
2026-08-06 23:21:14,854 [canton-env-ec-35] INFO  c.d.c.h.MutableHealthComponent:participant=participant1 tid:fbadeaec26b810cdabfd8d9c6b5d607e - 'sequencer-client' is now in state Ok(). Previous state was Not Initialized.
2026-08-06 23:21:14,854 [canton-env-ec-35] INFO  c.d.c.h.MutableHealthComponent:participant=participant1 tid:fbadeaec26b810cdabfd8d9c6b5d607e - 'sequencer-client' is now in state Ok(). Previous state was Not Initialized.
2026-08-06 23:21:14,856 [canton-env-ec-36] INFO  c.d.c.s.s.s.GrpcSequencerService:sequencer=sequencer1 tid:fbadeaec26b810cdabfd8d9c6b5d607e - PAR::participant1::1220b8ba0fff... subscribes from timestamp=None
2026-08-06 23:21:14,857 [canton-env-ec-35] INFO  c.d.c.s.s.LocalSequencerStateEventSignaller:sequencer=sequencer1/psid=local::122089cb3fe0::35-0 tid:fbadeaec26b810cdabfd8d9c6b5d607e - Creating signal source for PAR::participant1::1220b8ba0fff...
2026-08-06 23:21:14,858 [canton-env-ec-36] INFO  c.d.c.s.s.s.SubscriptionPool:sequencer=sequencer1 tid:fbadeaec26b810cdabfd8d9c6b5d607e - Adding subscription for PAR::participant1::1220b8ba0fff... to pool with 2 active
2026-08-06 23:21:14,861 [canton-env-ec-35] INFO  c.d.c.s.c.SequencedEventValidatorImpl:participant=participant1/psid=local::122089cb3fe0::35-0/connection=sequencer-connection-sequencer1-0 tid:a153dd49b4641c1f96327a5d90b0f4af - Skipping signature verification of the first sequenced event due to a fresh subscription from SEQ::sequencer1::12203194b0b9...
2026-08-06 23:21:14,861 [canton-env-ec-35] INFO  c.d.c.s.c.p.SubscriptionHandler:participant=participant1/psid=local::122089cb3fe0::35-0/connection=sequencer-connection-sequencer1-0 tid:a153dd49b4641c1f96327a5d90b0f4af - Caught up with sequencer on batch with timestamp = 2026-08-07T03:21:09.121080Z; delta = PT5.740349S (threshold = PT2562047788015215H30M7.999999999S)
2026-08-06 23:21:14,862 [canton-env-ec-37] INFO  c.d.c.p.s.ConnectedSynchronizer:participant=participant1/psid=local::122089cb3fe0::35-0 tid:a153dd49b4641c1f96327a5d90b0f4af - Caught up with sequencer on batch with timestamp = 2026-08-07T03:21:09.121080Z; delta = PT5.741411S (threshold = PT20S)
2026-08-06 23:21:14,862 [canton-env-ec-37] INFO  c.d.c.p.s.ConnectedSynchronizer$EventProcessingMonitor:participant=participant1/psid=local::122089cb3fe0::35-0 tid:a153dd49b4641c1f96327a5d90b0f4af - Replaying requests 0 up to clean request index -1
2026-08-06 23:21:14,862 [canton-env-ec-37] INFO  c.d.c.p.s.ConnectedSynchronizer$EventProcessingMonitor:participant=participant1/psid=local::122089cb3fe0::35-0 tid:a153dd49b4641c1f96327a5d90b0f4af - Replaying or processing locally stored events with sequencer counters 0 to -1
2026-08-06 23:21:14,869 [canton-env-ec-38] INFO  c.d.c.p.p.ParallelMessageDispatcher:participant=participant1/psid=local::122089cb3fe0::35-0 tid:a153dd49b4641c1f96327a5d90b0f4af - Processing event at sc=0, ts=2026-08-07T03:21:09.121080Z, with 0 envelopes
2026-08-06 23:21:14,874 [canton-env-ec-37] INFO  c.d.c.p.s.SequencerIdsRetriever:participant=participant1/psid=local::122089cb3fe0::35-0 tid:fbadeaec26b810cdabfd8d9c6b5d607e - Missing ids for sequencers Set(Sequencer 'sequencer1')
2026-08-06 23:21:14,874 [canton-env-ec-37] INFO  c.d.c.p.s.SequencerIdsRetriever:participant=participant1/psid=local::122089cb3fe0::35-0 tid:fbadeaec26b810cdabfd8d9c6b5d607e - Retrieved ids for some sequencers: Map(Sequencer 'sequencer1' -> SEQ::sequencer1::12203194b0b9...)
2026-08-06 23:21:14,878 [canton-env-ec-41] INFO  c.d.c.p.s.SequencerIdsRetriever:participant=participant1/psid=local::122089cb3fe0::35-0 tid:fbadeaec26b810cdabfd8d9c6b5d607e - Retrieved all sequencer ids.
2026-08-06 23:21:14,878 [canton-env-ec-37] INFO  c.d.c.p.s.SyncEphemeralState:participant=participant1/psid=local::122089cb3fe0::35-0 tid:fbadeaec26b810cdabfd8d9c6b5d607e - 'sync-ephemeral-state' is now in state Ok(). Previous state was Not Initialized.
2026-08-06 23:21:14,878 [canton-env-ec-37] INFO  c.d.c.h.MutableHealthComponent:participant=participant1 tid:fbadeaec26b810cdabfd8d9c6b5d607e - 'sync-ephemeral-state' is now in state Ok(). Previous state was Not Initialized.
2026-08-06 23:21:14,878 [canton-env-ec-37] INFO  c.d.c.h.MutableHealthComponent:participant=participant1 tid:fbadeaec26b810cdabfd8d9c6b5d607e - 'sync-ephemeral-state' is now in state Ok(). Previous state was Not Initialized.
2026-08-06 23:21:15,074 [canton-env-ec-35] INFO  c.d.c.t.SynchronizerTopologyManager:participant=participant1/psid=local::122089cb3fe0::35-0 tid:fbadeaec26b810cdabfd8d9c6b5d607e - Attempting to build, sign, and Replace VettedPackages(
  participantId = PAR::participant1::1220b8ba0fff...,
  packages = VettedPackage(packageId = 6f8e6085f576..., unbounded),VettedPackage(packageId = 60c61c542207..., unbounded),VettedPackage(packageId = a1fa18133ae4..., unbounded),VettedPackage(packageId = cae345b5500e..., unbounded),VettedPackage(packageId = c3bb0c5d0479..., unbounded),... 25 more
) with serial Some(1) 
2026-08-06 23:21:15,081 [canton-env-ec-38] INFO  c.d.c.p.a.s.a.PackageUpgradeValidator:participant=participant1 tid:fbadeaec26b810cdabfd8d9c6b5d607e - Typechecking upgrades for lineage of package-name daml-prim-GHC-Types.
2026-08-06 23:21:15,084 [canton-env-ec-38] INFO  c.d.c.p.a.s.a.PackageUpgradeValidator:participant=participant1 tid:fbadeaec26b810cdabfd8d9c6b5d607e - Typechecking upgrades for lineage of package-name daml-prim-GHC-Types succeeded.
2026-08-06 23:21:15,084 [canton-env-ec-38] INFO  c.d.c.p.a.s.a.PackageUpgradeValidator:participant=participant1 tid:fbadeaec26b810cdabfd8d9c6b5d607e - Typechecking upgrades for lineage of package-name daml-prim-DA-Exception-ArithmeticError.
2026-08-06 23:21:15,084 [canton-env-ec-38] INFO  c.d.c.p.a.s.a.PackageUpgradeValidator:participant=participant1 tid:fbadeaec26b810cdabfd8d9c6b5d607e - Typechecking upgrades for lineage of package-name daml-prim-DA-Exception-ArithmeticError succeeded.
2026-08-06 23:21:15,084 [canton-env-ec-38] INFO  c.d.c.p.a.s.a.PackageUpgradeValidator:participant=participant1 tid:fbadeaec26b810cdabfd8d9c6b5d607e - Typechecking upgrades for lineage of package-name daml-prim-DA-Internal-PromotedText.
2026-08-06 23:21:15,084 [canton-env-ec-38] INFO  c.d.c.p.a.s.a.PackageUpgradeValidator:participant=participant1 tid:fbadeaec26b810cdabfd8d9c6b5d607e - Typechecking upgrades for lineage of package-name daml-prim-DA-Internal-PromotedText succeeded.
2026-08-06 23:21:15,084 [canton-env-ec-38] INFO  c.d.c.p.a.s.a.PackageUpgradeValidator:participant=participant1 tid:fbadeaec26b810cdabfd8d9c6b5d607e - Typechecking upgrades for lineage of package-name daml-prim-DA-Exception-GeneralError.
2026-08-06 23:21:15,084 [canton-env-ec-38] INFO  c.d.c.p.a.s.a.PackageUpgradeValidator:participant=participant1 tid:fbadeaec26b810cdabfd8d9c6b5d607e - Typechecking upgrades for lineage of package-name daml-prim-DA-Exception-GeneralError succeeded.
2026-08-06 23:21:15,084 [canton-env-ec-38] INFO  c.d.c.p.a.s.a.PackageUpgradeValidator:participant=participant1 tid:fbadeaec26b810cdabfd8d9c6b5d607e - Typechecking upgrades for lineage of package-name daml-prim-DA-Types.
2026-08-06 23:21:15,084 [canton-env-ec-38] INFO  c.d.c.p.a.s.a.PackageUpgradeValidator:participant=participant1 tid:fbadeaec26b810cdabfd8d9c6b5d607e - Typechecking upgrades for lineage of package-name daml-prim-DA-Types succeeded.
2026-08-06 23:21:15,084 [canton-env-ec-38] INFO  c.d.c.p.a.s.a.PackageUpgradeValidator:participant=participant1 tid:fbadeaec26b810cdabfd8d9c6b5d607e - Typechecking upgrades for lineage of package-name daml-prim-DA-Internal-Erased.
2026-08-06 23:21:15,084 [canton-env-ec-38] INFO  c.d.c.p.a.s.a.PackageUpgradeValidator:participant=participant1 tid:fbadeaec26b810cdabfd8d9c6b5d607e - Typechecking upgrades for lineage of package-name daml-prim-DA-Internal-Erased succeeded.
2026-08-06 23:21:15,084 [canton-env-ec-38] INFO  c.d.c.p.a.s.a.PackageUpgradeValidator:participant=participant1 tid:fbadeaec26b810cdabfd8d9c6b5d607e - Typechecking upgrades for lineage of package-name daml-prim-GHC-Prim.
2026-08-06 23:21:15,084 [canton-env-ec-38] INFO  c.d.c.p.a.s.a.PackageUpgradeValidator:participant=participant1 tid:fbadeaec26b810cdabfd8d9c6b5d607e - Typechecking upgrades for lineage of package-name daml-prim-GHC-Prim succeeded.
2026-08-06 23:21:15,084 [canton-env-ec-38] INFO  c.d.c.p.a.s.a.PackageUpgradeValidator:participant=participant1 tid:fbadeaec26b810cdabfd8d9c6b5d607e - Typechecking upgrades for lineage of package-name daml-prim.
2026-08-06 23:21:15,084 [canton-env-ec-38] INFO  c.d.c.p.a.s.a.PackageUpgradeValidator:participant=participant1 tid:fbadeaec26b810cdabfd8d9c6b5d607e - Typechecking upgrades for lineage of package-name daml-prim succeeded.
2026-08-06 23:21:15,084 [canton-env-ec-38] INFO  c.d.c.p.a.s.a.PackageUpgradeValidator:participant=participant1 tid:fbadeaec26b810cdabfd8d9c6b5d607e - Typechecking upgrades for lineage of package-name daml-stdlib-DA-Date-Types.
2026-08-06 23:21:15,084 [canton-env-ec-38] INFO  c.d.c.p.a.s.a.PackageUpgradeValidator:participant=participant1 tid:fbadeaec26b810cdabfd8d9c6b5d607e - Typechecking upgrades for lineage of package-name daml-stdlib-DA-Date-Types succeeded.
2026-08-06 23:21:15,084 [canton-env-ec-38] INFO  c.d.c.p.a.s.a.PackageUpgradeValidator:participant=participant1 tid:fbadeaec26b810cdabfd8d9c6b5d607e - Typechecking upgrades for lineage of package-name daml-stdlib-DA-Time-Types.
2026-08-06 23:21:15,084 [canton-env-ec-38] INFO  c.d.c.p.a.s.a.PackageUpgradeValidator:participant=participant1 tid:fbadeaec26b810cdabfd8d9c6b5d607e - Typechecking upgrades for lineage of package-name daml-stdlib-DA-Time-Types succeeded.
2026-08-06 23:21:15,084 [canton-env-ec-38] INFO  c.d.c.p.a.s.a.PackageUpgradeValidator:participant=participant1 tid:fbadeaec26b810cdabfd8d9c6b5d607e - Typechecking upgrades for lineage of package-name daml-stdlib-DA-NonEmpty-Types.
2026-08-06 23:21:15,085 [canton-env-ec-38] INFO  c.d.c.p.a.s.a.PackageUpgradeValidator:participant=participant1 tid:fbadeaec26b810cdabfd8d9c6b5d607e - Typechecking upgrades for lineage of package-name daml-stdlib-DA-NonEmpty-Types succeeded.
2026-08-06 23:21:15,085 [canton-env-ec-38] INFO  c.d.c.p.a.s.a.PackageUpgradeValidator:participant=participant1 tid:fbadeaec26b810cdabfd8d9c6b5d607e - Typechecking upgrades for lineage of package-name daml-stdlib-DA-Stack-Types.
2026-08-06 23:21:15,085 [canton-env-ec-38] INFO  c.d.c.p.a.s.a.PackageUpgradeValidator:participant=participant1 tid:fbadeaec26b810cdabfd8d9c6b5d607e - Typechecking upgrades for lineage of package-name daml-stdlib-DA-Stack-Types succeeded.
2026-08-06 23:21:15,085 [canton-env-ec-38] INFO  c.d.c.p.a.s.a.PackageUpgradeValidator:participant=participant1 tid:fbadeaec26b810cdabfd8d9c6b5d607e - Typechecking upgrades for lineage of package-name daml-stdlib-DA-Monoid-Types.
2026-08-06 23:21:15,085 [canton-env-ec-38] INFO  c.d.c.p.a.s.a.PackageUpgradeValidator:participant=participant1 tid:fbadeaec26b810cdabfd8d9c6b5d607e - Typechecking upgrades for lineage of package-name daml-stdlib-DA-Monoid-Types succeeded.
2026-08-06 23:21:15,085 [canton-env-ec-38] INFO  c.d.c.p.a.s.a.PackageUpgradeValidator:participant=participant1 tid:fbadeaec26b810cdabfd8d9c6b5d607e - Typechecking upgrades for lineage of package-name daml-stdlib-DA-Internal-Interface-AnyView-Types.
2026-08-06 23:21:15,085 [canton-env-ec-38] INFO  c.d.c.p.a.s.a.PackageUpgradeValidator:participant=participant1 tid:fbadeaec26b810cdabfd8d9c6b5d607e - Typechecking upgrades for lineage of package-name daml-stdlib-DA-Internal-Interface-AnyView-Types succeeded.
2026-08-06 23:21:15,085 [canton-env-ec-38] INFO  c.d.c.p.a.s.a.PackageUpgradeValidator:participant=participant1 tid:fbadeaec26b810cdabfd8d9c6b5d607e - Typechecking upgrades for lineage of package-name ghc-stdlib-DA-Internal-Template.
2026-08-06 23:21:15,085 [canton-env-ec-38] INFO  c.d.c.p.a.s.a.PackageUpgradeValidator:participant=participant1 tid:fbadeaec26b810cdabfd8d9c6b5d607e - Typechecking upgrades for lineage of package-name ghc-stdlib-DA-Internal-Template succeeded.
2026-08-06 23:21:15,085 [canton-env-ec-38] INFO  c.d.c.p.a.s.a.PackageUpgradeValidator:participant=participant1 tid:fbadeaec26b810cdabfd8d9c6b5d607e - Typechecking upgrades for lineage of package-name daml-prim-DA-Exception-PreconditionFailed.
2026-08-06 23:21:15,085 [canton-env-ec-38] INFO  c.d.c.p.a.s.a.PackageUpgradeValidator:participant=participant1 tid:fbadeaec26b810cdabfd8d9c6b5d607e - Typechecking upgrades for lineage of package-name daml-prim-DA-Exception-PreconditionFailed succeeded.
2026-08-06 23:21:15,085 [canton-env-ec-38] INFO  c.d.c.p.a.s.a.PackageUpgradeValidator:participant=participant1 tid:fbadeaec26b810cdabfd8d9c6b5d607e - Typechecking upgrades for lineage of package-name daml-stdlib-DA-Semigroup-Types.
2026-08-06 23:21:15,085 [canton-env-ec-38] INFO  c.d.c.p.a.s.a.PackageUpgradeValidator:participant=participant1 tid:fbadeaec26b810cdabfd8d9c6b5d607e - Typechecking upgrades for lineage of package-name daml-stdlib-DA-Semigroup-Types succeeded.
2026-08-06 23:21:15,085 [canton-env-ec-38] INFO  c.d.c.p.a.s.a.PackageUpgradeValidator:participant=participant1 tid:fbadeaec26b810cdabfd8d9c6b5d607e - Typechecking upgrades for lineage of package-name daml-stdlib-DA-Logic-Types.
2026-08-06 23:21:15,085 [canton-env-ec-38] INFO  c.d.c.p.a.s.a.PackageUpgradeValidator:participant=participant1 tid:fbadeaec26b810cdabfd8d9c6b5d607e - Typechecking upgrades for lineage of package-name daml-stdlib-DA-Logic-Types succeeded.
2026-08-06 23:21:15,085 [canton-env-ec-38] INFO  c.d.c.p.a.s.a.PackageUpgradeValidator:participant=participant1 tid:fbadeaec26b810cdabfd8d9c6b5d607e - Typechecking upgrades for lineage of package-name daml-stdlib-DA-Set-Types.
2026-08-06 23:21:15,085 [canton-env-ec-38] INFO  c.d.c.p.a.s.a.PackageUpgradeValidator:participant=participant1 tid:fbadeaec26b810cdabfd8d9c6b5d607e - Typechecking upgrades for lineage of package-name daml-stdlib-DA-Set-Types succeeded.
2026-08-06 23:21:15,085 [canton-env-ec-38] INFO  c.d.c.p.a.s.a.PackageUpgradeValidator:participant=participant1 tid:fbadeaec26b810cdabfd8d9c6b5d607e - Typechecking upgrades for lineage of package-name daml-stdlib-DA-Internal-Down.
2026-08-06 23:21:15,085 [canton-env-ec-38] INFO  c.d.c.p.a.s.a.PackageUpgradeValidator:participant=participant1 tid:fbadeaec26b810cdabfd8d9c6b5d607e - Typechecking upgrades for lineage of package-name daml-stdlib-DA-Internal-Down succeeded.
2026-08-06 23:21:15,085 [canton-env-ec-38] INFO  c.d.c.p.a.s.a.PackageUpgradeValidator:participant=participant1 tid:fbadeaec26b810cdabfd8d9c6b5d607e - Typechecking upgrades for lineage of package-name daml-prim-DA-Exception-AssertionFailed.
2026-08-06 23:21:15,085 [canton-env-ec-38] INFO  c.d.c.p.a.s.a.PackageUpgradeValidator:participant=participant1 tid:fbadeaec26b810cdabfd8d9c6b5d607e - Typechecking upgrades for lineage of package-name daml-prim-DA-Exception-AssertionFailed succeeded.
2026-08-06 23:21:15,085 [canton-env-ec-38] INFO  c.d.c.p.a.s.a.PackageUpgradeValidator:participant=participant1 tid:fbadeaec26b810cdabfd8d9c6b5d607e - Typechecking upgrades for lineage of package-name daml-stdlib-DA-Action-State-Type.
2026-08-06 23:21:15,085 [canton-env-ec-38] INFO  c.d.c.p.a.s.a.PackageUpgradeValidator:participant=participant1 tid:fbadeaec26b810cdabfd8d9c6b5d607e - Typechecking upgrades for lineage of package-name daml-stdlib-DA-Action-State-Type succeeded.
2026-08-06 23:21:15,085 [canton-env-ec-38] INFO  c.d.c.p.a.s.a.PackageUpgradeValidator:participant=participant1 tid:fbadeaec26b810cdabfd8d9c6b5d607e - Typechecking upgrades for lineage of package-name ghc-stdlib-DA-Internal-Any.
2026-08-06 23:21:15,085 [canton-env-ec-38] INFO  c.d.c.p.a.s.a.PackageUpgradeValidator:participant=participant1 tid:fbadeaec26b810cdabfd8d9c6b5d607e - Typechecking upgrades for lineage of package-name ghc-stdlib-DA-Internal-Any succeeded.
2026-08-06 23:21:15,085 [canton-env-ec-38] INFO  c.d.c.p.a.s.a.PackageUpgradeValidator:participant=participant1 tid:fbadeaec26b810cdabfd8d9c6b5d607e - Typechecking upgrades for lineage of package-name daml-stdlib-DA-Internal-Fail-Types.
2026-08-06 23:21:15,085 [canton-env-ec-38] INFO  c.d.c.p.a.s.a.PackageUpgradeValidator:participant=participant1 tid:fbadeaec26b810cdabfd8d9c6b5d607e - Typechecking upgrades for lineage of package-name daml-stdlib-DA-Internal-Fail-Types succeeded.
2026-08-06 23:21:15,085 [canton-env-ec-38] INFO  c.d.c.p.a.s.a.PackageUpgradeValidator:participant=participant1 tid:fbadeaec26b810cdabfd8d9c6b5d607e - Typechecking upgrades for lineage of package-name daml-stdlib-DA-Random-Types.
2026-08-06 23:21:15,085 [canton-env-ec-38] INFO  c.d.c.p.a.s.a.PackageUpgradeValidator:participant=participant1 tid:fbadeaec26b810cdabfd8d9c6b5d607e - Typechecking upgrades for lineage of package-name daml-stdlib-DA-Random-Types succeeded.
2026-08-06 23:21:15,085 [canton-env-ec-38] INFO  c.d.c.p.a.s.a.PackageUpgradeValidator:participant=participant1 tid:fbadeaec26b810cdabfd8d9c6b5d607e - Typechecking upgrades for lineage of package-name daml-stdlib-DA-Validation-Types.
2026-08-06 23:21:15,085 [canton-env-ec-38] INFO  c.d.c.p.a.s.a.PackageUpgradeValidator:participant=participant1 tid:fbadeaec26b810cdabfd8d9c6b5d607e - Typechecking upgrades for lineage of package-name daml-stdlib-DA-Validation-Types succeeded.
2026-08-06 23:21:15,085 [canton-env-ec-38] INFO  c.d.c.p.a.s.a.PackageUpgradeValidator:participant=participant1 tid:fbadeaec26b810cdabfd8d9c6b5d607e - Typechecking upgrades for lineage of package-name daml-stdlib.
2026-08-06 23:21:15,085 [canton-env-ec-38] INFO  c.d.c.p.a.s.a.PackageUpgradeValidator:participant=participant1 tid:fbadeaec26b810cdabfd8d9c6b5d607e - Typechecking upgrades for lineage of package-name daml-stdlib succeeded.
2026-08-06 23:21:15,085 [canton-env-ec-38] INFO  c.d.c.p.a.s.a.PackageUpgradeValidator:participant=participant1 tid:fbadeaec26b810cdabfd8d9c6b5d607e - Typechecking upgrades for lineage of package-name daml-prim-DA-Internal-NatSyn.
2026-08-06 23:21:15,085 [canton-env-ec-38] INFO  c.d.c.p.a.s.a.PackageUpgradeValidator:participant=participant1 tid:fbadeaec26b810cdabfd8d9c6b5d607e - Typechecking upgrades for lineage of package-name daml-prim-DA-Internal-NatSyn succeeded.
2026-08-06 23:21:15,085 [canton-env-ec-38] INFO  c.d.c.p.a.s.a.PackageUpgradeValidator:participant=participant1 tid:fbadeaec26b810cdabfd8d9c6b5d607e - Typechecking upgrades for lineage of package-name daml-prim-GHC-Tuple.
2026-08-06 23:21:15,085 [canton-env-ec-38] INFO  c.d.c.p.a.s.a.PackageUpgradeValidator:participant=participant1 tid:fbadeaec26b810cdabfd8d9c6b5d607e - Typechecking upgrades for lineage of package-name daml-prim-GHC-Tuple succeeded.
2026-08-06 23:21:15,085 [canton-env-ec-38] INFO  c.d.c.p.a.s.a.PackageUpgradeValidator:participant=participant1 tid:fbadeaec26b810cdabfd8d9c6b5d607e - Typechecking upgrades for lineage of package-name canton-builtin-admin-workflow-ping.
2026-08-06 23:21:15,085 [canton-env-ec-38] INFO  c.d.c.p.a.s.a.PackageUpgradeValidator:participant=participant1 tid:fbadeaec26b810cdabfd8d9c6b5d607e - Typechecking upgrades for lineage of package-name canton-builtin-admin-workflow-ping succeeded.
2026-08-06 23:21:15,087 [canton-env-ec-41] INFO  c.d.c.t.p.TopologyStateProcessorImpl:participant=participant1/psid=local::122089cb3fe0::35-0 tid:fbadeaec26b810cdabfd8d9c6b5d607e - Enqueuing topology transaction 1/1 TxHash(SHA-256:fbb0d45df2ff...) with ts=EffectiveTime(2026-08-07T03:21:08.602438Z), signedBy=Set(1220b8ba0fff...)
2026-08-06 23:21:15,087 [canton-env-ec-43] INFO  c.d.c.t.p.TopologyStateProcessorImpl:participant=participant1/psid=local::122089cb3fe0::35-0 tid:fbadeaec26b810cdabfd8d9c6b5d607e - Enqueued topology transactions:
ValidatedTopologyTransaction(
  SignedTopologyTransaction(
    TopologyTransaction(
      VettedPackages(
        participantId = PAR::participant1::1220b8ba0fff...,
        packages = VettedPackage(packageId = 6f8e6085f576..., unbounded),VettedPackage(packageId = 60c61c542207..., unbounded),VettedPackage(packageId = a1fa18133ae4..., unbounded),VettedPackage(packageId = cae345b5500e..., unbounded),VettedPackage(packageId = c3bb0c5d0479..., unbounded),... 25 more
      ),
      serial = 1,
      operation = Replace,
      hash = SHA-256:fbb0d45df2ff...
    ),
    signatures = 1220b8ba0fff...
  )
)
2026-08-06 23:21:15,097 [canton-env-ec-42] INFO  c.d.c.s.s.s.GrpcSequencerService:sequencer=sequencer1 tid:7249b4edd8b2a94152c56f4fe5e6b65f - 'PAR::participant1::1220b8ba0fff...' sends request with id '2d1c65c2-b5a2-45a4-be0f-eaac1c4f68ec' of size 1828 bytes with 1 envelopes.
2026-08-06 23:21:15,221 [canton-env-ec-36] INFO  c.d.c.s.s.b.b.c.m.c.i.IssConsensusModule:sequencer=sequencer1/psid=local::122089cb3fe0::35-0 tid:7249b4edd8b2a94152c56f4fe5e6b65f - Block (epochNumber=0, blockNumber=3) has been ordered
2026-08-06 23:21:15,223 [canton-env-ec-41] INFO  c.d.c.s.b.u.BlockChunkProcessor:sequencer=sequencer1/psid=local::122089cb3fe0::35-0 tid:7249b4edd8b2a94152c56f4fe5e6b65f - Processing block 3, data chunk 0. Last chunk timestamp=2026-08-07T03:21:09.121080Z, last sequencer event timestamp=Some(2026-08-07T03:21:09.121080Z). 1 events:
  Send of '2d1c65c2-b5a2-45a4-be0f-eaac1c4f68ec' at 2026-08-07T03:21:14.143417Z (tc=7249b4edd8b2a94152c56f4fe5e6b65f)
2026-08-06 23:21:15,233 [canton-env-ec-41] INFO  c.d.c.t.p.TopologyStateProcessorImpl:mediator=mediator1/psid=local::122089cb3fe0::35-0 tid:7249b4edd8b2a94152c56f4fe5e6b65f - Storing topology transaction 1/1 TxHash(SHA-256:fbb0d45df2ff...) with ts=EffectiveTime(2026-08-07T03:21:14.393417Z), signedBy=Set(1220b8ba0fff...)
2026-08-06 23:21:15,234 [canton-env-ec-38] INFO  c.d.c.t.p.TopologyStateProcessorImpl:sequencer=sequencer1/psid=local::122089cb3fe0::35-0 tid:7249b4edd8b2a94152c56f4fe5e6b65f - Storing topology transaction 1/1 TxHash(SHA-256:fbb0d45df2ff...) with ts=EffectiveTime(2026-08-07T03:21:14.393417Z), signedBy=Set(1220b8ba0fff...)
2026-08-06 23:21:15,234 [canton-env-ec-41] INFO  c.d.c.t.p.TopologyStateProcessorImpl:mediator=mediator1/psid=local::122089cb3fe0::35-0 tid:7249b4edd8b2a94152c56f4fe5e6b65f - Persisted topology transactions (SequencedTime(2026-08-07T03:21:14.143417Z), EffectiveTime(2026-08-07T03:21:14.393417Z)):
ValidatedTopologyTransaction(
  SignedTopologyTransaction(
    TopologyTransaction(
      VettedPackages(
        participantId = PAR::participant1::1220b8ba0fff...,
        packages = VettedPackage(packageId = 6f8e6085f576..., unbounded),VettedPackage(packageId = 60c61c542207..., unbounded),VettedPackage(packageId = a1fa18133ae4..., unbounded),VettedPackage(packageId = cae345b5500e..., unbounded),VettedPackage(packageId = c3bb0c5d0479..., unbounded),... 25 more
      ),
      serial = 1,
      operation = Replace,
      hash = SHA-256:fbb0d45df2ff...
    ),
    signatures = 1220b8ba0fff...
  )
)
2026-08-06 23:21:15,234 [canton-env-ec-38] INFO  c.d.c.t.p.TopologyStateProcessorImpl:sequencer=sequencer1/psid=local::122089cb3fe0::35-0 tid:7249b4edd8b2a94152c56f4fe5e6b65f - Persisted topology transactions (SequencedTime(2026-08-07T03:21:14.143417Z), EffectiveTime(2026-08-07T03:21:14.393417Z)):
ValidatedTopologyTransaction(
  SignedTopologyTransaction(
    TopologyTransaction(
      VettedPackages(
        participantId = PAR::participant1::1220b8ba0fff...,
        packages = VettedPackage(packageId = 6f8e6085f576..., unbounded),VettedPackage(packageId = 60c61c542207..., unbounded),VettedPackage(packageId = a1fa18133ae4..., unbounded),VettedPackage(packageId = cae345b5500e..., unbounded),VettedPackage(packageId = c3bb0c5d0479..., unbounded),... 25 more
      ),
      serial = 1,
      operation = Replace,
      hash = SHA-256:fbb0d45df2ff...
    ),
    signatures = 1220b8ba0fff...
  )
)
2026-08-06 23:21:15,235 [canton-env-ec-34] INFO  c.d.c.p.p.ParallelMessageDispatcher:participant=participant1/psid=local::122089cb3fe0::35-0 tid:7249b4edd8b2a94152c56f4fe5e6b65f - Processing event at sc=1, ts=2026-08-07T03:21:14.143417Z, messageId=2d1c65c2-b5a2-45a4-be0f-eaac1c4f68ec, with 1 envelopes
  topo-bcast with ntx=1
2026-08-06 23:21:15,236 [canton-env-ec-34] INFO  c.d.c.t.p.TopologyStateProcessorImpl:participant=participant1/psid=local::122089cb3fe0::35-0 tid:7249b4edd8b2a94152c56f4fe5e6b65f - Storing topology transaction 1/1 TxHash(SHA-256:fbb0d45df2ff...) with ts=EffectiveTime(2026-08-07T03:21:14.393417Z), signedBy=Set(1220b8ba0fff...)
2026-08-06 23:21:15,237 [canton-env-ec-34] INFO  c.d.c.t.p.TopologyStateProcessorImpl:participant=participant1/psid=local::122089cb3fe0::35-0 tid:7249b4edd8b2a94152c56f4fe5e6b65f - Persisted topology transactions (SequencedTime(2026-08-07T03:21:14.143417Z), EffectiveTime(2026-08-07T03:21:14.393417Z)):
ValidatedTopologyTransaction(
  SignedTopologyTransaction(
    TopologyTransaction(
      VettedPackages(
        participantId = PAR::participant1::1220b8ba0fff...,
        packages = VettedPackage(packageId = 6f8e6085f576..., unbounded),VettedPackage(packageId = 60c61c542207..., unbounded),VettedPackage(packageId = a1fa18133ae4..., unbounded),VettedPackage(packageId = cae345b5500e..., unbounded),VettedPackage(packageId = c3bb0c5d0479..., unbounded),... 25 more
      ),
      serial = 1,
      operation = Replace,
      hash = SHA-256:fbb0d45df2ff...
    ),
    signatures = 1220b8ba0fff...
  )
)
2026-08-06 23:21:15,238 [canton-env-ec-43] INFO  c.d.c.t.c.WriteThroughCacheSynchronizerTopologyClient:participant=participant1/psid=local::122089cb3fe0::35-0 tid:fbadeaec26b810cdabfd8d9c6b5d607e - Crash recovery on topology state completed, as cleanAsOf is at EffectiveTime(2026-08-07T03:21:14.393417Z) while grabbing snapshot at 2026-08-07T03:21:14.143418Z, dropping secondary cache which was at Some(EffectiveTime(2026-08-07T03:21:08.602438Z))
2026-08-06 23:21:15,238 [canton-env-ec-34] INFO  c.d.c.t.c.WriteThroughCacheSynchronizerTopologyClient:participant=participant1/psid=local::122089cb3fe0::35-0 tid:7249b4edd8b2a94152c56f4fe5e6b65f - Crash recovery on topology state completed, as cleanAsOf is at EffectiveTime(2026-08-07T03:21:14.393417Z) while grabbing snapshot at 2026-08-07T03:21:14.143418Z, dropping secondary cache which was at Some(EffectiveTime(2026-08-07T03:21:08.602438Z))
2026-08-06 23:21:15,744 [canton-env-ec-42] INFO  c.d.c.s.s.s.GrpcSequencerService:sequencer=sequencer1 tid:fbadeaec26b810cdabfd8d9c6b5d607e - 'PAR::participant1::1220b8ba0fff...' sends request with id 'tick-b675fcde-320d-481c-9adf-26bace8883bf' of size 336 bytes with 0 envelopes.
2026-08-06 23:21:15,821 [canton-env-ec-42] INFO  c.d.c.s.s.b.b.c.m.c.i.IssConsensusModule:sequencer=sequencer1/psid=local::122089cb3fe0::35-0 tid:fbadeaec26b810cdabfd8d9c6b5d607e - Block (epochNumber=0, blockNumber=4) has been ordered
2026-08-06 23:21:15,823 [canton-env-ec-35] INFO  c.d.c.s.b.u.BlockChunkProcessor:sequencer=sequencer1/psid=local::122089cb3fe0::35-0 tid:fbadeaec26b810cdabfd8d9c6b5d607e - Processing block 4, data chunk 0. Last chunk timestamp=2026-08-07T03:21:14.143417Z, last sequencer event timestamp=Some(2026-08-07T03:21:14.143417Z). 1 events:
  Send of 'tick-b675fcde-320d-481c-9adf-26bace8883bf' at 2026-08-07T03:21:15.220348Z (tc=fbadeaec26b810cdabfd8d9c6b5d607e)
2026-08-06 23:21:15,830 [canton-env-ec-41] INFO  c.d.c.p.p.ParallelMessageDispatcher:participant=participant1/psid=local::122089cb3fe0::35-0 tid:fbadeaec26b810cdabfd8d9c6b5d607e - Processing time-proof at sc=2, ts=2026-08-07T03:21:15.220348Z
2026-08-06 23:21:15,832 [canton-env-ec-34] INFO  c.d.c.p.p.ParallelMessageDispatcher:participant=participant1/psid=local::122089cb3fe0::35-0 tid:1a2580efe219081648f52d5b83d4b0ff - Processing event at sc=3, ts=2026-08-07T03:21:15.220349Z, with 0 envelopes
2026-08-06 23:21:15,845 [canton-env-ec-41] INFO  c.d.c.p.p.AcsCommitmentProcessor:participant=participant1/psid=local::122089cb3fe0::35-0 tid:b8f826a54c62b1790072a09d05cc0b22 - Persisted ACS commitments at RecordTime(timestamp = 0001-01-01T00:00:00Z, tieBreaker = -9223372036854775808) with CommitmentSnapshot(record time = RecordTime(timestamp = 0001-01-01T00:00:00Z, tieBreaker = -9223372036854775808), active = Map(), delta (parties) = Set(), deleted = Set()) in mode Checkpoint
2026-08-06 23:21:15,846 [canton-env-ec-36] INFO  c.d.c.p.p.AcsCommitmentProcessor:participant=participant1/psid=local::122089cb3fe0::35-0 tid:b8f826a54c62b1790072a09d05cc0b22 - Persisted ACS commitments at RecordTime(timestamp = 0001-01-01T00:00:00Z, tieBreaker = -9223372036854775808) with CommitmentSnapshot(record time = RecordTime(timestamp = 0001-01-01T00:00:00Z, tieBreaker = -9223372036854775808), active = Map(), delta (parties) = Set(), deleted = Set()) in mode Checkpoint
2026-08-06 23:21:15,848 [canton-env-ec-38] INFO  c.d.c.p.p.AcsCommitmentProcessor:participant=participant1/psid=local::122089cb3fe0::35-0 tid:b8f826a54c62b1790072a09d05cc0b22 - Processing completed period CommitmentPeriod(fromExclusive = 2026-08-07T03:20:00Z, toInclusive = 2026-08-07T03:21:00Z). Modes: in catch-up mode = false, and if yes, caught up to catch-up boundary false
2026-08-06 23:21:15,849 [canton-env-ec-37] INFO  c.d.c.p.p.AcsCommitmentProcessor:participant=participant1/psid=local::122089cb3fe0::35-0 tid:b8f826a54c62b1790072a09d05cc0b22 - Computing commitments for CommitmentPeriod(fromExclusive = 2026-08-07T03:20:00Z, toInclusive = 2026-08-07T03:21:00Z), number of stakeholder sets: 0
2026-08-06 23:21:15,853 [canton-env-ec-35] INFO  c.d.c.p.p.AcsCommitmentProcessor:participant=participant1/psid=local::122089cb3fe0::35-0 tid:b8f826a54c62b1790072a09d05cc0b22 - Computed and stored 0 commitment messages for period CommitmentPeriod(fromExclusive = 2026-08-07T03:20:00Z, toInclusive = 2026-08-07T03:21:00Z)
2026-08-06 23:21:15,853 [canton-env-ec-35] INFO  c.d.c.p.p.AcsCommitmentProcessor:participant=participant1/psid=local::122089cb3fe0::35-0 tid:b8f826a54c62b1790072a09d05cc0b22 - Persisted ACS commitments at RecordTime(timestamp = 0001-01-01T00:00:00Z, tieBreaker = -9223372036854775808) with CommitmentSnapshot(record time = RecordTime(timestamp = 0001-01-01T00:00:00Z, tieBreaker = -9223372036854775808), active = Map(), delta (parties) = Set(), deleted = Set()) in mode Efficiency
2026-08-06 23:21:15,855 [canton-env-ec-34] INFO  c.d.c.p.p.AcsCommitmentProcessor:participant=participant1/psid=local::122089cb3fe0::35-0 tid:b8f826a54c62b1790072a09d05cc0b22 - Processing 0 remote commitments
2026-08-06 23:21:15,856 [canton-env-ec-34] INFO  c.d.c.p.p.AcsCommitmentProcessor:participant=participant1/psid=local::122089cb3fe0::35-0 tid:b8f826a54c62b1790072a09d05cc0b22 - Checked buffered remote commitments up to 2026-08-07T03:21:00Z inclusive and ready to check further ones without buffering
2026-08-06 23:21:15,856 [canton-env-ec-36] INFO  c.d.c.p.p.AcsCommitmentProcessor:participant=participant1/psid=local::122089cb3fe0::35-0 tid:b8f826a54c62b1790072a09d05cc0b22 - Deleted buffered commitments and set last computed and sent timestamp set to 2026-08-07T03:21:00Z
2026-08-06 23:21:15,890 [canton-env-ec-37] INFO  c.d.c.p.a.g.GrpcSynchronizerConnectivityService:participant=participant2 tid:57027c5610933fd82d8a94e4e55f2d95 - Registering new synchronizer SynchronizerConnectionConfig(
  synchronizer = Synchronizer 'da',
  sequencerConnections = SequencerConnections(
    connections = Sequencer 'DefaultSequencer' -> GrpcSequencerConnection(sequencerAlias = Sequencer 'DefaultSequencer', endpoints = http://localhost:5001),
    sequencer trust threshold = 1,
    sequencer liveness margin = 0,
    submission request amplification = SubmissionRequestAmplification(factor = 1, patience = 0s),
    sequencer connection pool delays = SequencerConnectionPoolDelays(minRestartDelay = 0.01s, maxRestartDelay = 10s, warnValidationDelay = 20s, subscriptionRequestDelay = 1s)
  ),
  manualConnect = false
)
2026-08-06 23:21:15,896 [canton-env-ec-42] INFO  c.d.c.l.a.ApiRequestLogger:sequencer=sequencer1 tid:7f7145ee00c3aea4c6ed47bf6afa4da0 - Request grpc.health.v1.Health/Watch by grpc:/127.0.0.1:53221: cancelled
2026-08-06 23:21:15,898 [canton-env-ec-43] INFO  c.d.c.l.a.ApiRequestLogger:sequencer=sequencer1 tid:251126e99b818b12ca4d3ed8a8f85af7 - Request grpc.health.v1.Health/Watch by grpc:/127.0.0.1:53223: cancelled
2026-08-06 23:21:15,901 [canton-env-ec-37] INFO  c.d.c.l.a.ApiRequestLogger:sequencer=sequencer1 tid:61accf7ed5a8d71f40069eb1afb7efd0 - Request grpc.health.v1.Health/Watch by grpc:/127.0.0.1:53225: cancelled
2026-08-06 23:21:15,901 [canton-env-ec-43] INFO  c.d.c.c.s.g.SequencerInfoLoader:participant=participant2 tid:57027c5610933fd82d8a94e4e55f2d95 - Version handshake with sequencer Sequencer 'DefaultSequencer' and synchronizer using protocol version 35 succeeded.
2026-08-06 23:21:15,903 [canton-env-ec-38] INFO  c.d.c.l.a.ApiRequestLogger:sequencer=sequencer1 tid:98f69670403fa4922a7e1cb2a18cd207 - Request grpc.health.v1.Health/Watch by grpc:/127.0.0.1:53227: cancelled
2026-08-06 23:21:15,903 [canton-env-ec-38] INFO  c.d.c.c.s.g.SequencerInfoLoader:participant=participant2 tid:57027c5610933fd82d8a94e4e55f2d95 - Retrieved synchronizer information: bootstrap information is SynchronizerClientBootstrapInfo(local::122089cb3fe0...::35-0,SEQ::sequencer1::12203194b0b9...) and synchronizer parameters are StaticSynchronizerParameters(
  required signing specs = RequiredSigningSpecs(algorithms = Set(Ed25519, EC-DSA-SHA256, EC-DSA-SHA384), keys = Set(EC-Curve25519, EC-P256, EC-P384, EC-Secp256k1)),
  required encryption specs = RequiredEncryptionSpecs(algorithms = Set(ECIES_HMAC256_AES128-CBC, RSA-OAEP-SHA256), keys = Set(EC-P256, RSA-2048)),
  required symmetric key schemes = AES128-GCM,
  required hash algorithms = SHA-256,
  required crypto key formats = Set(Raw, DER-encoded X.509 SubjectPublicKeyInfo, DER-encoded PKCS #8 PrivateKeyInfo),
  topology change delay = 0.25s,
  enable transparency checks = false,
  protocol version = 35,
  serial = 0
)
2026-08-06 23:21:15,904 [canton-env-ec-38] INFO  c.d.c.p.a.g.GrpcSynchronizerConnectivityService:participant=participant2 tid:57027c5610933fd82d8a94e4e55f2d95 - Connecting to synchronizer SynchronizerConnectionConfig(
  synchronizer = Synchronizer 'da',
  sequencerConnections = SequencerConnections(
    connections = Sequencer 'DefaultSequencer' -> GrpcSequencerConnection(sequencerAlias = Sequencer 'DefaultSequencer', endpoints = http://localhost:5001),
    sequencer trust threshold = 1,
    sequencer liveness margin = 0,
    submission request amplification = SubmissionRequestAmplification(factor = 1, patience = 0s),
    sequencer connection pool delays = SequencerConnectionPoolDelays(minRestartDelay = 0.01s, maxRestartDelay = 10s, warnValidationDelay = 20s, subscriptionRequestDelay = 1s)
  ),
  manualConnect = false
)
2026-08-06 23:21:15,905 [canton-env-ec-38] INFO  c.d.c.s.c.p.GrpcInternalSequencerConnection:participant=participant2/synchronizerAlias=Synchronizer 'da'/pool=main/connection=DefaultSequencer-0 tid:57027c5610933fd82d8a94e4e55f2d95 - Starting internal-sequencer-connection-DefaultSequencer-0
2026-08-06 23:21:15,905 [canton-env-ec-38] INFO  c.d.c.s.c.p.GrpcInternalSequencerConnection:participant=participant2/synchronizerAlias=Synchronizer 'da'/pool=main/connection=DefaultSequencer-0 tid:57027c5610933fd82d8a94e4e55f2d95 - 'internal-sequencer-connection-DefaultSequencer-0' is now in state Starting. Previous state was Initial.
2026-08-06 23:21:15,905 [canton-env-ec-38] INFO  c.d.c.s.c.p.GrpcConnection:participant=participant2/synchronizerAlias=Synchronizer 'da'/pool=main/connection=DefaultSequencer-0 tid:57027c5610933fd82d8a94e4e55f2d95 - 'connection-DefaultSequencer-0' is now in state Started. Previous state was Stopped.
2026-08-06 23:21:15,905 [canton-env-ec-38] INFO  c.d.c.s.c.p.GrpcInternalSequencerConnection:participant=participant2/synchronizerAlias=Synchronizer 'da'/pool=main/connection=DefaultSequencer-0 tid:57027c5610933fd82d8a94e4e55f2d95 - 'internal-sequencer-connection-DefaultSequencer-0' is now in state Started. Previous state was Starting.
2026-08-06 23:21:15,909 [canton-env-ec-42] INFO  c.d.c.s.c.p.GrpcInternalSequencerConnection:participant=participant2/synchronizerAlias=Synchronizer 'da'/pool=main/connection=DefaultSequencer-0 tid:57027c5610933fd82d8a94e4e55f2d95 - 'internal-sequencer-connection-DefaultSequencer-0' is now in state Validated. Previous state was Started.
2026-08-06 23:21:15,910 [canton-env-ec-42] INFO  c.d.c.s.c.p.SequencerConnectionPoolImpl:participant=participant2/synchronizerAlias=Synchronizer 'da'/pool=main tid:57027c5610933fd82d8a94e4e55f2d95 - 'sequencer-connection-pool' is now in state Ok(). Previous state was Not Initialized.
2026-08-06 23:21:15,911 [canton-env-ec-36] INFO  c.d.c.p.ParticipantNodeBootstrap$$anon$1:participant=participant2 tid:57027c5610933fd82d8a94e4e55f2d95 - Attempting to build, sign, and Replace SynchronizerTrustCertificate(participantId = PAR::participant2::1220334b3a59..., synchronizerId = local::122089cb3fe0...) with serial None() 
2026-08-06 23:21:15,913 [canton-env-ec-41] INFO  c.d.c.t.p.TopologyStateProcessorImpl:participant=participant2/store=Authorized tid:57027c5610933fd82d8a94e4e55f2d95 - Storing topology transaction 1/1 TxHash(SHA-256:2e875d3c79f3...) with ts=EffectiveTime(2026-08-07T03:21:15.912654Z), signedBy=Set(1220334b3a59...)
2026-08-06 23:21:15,913 [canton-env-ec-41] INFO  c.d.c.t.p.TopologyStateProcessorImpl:participant=participant2/store=Authorized tid:57027c5610933fd82d8a94e4e55f2d95 - Persisted topology transactions (SequencedTime(2026-08-07T03:21:15.912654Z), EffectiveTime(2026-08-07T03:21:15.912654Z)):
ValidatedTopologyTransaction(
  SignedTopologyTransaction(
    TopologyTransaction(
      SynchronizerTrustCertificate(participantId = PAR::participant2::1220334b3a59..., synchronizerId = local::122089cb3fe0...),
      serial = 1,
      operation = Replace,
      hash = SHA-256:2e875d3c79f3...
    ),
    signatures = 1220334b3a59...
  )
)
2026-08-06 23:21:15,918 [canton-env-ec-43] INFO  c.d.c.l.a.ApiRequestLogger:sequencer=sequencer1 tid:157a910be856d1f8254a4d9e1280f711 - Request grpc.health.v1.Health/Watch by grpc:/127.0.0.1:53232: cancelled
2026-08-06 23:21:15,925 [canton-env-ec-41] INFO  c.d.c.t.p.TopologyStateProcessorImpl:sequencer=sequencer1 tid:57027c5610933fd82d8a94e4e55f2d95 - Enqueuing topology transaction 1/3 TxHash(SHA-256:16a35f2e7a60...) with ts=EffectiveTime(2026-08-07T03:21:14.393418Z), signedBy=Set(1220334b3a59...)
2026-08-06 23:21:15,925 [canton-env-ec-41] INFO  c.d.c.t.p.TopologyStateProcessorImpl:sequencer=sequencer1 tid:57027c5610933fd82d8a94e4e55f2d95 - Enqueuing topology transaction 2/3 TxHash(SHA-256:2ad35268028b...) with ts=EffectiveTime(2026-08-07T03:21:14.393418Z), signedBy=Set(1220334b3a59..., 12202b7d00dd..., 12205681887d...)
2026-08-06 23:21:15,925 [canton-env-ec-41] INFO  c.d.c.t.p.TopologyStateProcessorImpl:sequencer=sequencer1 tid:57027c5610933fd82d8a94e4e55f2d95 - Enqueuing topology transaction 3/3 TxHash(SHA-256:2e875d3c79f3...) with ts=EffectiveTime(2026-08-07T03:21:14.393418Z), signedBy=Set(1220334b3a59...)
2026-08-06 23:21:15,926 [canton-env-ec-41] INFO  c.d.c.t.p.TopologyStateProcessorImpl:sequencer=sequencer1 tid:57027c5610933fd82d8a94e4e55f2d95 - Enqueued topology transactions:
ValidatedTopologyTransaction(
  SignedTopologyTransaction(
    TopologyTransaction(
      NamespaceDelegation(
        namespace = 1220334b3a59...,
        target = SigningPublicKey(id = 1220334b3a59..., format = DER-encoded X.509 SubjectPublicKeyInfo, keySpec = EC-Curve25519, usage = namespace),
        restriction = none
      ),
      serial = 1,
      operation = Replace,
      hash = SHA-256:16a35f2e7a60...
    ),
    signatures = 1220334b3a59...
  )
),
ValidatedTopologyTransaction(
  SignedTopologyTransaction(
    TopologyTransaction(
      OwnerToKeyMapping(member = PAR::participant2::1220334b3a59..., signingKeys = Seq(12202b7d00dd..., 12205681887d...), encryptionKeys = 122087502619...),
      serial = 1,
      operation = Replace,
      hash = SHA-256:2ad35268028b...
    ),
    signatures = Seq(12202b7d00dd..., 1220334b3a59..., 12205681887d...)
  )
),
ValidatedTopologyTransaction(
  SignedTopologyTransaction(
    TopologyTransaction(
      SynchronizerTrustCertificate(participantId = PAR::participant2::1220334b3a59..., synchronizerId = local::122089cb3fe0...),
      serial = 1,
      operation = Replace,
      hash = SHA-256:2e875d3c79f3...
    ),
    signatures = 1220334b3a59...
  )
)
2026-08-06 23:21:15,927 [canton-env-ec-43] INFO  c.d.c.l.a.ApiRequestLogger:sequencer=sequencer1 tid:05cfd2421d1d521b4d216695a319e1ec - Request grpc.health.v1.Health/Watch by grpc:/127.0.0.1:53234: cancelled
2026-08-06 23:21:15,930 [canton-env-ec-34] INFO  c.d.c.l.a.ApiRequestLogger:sequencer=sequencer1 tid:26eecc0b95c12f5f9ff48fca2a457c7b - Request grpc.health.v1.Health/Watch by grpc:/127.0.0.1:53236: cancelled
2026-08-06 23:21:15,930 [canton-env-ec-43] INFO  c.d.c.c.s.g.GrpcSequencerConnectClient:participant=participant2/synchronizerAlias=Synchronizer 'da'/sequencerAlias=DefaultSequencer/sequencerConnection=localhost:5001 tid:57027c5610933fd82d8a94e4e55f2d95 - The operation 'verify active' was not successful. New kind of error: no success error (request infinite retries). Retrying after 0.5s. Result: Outcome(Right(false)). 
2026-08-06 23:21:15,940 [canton-env-ec-42] INFO  c.d.c.s.s.b.b.c.m.c.i.IssConsensusModule:sequencer=sequencer1/psid=local::122089cb3fe0::35-0 tid:aa69166db59b1452b40b76fc6eeb383f - Block (epochNumber=0, blockNumber=5) has been ordered
2026-08-06 23:21:15,942 [canton-env-ec-36] INFO  c.d.c.s.b.u.BlockChunkProcessor:sequencer=sequencer1/psid=local::122089cb3fe0::35-0 tid:aa69166db59b1452b40b76fc6eeb383f - Processing block 5, data chunk 0. Last chunk timestamp=2026-08-07T03:21:15.220349Z, last sequencer event timestamp=Some(2026-08-07T03:21:15.220349Z). 1 events:
  Send of 'c387ed8e-d456-4d12-a7aa-57b49d5abc4b' at 2026-08-07T03:21:15.820512Z (tc=aa69166db59b1452b40b76fc6eeb383f)
2026-08-06 23:21:15,948 [canton-env-ec-38] INFO  c.d.c.p.p.ParallelMessageDispatcher:participant=participant1/psid=local::122089cb3fe0::35-0 tid:aa69166db59b1452b40b76fc6eeb383f - Processing event at sc=4, ts=2026-08-07T03:21:15.820512Z, with 1 envelopes
  topo-bcast with ntx=3
2026-08-06 23:21:15,950 [canton-env-ec-41] INFO  c.d.c.t.p.TopologyStateProcessorImpl:mediator=mediator1/psid=local::122089cb3fe0::35-0 tid:aa69166db59b1452b40b76fc6eeb383f - Storing topology transaction 1/3 TxHash(SHA-256:16a35f2e7a60...) with ts=EffectiveTime(2026-08-07T03:21:16.070512Z), signedBy=Set(1220334b3a59...)
2026-08-06 23:21:15,950 [canton-env-ec-34] INFO  c.d.c.t.p.TopologyStateProcessorImpl:sequencer=sequencer1/psid=local::122089cb3fe0::35-0 tid:aa69166db59b1452b40b76fc6eeb383f - Storing topology transaction 1/3 TxHash(SHA-256:16a35f2e7a60...) with ts=EffectiveTime(2026-08-07T03:21:16.070512Z), signedBy=Set(1220334b3a59...)
2026-08-06 23:21:15,950 [canton-env-ec-41] INFO  c.d.c.t.p.TopologyStateProcessorImpl:mediator=mediator1/psid=local::122089cb3fe0::35-0 tid:aa69166db59b1452b40b76fc6eeb383f - Storing topology transaction 2/3 TxHash(SHA-256:2ad35268028b...) with ts=EffectiveTime(2026-08-07T03:21:16.070512Z), signedBy=Set(1220334b3a59..., 12202b7d00dd..., 12205681887d...)
2026-08-06 23:21:15,950 [canton-env-ec-34] INFO  c.d.c.t.p.TopologyStateProcessorImpl:sequencer=sequencer1/psid=local::122089cb3fe0::35-0 tid:aa69166db59b1452b40b76fc6eeb383f - Storing topology transaction 2/3 TxHash(SHA-256:2ad35268028b...) with ts=EffectiveTime(2026-08-07T03:21:16.070512Z), signedBy=Set(1220334b3a59..., 12202b7d00dd..., 12205681887d...)
2026-08-06 23:21:15,950 [canton-env-ec-41] INFO  c.d.c.t.p.TopologyStateProcessorImpl:mediator=mediator1/psid=local::122089cb3fe0::35-0 tid:aa69166db59b1452b40b76fc6eeb383f - Storing topology transaction 3/3 TxHash(SHA-256:2e875d3c79f3...) with ts=EffectiveTime(2026-08-07T03:21:16.070512Z), signedBy=Set(1220334b3a59...)
2026-08-06 23:21:15,950 [canton-env-ec-34] INFO  c.d.c.t.p.TopologyStateProcessorImpl:sequencer=sequencer1/psid=local::122089cb3fe0::35-0 tid:aa69166db59b1452b40b76fc6eeb383f - Storing topology transaction 3/3 TxHash(SHA-256:2e875d3c79f3...) with ts=EffectiveTime(2026-08-07T03:21:16.070512Z), signedBy=Set(1220334b3a59...)
2026-08-06 23:21:15,951 [canton-env-ec-36] INFO  c.d.c.t.p.TopologyStateProcessorImpl:participant=participant1/psid=local::122089cb3fe0::35-0 tid:aa69166db59b1452b40b76fc6eeb383f - Storing topology transaction 1/3 TxHash(SHA-256:16a35f2e7a60...) with ts=EffectiveTime(2026-08-07T03:21:16.070512Z), signedBy=Set(1220334b3a59...)
2026-08-06 23:21:15,951 [canton-env-ec-36] INFO  c.d.c.t.p.TopologyStateProcessorImpl:participant=participant1/psid=local::122089cb3fe0::35-0 tid:aa69166db59b1452b40b76fc6eeb383f - Storing topology transaction 2/3 TxHash(SHA-256:2ad35268028b...) with ts=EffectiveTime(2026-08-07T03:21:16.070512Z), signedBy=Set(1220334b3a59..., 12202b7d00dd..., 12205681887d...)
2026-08-06 23:21:15,951 [canton-env-ec-36] INFO  c.d.c.t.p.TopologyStateProcessorImpl:participant=participant1/psid=local::122089cb3fe0::35-0 tid:aa69166db59b1452b40b76fc6eeb383f - Storing topology transaction 3/3 TxHash(SHA-256:2e875d3c79f3...) with ts=EffectiveTime(2026-08-07T03:21:16.070512Z), signedBy=Set(1220334b3a59...)
2026-08-06 23:21:15,952 [canton-env-ec-35] INFO  c.d.c.t.p.TopologyStateProcessorImpl:sequencer=sequencer1/psid=local::122089cb3fe0::35-0 tid:aa69166db59b1452b40b76fc6eeb383f - Persisted topology transactions (SequencedTime(2026-08-07T03:21:15.820512Z), EffectiveTime(2026-08-07T03:21:16.070512Z)):
ValidatedTopologyTransaction(
  SignedTopologyTransaction(
    TopologyTransaction(
      NamespaceDelegation(
        namespace = 1220334b3a59...,
        target = SigningPublicKey(id = 1220334b3a59..., format = DER-encoded X.509 SubjectPublicKeyInfo, keySpec = EC-Curve25519, usage = namespace),
        restriction = none
      ),
      serial = 1,
      operation = Replace,
      hash = SHA-256:16a35f2e7a60...
    ),
    signatures = 1220334b3a59...
  )
),
ValidatedTopologyTransaction(
  SignedTopologyTransaction(
    TopologyTransaction(
      OwnerToKeyMapping(member = PAR::participant2::1220334b3a59..., signingKeys = Seq(12202b7d00dd..., 12205681887d...), encryptionKeys = 122087502619...),
      serial = 1,
      operation = Replace,
      hash = SHA-256:2ad35268028b...
    ),
    signatures = Seq(12202b7d00dd..., 1220334b3a59..., 12205681887d...)
  )
),
ValidatedTopologyTransaction(
  SignedTopologyTransaction(
    TopologyTransaction(
      SynchronizerTrustCertificate(participantId = PAR::participant2::1220334b3a59..., synchronizerId = local::122089cb3fe0...),
      serial = 1,
      operation = Replace,
      hash = SHA-256:2e875d3c79f3...
    ),
    signatures = 1220334b3a59...
  )
)
2026-08-06 23:21:15,952 [canton-env-ec-41] INFO  c.d.c.t.p.TopologyStateProcessorImpl:mediator=mediator1/psid=local::122089cb3fe0::35-0 tid:aa69166db59b1452b40b76fc6eeb383f - Persisted topology transactions (SequencedTime(2026-08-07T03:21:15.820512Z), EffectiveTime(2026-08-07T03:21:16.070512Z)):
ValidatedTopologyTransaction(
  SignedTopologyTransaction(
    TopologyTransaction(
      NamespaceDelegation(
        namespace = 1220334b3a59...,
        target = SigningPublicKey(id = 1220334b3a59..., format = DER-encoded X.509 SubjectPublicKeyInfo, keySpec = EC-Curve25519, usage = namespace),
        restriction = none
      ),
      serial = 1,
      operation = Replace,
      hash = SHA-256:16a35f2e7a60...
    ),
    signatures = 1220334b3a59...
  )
),
ValidatedTopologyTransaction(
  SignedTopologyTransaction(
    TopologyTransaction(
      OwnerToKeyMapping(member = PAR::participant2::1220334b3a59..., signingKeys = Seq(12202b7d00dd..., 12205681887d...), encryptionKeys = 122087502619...),
      serial = 1,
      operation = Replace,
      hash = SHA-256:2ad35268028b...
    ),
    signatures = Seq(12202b7d00dd..., 1220334b3a59..., 12205681887d...)
  )
),
ValidatedTopologyTransaction(
  SignedTopologyTransaction(
    TopologyTransaction(
      SynchronizerTrustCertificate(participantId = PAR::participant2::1220334b3a59..., synchronizerId = local::122089cb3fe0...),
      serial = 1,
      operation = Replace,
      hash = SHA-256:2e875d3c79f3...
    ),
    signatures = 1220334b3a59...
  )
)
2026-08-06 23:21:15,952 [canton-env-ec-42] INFO  c.d.c.s.s.SequencerRuntime:sequencer=sequencer1/psid=local::122089cb3fe0::35-0 tid:aa69166db59b1452b40b76fc6eeb383f - Topology change has triggered sequencer registration of member PAR::participant2::1220334b3a59...
2026-08-06 23:21:15,952 [canton-env-ec-36] INFO  c.d.c.t.p.TopologyStateProcessorImpl:participant=participant1/psid=local::122089cb3fe0::35-0 tid:aa69166db59b1452b40b76fc6eeb383f - Persisted topology transactions (SequencedTime(2026-08-07T03:21:15.820512Z), EffectiveTime(2026-08-07T03:21:16.070512Z)):
ValidatedTopologyTransaction(
  SignedTopologyTransaction(
    TopologyTransaction(
      NamespaceDelegation(
        namespace = 1220334b3a59...,
        target = SigningPublicKey(id = 1220334b3a59..., format = DER-encoded X.509 SubjectPublicKeyInfo, keySpec = EC-Curve25519, usage = namespace),
        restriction = none
      ),
      serial = 1,
      operation = Replace,
      hash = SHA-256:16a35f2e7a60...
    ),
    signatures = 1220334b3a59...
  )
),
ValidatedTopologyTransaction(
  SignedTopologyTransaction(
    TopologyTransaction(
      OwnerToKeyMapping(member = PAR::participant2::1220334b3a59..., signingKeys = Seq(12202b7d00dd..., 12205681887d...), encryptionKeys = 122087502619...),
      serial = 1,
      operation = Replace,
      hash = SHA-256:2ad35268028b...
    ),
    signatures = Seq(12202b7d00dd..., 1220334b3a59..., 12205681887d...)
  )
),
ValidatedTopologyTransaction(
  SignedTopologyTransaction(
    TopologyTransaction(
      SynchronizerTrustCertificate(participantId = PAR::participant2::1220334b3a59..., synchronizerId = local::122089cb3fe0...),
      serial = 1,
      operation = Replace,
      hash = SHA-256:2e875d3c79f3...
    ),
    signatures = 1220334b3a59...
  )
)
2026-08-06 23:21:16,436 [canton-env-ec-36] INFO  c.d.c.c.s.g.GrpcSequencerConnectClient:participant=participant2/synchronizerAlias=Synchronizer 'da'/sequencerAlias=DefaultSequencer/sequencerConnection=localhost:5001 tid:57027c5610933fd82d8a94e4e55f2d95 - Now retrying operation 'verify active'. 
2026-08-06 23:21:16,451 [canton-env-ec-41] INFO  c.d.c.l.a.ApiRequestLogger:sequencer=sequencer1 tid:c3364ef7e9e43a07d7124ccd4942a680 - Request grpc.health.v1.Health/Watch by grpc:/127.0.0.1:53238: cancelled
2026-08-06 23:21:16,451 [canton-env-ec-35] INFO  c.d.c.c.s.g.GrpcSequencerConnectClient:participant=participant2/synchronizerAlias=Synchronizer 'da'/sequencerAlias=DefaultSequencer/sequencerConnection=localhost:5001 tid:57027c5610933fd82d8a94e4e55f2d95 - The operation 'verify active' was not successful. Retrying after 0.5s. Result: Outcome(Right(false)). 
2026-08-06 23:21:16,957 [canton-env-ec-35] INFO  c.d.c.c.s.g.GrpcSequencerConnectClient:participant=participant2/synchronizerAlias=Synchronizer 'da'/sequencerAlias=DefaultSequencer/sequencerConnection=localhost:5001 tid:57027c5610933fd82d8a94e4e55f2d95 - Now retrying operation 'verify active'. 
2026-08-06 23:21:16,983 [canton-env-ec-34] INFO  c.d.c.l.a.ApiRequestLogger:sequencer=sequencer1 tid:706251f265d5d947262143e79e9887fd - Request grpc.health.v1.Health/Watch by grpc:/127.0.0.1:53240: cancelled
2026-08-06 23:21:16,983 [canton-env-ec-43] INFO  c.d.c.c.s.g.GrpcSequencerConnectClient:participant=participant2/synchronizerAlias=Synchronizer 'da'/sequencerAlias=DefaultSequencer/sequencerConnection=localhost:5001 tid:57027c5610933fd82d8a94e4e55f2d95 - The operation 'verify active' was not successful. Retrying after 0.5s. Result: Outcome(Right(false)). 
2026-08-06 23:21:17,489 [canton-env-ec-43] INFO  c.d.c.c.s.g.GrpcSequencerConnectClient:participant=participant2/synchronizerAlias=Synchronizer 'da'/sequencerAlias=DefaultSequencer/sequencerConnection=localhost:5001 tid:57027c5610933fd82d8a94e4e55f2d95 - Now retrying operation 'verify active'. 
2026-08-06 23:21:17,506 [canton-env-ec-41] INFO  c.d.c.l.a.ApiRequestLogger:sequencer=sequencer1 tid:c1b5f0862e567f8e68bc3d86e9bd89c6 - Request grpc.health.v1.Health/Watch by grpc:/127.0.0.1:53243: cancelled
2026-08-06 23:21:17,507 [canton-env-ec-38] INFO  c.d.c.c.s.g.GrpcSequencerConnectClient:participant=participant2/synchronizerAlias=Synchronizer 'da'/sequencerAlias=DefaultSequencer/sequencerConnection=localhost:5001 tid:57027c5610933fd82d8a94e4e55f2d95 - The operation 'verify active' was not successful. Retrying after 0.5s. Result: Outcome(Right(false)). 
2026-08-06 23:21:18,009 [canton-env-ec-35] INFO  c.d.c.c.s.g.GrpcSequencerConnectClient:participant=participant2/synchronizerAlias=Synchronizer 'da'/sequencerAlias=DefaultSequencer/sequencerConnection=localhost:5001 tid:57027c5610933fd82d8a94e4e55f2d95 - Now retrying operation 'verify active'. 
2026-08-06 23:21:18,018 [canton-env-ec-36] INFO  c.d.c.l.a.ApiRequestLogger:sequencer=sequencer1 tid:03b60cfa59c35ac158b1daa1ae265dec - Request grpc.health.v1.Health/Watch by grpc:/127.0.0.1:53245: cancelled
2026-08-06 23:21:18,018 [canton-env-ec-36] INFO  c.d.c.c.s.g.GrpcSequencerConnectClient:participant=participant2/synchronizerAlias=Synchronizer 'da'/sequencerAlias=DefaultSequencer/sequencerConnection=localhost:5001 tid:57027c5610933fd82d8a94e4e55f2d95 - The operation 'verify active' was not successful. Retrying after 0.5s. Result: Outcome(Right(false)). 
2026-08-06 23:21:18,298 [canton-env-ec-36] INFO  c.d.c.s.s.b.b.c.m.o.OutputModule:sequencer=sequencer1/psid=local::122089cb3fe0::35-0 tid:4e16dc8a640a39cfc4f0c1ab753f0b62 - Scheduling backpressure check in 10 seconds
2026-08-06 23:21:18,300 [canton-env-ec-36] INFO  c.d.c.s.s.b.b.c.m.o.OutputModule:sequencer=sequencer1/psid=local::122089cb3fe0::35-0 tid:4e16dc8a640a39cfc4f0c1ab753f0b62 - Checking if sequencer core is still slow or if we can process new epoch topology messages (backPressureStartInstant = None, from block subscription: isSequencerCoreSlow = false, bufferSize = 0)
2026-08-06 23:21:18,302 [canton-env-ec-36] INFO  c.d.c.s.s.b.b.c.m.o.OutputModule:sequencer=sequencer1/psid=local::122089cb3fe0::35-0 tid:4e16dc8a640a39cfc4f0c1ab753f0b62 - Processing 0 new epoch topology messages
2026-08-06 23:21:18,521 [canton-env-ec-36] INFO  c.d.c.c.s.g.GrpcSequencerConnectClient:participant=participant2/synchronizerAlias=Synchronizer 'da'/sequencerAlias=DefaultSequencer/sequencerConnection=localhost:5001 tid:57027c5610933fd82d8a94e4e55f2d95 - Now retrying operation 'verify active'. 
2026-08-06 23:21:18,540 [canton-env-ec-34] INFO  c.d.c.l.a.ApiRequestLogger:sequencer=sequencer1 tid:aaff8c0d2ba687870bb6b0b35a44bbe1 - Request grpc.health.v1.Health/Watch by grpc:/127.0.0.1:53248: cancelled
2026-08-06 23:21:18,540 [canton-env-ec-36] INFO  c.d.c.c.s.g.GrpcSequencerConnectClient:participant=participant2/synchronizerAlias=Synchronizer 'da'/sequencerAlias=DefaultSequencer/sequencerConnection=localhost:5001 tid:57027c5610933fd82d8a94e4e55f2d95 - The operation 'verify active' was not successful. Retrying after 0.5s. Result: Outcome(Right(false)). 
2026-08-06 23:21:19,044 [canton-env-ec-36] INFO  c.d.c.c.s.g.GrpcSequencerConnectClient:participant=participant2/synchronizerAlias=Synchronizer 'da'/sequencerAlias=DefaultSequencer/sequencerConnection=localhost:5001 tid:57027c5610933fd82d8a94e4e55f2d95 - Now retrying operation 'verify active'. 
2026-08-06 23:21:19,063 [canton-env-ec-37] INFO  c.d.c.l.a.ApiRequestLogger:sequencer=sequencer1 tid:036f10f295c5ad3ffa1b8a5585c0a229 - Request grpc.health.v1.Health/Watch by grpc:/127.0.0.1:53251: cancelled
2026-08-06 23:21:19,063 [canton-env-ec-43] INFO  c.d.c.c.s.g.GrpcSequencerConnectClient:participant=participant2/synchronizerAlias=Synchronizer 'da'/sequencerAlias=DefaultSequencer/sequencerConnection=localhost:5001 tid:57027c5610933fd82d8a94e4e55f2d95 - The operation 'verify active' was not successful. Retrying after 0.5s. Result: Outcome(Right(false)). 
2026-08-06 23:21:19,567 [canton-env-ec-43] INFO  c.d.c.c.s.g.GrpcSequencerConnectClient:participant=participant2/synchronizerAlias=Synchronizer 'da'/sequencerAlias=DefaultSequencer/sequencerConnection=localhost:5001 tid:57027c5610933fd82d8a94e4e55f2d95 - Now retrying operation 'verify active'. 
2026-08-06 23:21:19,590 [canton-env-ec-35] INFO  c.d.c.l.a.ApiRequestLogger:sequencer=sequencer1 tid:61279da3cf74ffb995c826d7412d130c - Request grpc.health.v1.Health/Watch by grpc:/127.0.0.1:53253: cancelled
2026-08-06 23:21:19,591 [canton-env-ec-43] INFO  c.d.c.c.s.g.GrpcSequencerConnectClient:participant=participant2/synchronizerAlias=Synchronizer 'da'/sequencerAlias=DefaultSequencer/sequencerConnection=localhost:5001 tid:57027c5610933fd82d8a94e4e55f2d95 - The operation 'verify active' was not successful. Retrying after 0.5s. Result: Outcome(Right(false)). 
2026-08-06 23:21:20,097 [canton-env-ec-43] INFO  c.d.c.c.s.g.GrpcSequencerConnectClient:participant=participant2/synchronizerAlias=Synchronizer 'da'/sequencerAlias=DefaultSequencer/sequencerConnection=localhost:5001 tid:57027c5610933fd82d8a94e4e55f2d95 - Now retrying operation 'verify active'. 
2026-08-06 23:21:20,118 [canton-env-ec-35] INFO  c.d.c.l.a.ApiRequestLogger:sequencer=sequencer1 tid:e63f595884c93957b463d0e1fc255258 - Request grpc.health.v1.Health/Watch by grpc:/127.0.0.1:53256: cancelled
2026-08-06 23:21:20,119 [canton-env-ec-35] INFO  c.d.c.c.s.g.GrpcSequencerConnectClient:participant=participant2/synchronizerAlias=Synchronizer 'da'/sequencerAlias=DefaultSequencer/sequencerConnection=localhost:5001 tid:57027c5610933fd82d8a94e4e55f2d95 - The operation 'verify active' was not successful. Retrying after 0.5s. Result: Outcome(Right(false)). 
2026-08-06 23:21:20,622 [canton-env-ec-35] INFO  c.d.c.c.s.g.GrpcSequencerConnectClient:participant=participant2/synchronizerAlias=Synchronizer 'da'/sequencerAlias=DefaultSequencer/sequencerConnection=localhost:5001 tid:57027c5610933fd82d8a94e4e55f2d95 - Now retrying operation 'verify active'. 
2026-08-06 23:21:20,641 [canton-env-ec-42] INFO  c.d.c.l.a.ApiRequestLogger:sequencer=sequencer1 tid:e74f58b2bae0c0af7f06e87f45317f9d - Request grpc.health.v1.Health/Watch by grpc:/127.0.0.1:53258: cancelled
2026-08-06 23:21:20,641 [canton-env-ec-34] INFO  c.d.c.c.s.g.GrpcSequencerConnectClient:participant=participant2/synchronizerAlias=Synchronizer 'da'/sequencerAlias=DefaultSequencer/sequencerConnection=localhost:5001 tid:57027c5610933fd82d8a94e4e55f2d95 - The operation 'verify active' was not successful. Retrying after 0.5s. Result: Outcome(Right(false)). 
2026-08-06 23:21:20,969 [canton-env-ec-35] INFO  c.d.c.s.s.b.b.c.m.c.i.IssConsensusModule:sequencer=sequencer1/psid=local::122089cb3fe0::35-0 tid:3a1015aa47b4160c9b13b298d74e62a3 - Block (epochNumber=0, blockNumber=6) has been ordered
2026-08-06 23:21:21,142 [canton-env-ec-35] INFO  c.d.c.c.s.g.GrpcSequencerConnectClient:participant=participant2/synchronizerAlias=Synchronizer 'da'/sequencerAlias=DefaultSequencer/sequencerConnection=localhost:5001 tid:57027c5610933fd82d8a94e4e55f2d95 - Now retrying operation 'verify active'. 
2026-08-06 23:21:21,161 [canton-env-ec-37] INFO  c.d.c.l.a.ApiRequestLogger:sequencer=sequencer1 tid:0dee902d6fab7723bc73583800fa647b - Request grpc.health.v1.Health/Watch by grpc:/127.0.0.1:53261: cancelled
2026-08-06 23:21:21,162 [canton-env-ec-41] INFO  c.d.c.c.s.g.GrpcSequencerConnectClient:participant=participant2/synchronizerAlias=Synchronizer 'da'/sequencerAlias=DefaultSequencer/sequencerConnection=localhost:5001 tid:57027c5610933fd82d8a94e4e55f2d95 - The operation 'verify active' was not successful. Retrying after 0.5s. Result: Outcome(Right(false)). 
2026-08-06 23:21:21,663 [canton-env-ec-41] INFO  c.d.c.c.s.g.GrpcSequencerConnectClient:participant=participant2/synchronizerAlias=Synchronizer 'da'/sequencerAlias=DefaultSequencer/sequencerConnection=localhost:5001 tid:57027c5610933fd82d8a94e4e55f2d95 - Now retrying operation 'verify active'. 
2026-08-06 23:21:21,680 [canton-env-ec-41] INFO  c.d.c.l.a.ApiRequestLogger:sequencer=sequencer1 tid:f87aa25fc35530cee1d08f0daf79d348 - Request grpc.health.v1.Health/Watch by grpc:/127.0.0.1:53263: cancelled
2026-08-06 23:21:21,681 [canton-env-ec-41] INFO  c.d.c.c.s.g.GrpcSequencerConnectClient:participant=participant2/synchronizerAlias=Synchronizer 'da'/sequencerAlias=DefaultSequencer/sequencerConnection=localhost:5001 tid:57027c5610933fd82d8a94e4e55f2d95 - The operation 'verify active' was not successful. Retrying after 0.5s. Result: Outcome(Right(false)). 
2026-08-06 23:21:22,186 [canton-env-ec-41] INFO  c.d.c.c.s.g.GrpcSequencerConnectClient:participant=participant2/synchronizerAlias=Synchronizer 'da'/sequencerAlias=DefaultSequencer/sequencerConnection=localhost:5001 tid:57027c5610933fd82d8a94e4e55f2d95 - Now retrying operation 'verify active'. 
2026-08-06 23:21:22,201 [canton-env-ec-35] INFO  c.d.c.l.a.ApiRequestLogger:sequencer=sequencer1 tid:25e1c5b3b834c6b66c1abdec5958d036 - Request grpc.health.v1.Health/Watch by grpc:/127.0.0.1:53267: cancelled
2026-08-06 23:21:22,202 [canton-env-ec-36] INFO  c.d.c.c.s.g.GrpcSequencerConnectClient:participant=participant2/synchronizerAlias=Synchronizer 'da'/sequencerAlias=DefaultSequencer/sequencerConnection=localhost:5001 tid:57027c5610933fd82d8a94e4e55f2d95 - The operation 'verify active' was not successful. Retrying after 0.5s. Result: Outcome(Right(false)). 
2026-08-06 23:21:22,704 [canton-env-ec-36] INFO  c.d.c.c.s.g.GrpcSequencerConnectClient:participant=participant2/synchronizerAlias=Synchronizer 'da'/sequencerAlias=DefaultSequencer/sequencerConnection=localhost:5001 tid:57027c5610933fd82d8a94e4e55f2d95 - Now retrying operation 'verify active'. 
2026-08-06 23:21:22,726 [canton-env-ec-35] INFO  c.d.c.l.a.ApiRequestLogger:sequencer=sequencer1 tid:f0f616d9aeafa82a9f1f35c6769f61ea - Request grpc.health.v1.Health/Watch by grpc:/127.0.0.1:53269: cancelled
2026-08-06 23:21:22,727 [canton-env-ec-43] INFO  c.d.c.c.s.g.GrpcSequencerConnectClient:participant=participant2/synchronizerAlias=Synchronizer 'da'/sequencerAlias=DefaultSequencer/sequencerConnection=localhost:5001 tid:57027c5610933fd82d8a94e4e55f2d95 - The operation 'verify active' was not successful. Retrying after 0.5s. Result: Outcome(Right(false)). 
2026-08-06 23:21:23,229 [canton-env-ec-43] INFO  c.d.c.c.s.g.GrpcSequencerConnectClient:participant=participant2/synchronizerAlias=Synchronizer 'da'/sequencerAlias=DefaultSequencer/sequencerConnection=localhost:5001 tid:57027c5610933fd82d8a94e4e55f2d95 - Now retrying operation 'verify active'. 
2026-08-06 23:21:23,246 [canton-env-ec-42] INFO  c.d.c.l.a.ApiRequestLogger:sequencer=sequencer1 tid:d3a562c4484ff1e8d50b220a56228578 - Request grpc.health.v1.Health/Watch by grpc:/127.0.0.1:53271: cancelled
2026-08-06 23:21:23,247 [canton-env-ec-38] INFO  c.d.c.c.s.g.GrpcSequencerConnectClient:participant=participant2/synchronizerAlias=Synchronizer 'da'/sequencerAlias=DefaultSequencer/sequencerConnection=localhost:5001 tid:57027c5610933fd82d8a94e4e55f2d95 - The operation 'verify active' was not successful. Retrying after 0.5s. Result: Outcome(Right(false)). 
2026-08-06 23:21:23,748 [canton-env-ec-42] INFO  c.d.c.c.s.g.GrpcSequencerConnectClient:participant=participant2/synchronizerAlias=Synchronizer 'da'/sequencerAlias=DefaultSequencer/sequencerConnection=localhost:5001 tid:57027c5610933fd82d8a94e4e55f2d95 - Now retrying operation 'verify active'. 
2026-08-06 23:21:23,758 [canton-env-ec-36] INFO  c.d.c.l.a.ApiRequestLogger:sequencer=sequencer1 tid:688be75e534fa6a3cfe48052b3230f16 - Request grpc.health.v1.Health/Watch by grpc:/127.0.0.1:53277: cancelled
2026-08-06 23:21:23,759 [canton-env-ec-36] INFO  c.d.c.c.s.g.GrpcSequencerConnectClient:participant=participant2/synchronizerAlias=Synchronizer 'da'/sequencerAlias=DefaultSequencer/sequencerConnection=localhost:5001 tid:57027c5610933fd82d8a94e4e55f2d95 - The operation 'verify active' was not successful. Retrying after 0.5s. Result: Outcome(Right(false)). 
2026-08-06 23:21:24,264 [canton-env-ec-36] INFO  c.d.c.c.s.g.GrpcSequencerConnectClient:participant=participant2/synchronizerAlias=Synchronizer 'da'/sequencerAlias=DefaultSequencer/sequencerConnection=localhost:5001 tid:57027c5610933fd82d8a94e4e55f2d95 - Now retrying operation 'verify active'. 
2026-08-06 23:21:24,275 [canton-env-ec-36] INFO  c.d.c.l.a.ApiRequestLogger:sequencer=sequencer1 tid:650ad6d734b67d9186ab862d87462ec3 - Request grpc.health.v1.Health/Watch by grpc:/127.0.0.1:53282: cancelled
2026-08-06 23:21:24,275 [canton-env-ec-36] INFO  c.d.c.c.s.g.GrpcSequencerConnectClient:participant=participant2/synchronizerAlias=Synchronizer 'da'/sequencerAlias=DefaultSequencer/sequencerConnection=localhost:5001 tid:57027c5610933fd82d8a94e4e55f2d95 - The operation 'verify active' was not successful. Retrying after 0.5s. Result: Outcome(Right(false)). 
2026-08-06 23:21:24,781 [canton-env-ec-36] INFO  c.d.c.c.s.g.GrpcSequencerConnectClient:participant=participant2/synchronizerAlias=Synchronizer 'da'/sequencerAlias=DefaultSequencer/sequencerConnection=localhost:5001 tid:57027c5610933fd82d8a94e4e55f2d95 - Now retrying operation 'verify active'. 
2026-08-06 23:21:24,797 [canton-env-ec-41] INFO  c.d.c.l.a.ApiRequestLogger:sequencer=sequencer1 tid:48991eae7a89377e72aa074e4d63d9d5 - Request grpc.health.v1.Health/Watch by grpc:/127.0.0.1:53284: cancelled
2026-08-06 23:21:24,797 [canton-env-ec-38] INFO  c.d.c.c.s.g.GrpcSequencerConnectClient:participant=participant2/synchronizerAlias=Synchronizer 'da'/sequencerAlias=DefaultSequencer/sequencerConnection=localhost:5001 tid:57027c5610933fd82d8a94e4e55f2d95 - The operation 'verify active' was not successful. Retrying after 0.5s. Result: Outcome(Right(false)). 
2026-08-06 23:21:25,301 [canton-env-ec-38] INFO  c.d.c.c.s.g.GrpcSequencerConnectClient:participant=participant2/synchronizerAlias=Synchronizer 'da'/sequencerAlias=DefaultSequencer/sequencerConnection=localhost:5001 tid:57027c5610933fd82d8a94e4e55f2d95 - Now retrying operation 'verify active'. 
2026-08-06 23:21:25,316 [canton-env-ec-35] INFO  c.d.c.l.a.ApiRequestLogger:sequencer=sequencer1 tid:c8d6119d3657a16ca7c6fb1446241002 - Request grpc.health.v1.Health/Watch by grpc:/127.0.0.1:53287: cancelled
2026-08-06 23:21:25,317 [canton-env-ec-37] INFO  c.d.c.c.s.g.GrpcSequencerConnectClient:participant=participant2/synchronizerAlias=Synchronizer 'da'/sequencerAlias=DefaultSequencer/sequencerConnection=localhost:5001 tid:57027c5610933fd82d8a94e4e55f2d95 - The operation 'verify active' was not successful. Retrying after 0.5s. Result: Outcome(Right(false)). 
2026-08-06 23:21:25,822 [canton-env-ec-34] INFO  c.d.c.c.s.g.GrpcSequencerConnectClient:participant=participant2/synchronizerAlias=Synchronizer 'da'/sequencerAlias=DefaultSequencer/sequencerConnection=localhost:5001 tid:57027c5610933fd82d8a94e4e55f2d95 - Now retrying operation 'verify active'. 
2026-08-06 23:21:25,832 [canton-env-ec-36] INFO  c.d.c.l.a.ApiRequestLogger:sequencer=sequencer1 tid:4a278f73e67b53b048d0641d0a6aba54 - Request grpc.health.v1.Health/Watch by grpc:/127.0.0.1:53289: cancelled
2026-08-06 23:21:25,833 [canton-env-ec-43] INFO  c.d.c.c.s.g.GrpcSequencerConnectClient:participant=participant2/synchronizerAlias=Synchronizer 'da'/sequencerAlias=DefaultSequencer/sequencerConnection=localhost:5001 tid:57027c5610933fd82d8a94e4e55f2d95 - The operation 'verify active' was not successful. Retrying after 0.5s. Result: Outcome(Right(false)). 
2026-08-06 23:21:25,998 [canton-env-ec-41] INFO  c.d.c.s.s.b.b.c.m.c.i.IssConsensusModule:sequencer=sequencer1/psid=local::122089cb3fe0::35-0 tid:f0c8af7f6c1f1cf322e4b349113dd8cb - Block (epochNumber=0, blockNumber=7) has been ordered
2026-08-06 23:21:26,015 [canton-env-ec-35] INFO  c.d.c.p.p.ParallelMessageDispatcher:participant=participant1/psid=local::122089cb3fe0::35-0 tid:46511509227a37b7eb2d7b2bfa64524d - Processing event at sc=5, ts=2026-08-07T03:21:20.965301Z, with 0 envelopes
2026-08-06 23:21:26,340 [canton-env-ec-37] INFO  c.d.c.c.s.g.GrpcSequencerConnectClient:participant=participant2/synchronizerAlias=Synchronizer 'da'/sequencerAlias=DefaultSequencer/sequencerConnection=localhost:5001 tid:57027c5610933fd82d8a94e4e55f2d95 - Now retrying operation 'verify active'. 
2026-08-06 23:21:26,354 [canton-env-ec-38] INFO  c.d.c.l.a.ApiRequestLogger:sequencer=sequencer1 tid:17005f5459fde736cf881c72fcfbd9c9 - Request grpc.health.v1.Health/Watch by grpc:/127.0.0.1:53291: cancelled
2026-08-06 23:21:26,356 [canton-env-ec-41] INFO  c.d.c.s.c.SequencerClientFactory$$anon$1:participant=participant2/psid=local::122089cb3fe0::35-0 tid:57027c5610933fd82d8a94e4e55f2d95 - Failed to retrieve dynamic synchronizer parameters during sequencer client initialization. Assuming traffic control is enabled. Unable to fetch synchronizer parameters at 0001-01-01T00:00:00.000001Z
2026-08-06 23:21:26,356 [canton-env-ec-41] INFO  c.d.c.s.c.SequencerClientFactory$$anon$1:participant=participant2/psid=local::122089cb3fe0::35-0 tid:57027c5610933fd82d8a94e4e55f2d95 - Initializing traffic state at timestamp: None
2026-08-06 23:21:26,366 [canton-env-ec-42] INFO  c.d.c.s.s.a.MemberAuthenticationServiceImpl:sequencer=sequencer1/psid=local::122089cb3fe0::35-0 tid:57027c5610933fd82d8a94e4e55f2d95 - PAR::participant2::1220334b3a59... authenticated new token with expiry 2026-08-07T04:21:26.366354Z
2026-08-06 23:21:26,369 [canton-env-ec-42] INFO  c.d.c.t.s.StoreBasedTopologyStateForInitializationService:sequencer=sequencer1/psid=local::122089cb3fe0::35-0 tid:57027c5610933fd82d8a94e4e55f2d95 - Computing initial topology state hash at 2026-08-07T03:21:16.070512Z for PAR::participant2::1220334b3a59... active at EffectiveTime(2026-08-07T03:21:16.070512Z)
2026-08-06 23:21:26,370 [canton-env-ec-41] INFO  c.d.c.s.c.BftTopologyForInitDownloader$:participant=participant2/psid=local::122089cb3fe0::35-0 tid:57027c5610933fd82d8a94e4e55f2d95 - Expecting topology state for init with hash TopologyStateForInitHashResponse(SHA-256:d7e743d67ae4...)
2026-08-06 23:21:26,372 [canton-env-ec-41] INFO  c.d.c.t.s.StoreBasedTopologyStateForInitializationService:sequencer=sequencer1/psid=local::122089cb3fe0::35-0 - Fetching initial topology state at 2026-08-07T03:21:16.070512Z for PAR::participant2::1220334b3a59... active at EffectiveTime(2026-08-07T03:21:16.070512Z)
2026-08-06 23:21:26,379 [canton-env-ec-36] INFO  c.d.c.s.c.BftTopologyForInitDownloader$:participant=participant2/psid=local::122089cb3fe0::35-0 tid:57027c5610933fd82d8a94e4e55f2d95 - Successfully downloaded topology state of 15 for init with hash matching expected SHA-256:d7e743d67ae4...
2026-08-06 23:21:26,379 [canton-env-ec-36] INFO  c.d.c.t.p.InitialTopologySnapshotValidator:participant=participant2/psid=local::122089cb3fe0::35-0 tid:57027c5610933fd82d8a94e4e55f2d95 - Validating 15/15 transactions to initialize the topology store local::122089cb3fe0...::35-0 with 4 sequencer times
2026-08-06 23:21:26,388 [canton-env-ec-43] INFO  c.d.c.t.p.TopologyStateProcessorImpl:participant=participant2/psid=local::122089cb3fe0::35-0 tid:57027c5610933fd82d8a94e4e55f2d95 - Storing topology transaction 1/8 TxHash(SHA-256:e3e9dfb40540...) with ts=EffectiveTime(0001-01-01T00:00:00.000001Z), signedBy=Set(12203194b0b9...)
2026-08-06 23:21:26,388 [canton-env-ec-43] INFO  c.d.c.t.p.TopologyStateProcessorImpl:participant=participant2/psid=local::122089cb3fe0::35-0 tid:57027c5610933fd82d8a94e4e55f2d95 - Storing topology transaction 2/8 TxHash(SHA-256:7729f1b99a3b...) with ts=EffectiveTime(0001-01-01T00:00:00.000001Z), signedBy=Set(12203194b0b9..., 1220d4b835a4..., 122023f7cdab...)
2026-08-06 23:21:26,388 [canton-env-ec-43] INFO  c.d.c.t.p.TopologyStateProcessorImpl:participant=participant2/psid=local::122089cb3fe0::35-0 tid:57027c5610933fd82d8a94e4e55f2d95 - Storing topology transaction 3/8 TxHash(SHA-256:b99a34daef3f...) with ts=EffectiveTime(0001-01-01T00:00:00.000001Z), signedBy=Set(12209640bd54...)
2026-08-06 23:21:26,388 [canton-env-ec-43] INFO  c.d.c.t.p.TopologyStateProcessorImpl:participant=participant2/psid=local::122089cb3fe0::35-0 tid:57027c5610933fd82d8a94e4e55f2d95 - Storing topology transaction 4/8 TxHash(SHA-256:ef04238678ba...) with ts=EffectiveTime(0001-01-01T00:00:00.000001Z), signedBy=Set(12209640bd54..., 12205453da86..., 12209615e187...)
2026-08-06 23:21:26,389 [canton-env-ec-43] INFO  c.d.c.t.p.TopologyStateProcessorImpl:participant=participant2/psid=local::122089cb3fe0::35-0 tid:57027c5610933fd82d8a94e4e55f2d95 - Storing topology transaction 5/8 TxHash(SHA-256:d530fbfb4c11...) with ts=EffectiveTime(0001-01-01T00:00:00.000001Z), signedBy=Set(12203194b0b9...)
2026-08-06 23:21:26,389 [canton-env-ec-43] INFO  c.d.c.t.p.TopologyStateProcessorImpl:participant=participant2/psid=local::122089cb3fe0::35-0 tid:57027c5610933fd82d8a94e4e55f2d95 - Storing topology transaction 6/8 TxHash(SHA-256:fd74fd7698df...) with ts=EffectiveTime(0001-01-01T00:00:00.000001Z), signedBy=Set(12203194b0b9...)
2026-08-06 23:21:26,389 [canton-env-ec-43] INFO  c.d.c.t.p.TopologyStateProcessorImpl:participant=participant2/psid=local::122089cb3fe0::35-0 tid:57027c5610933fd82d8a94e4e55f2d95 - Storing topology transaction 7/8 TxHash(SHA-256:1d275deca091...) with ts=EffectiveTime(0001-01-01T00:00:00.000001Z), signedBy=Set(12203194b0b9...)
2026-08-06 23:21:26,389 [canton-env-ec-43] INFO  c.d.c.t.p.TopologyStateProcessorImpl:participant=participant2/psid=local::122089cb3fe0::35-0 tid:57027c5610933fd82d8a94e4e55f2d95 - Storing topology transaction 8/8 TxHash(SHA-256:8fc760816bce...) with ts=EffectiveTime(0001-01-01T00:00:00.000001Z), signedBy=Set(12203194b0b9...)
2026-08-06 23:21:26,391 [canton-env-ec-43] INFO  c.d.c.t.p.TopologyStateProcessorImpl:participant=participant2/psid=local::122089cb3fe0::35-0 tid:57027c5610933fd82d8a94e4e55f2d95 - Persisted topology transactions (SequencedTime(0001-01-01T00:00:00.000001Z), EffectiveTime(0001-01-01T00:00:00.000001Z)):
ValidatedTopologyTransaction(
  SignedTopologyTransaction(
    TopologyTransaction(
      NamespaceDelegation(
        namespace = 12203194b0b9...,
        target = SigningPublicKey(id = 12203194b0b9..., format = DER-encoded X.509 SubjectPublicKeyInfo, keySpec = EC-Curve25519, usage = namespace),
        restriction = none
      ),
      serial = 1,
      operation = Replace,
      hash = SHA-256:e3e9dfb40540...
    ),
    signatures = 12203194b0b9...
  )
),
ValidatedTopologyTransaction(
  SignedTopologyTransaction(
    TopologyTransaction(
      OwnerToKeyMapping(member = SEQ::sequencer1::12203194b0b9..., signingKeys = Seq(122023f7cdab..., 1220d4b835a4...)),
      serial = 1,
      operation = Replace,
      hash = SHA-256:7729f1b99a3b...
    ),
    signatures = Seq(122023f7cdab..., 12203194b0b9..., 1220d4b835a4...)
  )
),
ValidatedTopologyTransaction(
  SignedTopologyTransaction(
    TopologyTransaction(
      NamespaceDelegation(
        namespace = 12209640bd54...,
        target = SigningPublicKey(id = 12209640bd54..., format = DER-encoded X.509 SubjectPublicKeyInfo, keySpec = EC-Curve25519, usage = namespace),
        restriction = none
      ),
      serial = 1,
      operation = Replace,
      hash = SHA-256:b99a34daef3f...
    ),
    signatures = 12209640bd54...
  )
),
ValidatedTopologyTransaction(
  SignedTopologyTransaction(
    TopologyTransaction(
      OwnerToKeyMapping(member = MED::mediator1::12209640bd54..., signingKeys = Seq(12205453da86..., 12209615e187...)),
      serial = 1,
      operation = Replace,
      hash = SHA-256:ef04238678ba...
    ),
    signatures = Seq(12205453da86..., 12209615e187..., 12209640bd54...)
  )
),
ValidatedTopologyTransaction(
  SignedTopologyTransaction(
    TopologyTransaction(DecentralizedNamespaceDefinition(namespace = 122089cb3fe0..., threshold = 1, owners = 12203194b0b9...), serial = 1, operation = Replace, hash = SHA-256:d530fbfb4c11...),
    signatures = 12203194b0b9...
  )
),
ValidatedTopologyTransaction(
  SignedTopologyTransaction(
    TopologyTransaction(
      SynchronizerParametersState(
        synchronizerId = local::122089cb3fe0...,
        parameters = DynamicSynchronizerParameters(
          confirmation response timeout = 30s,
          mediator reaction timeout = 30s,
          assignment exclusivity timeout = 1m,
          ledger time record time tolerance = 1m,
          mediator deduplication timeout = 48h,
          reconciliation interval = 1m,
          confirmation requests max rate = 1000000,
          max request size = 10485760,
          sequencer aggregate submission timeout = 6m,
          ACS commitment catchup = AcsCommitmentsCatchUpParameters(catchUpIntervalSkip = 5, nrIntervalsToTriggerCatchUp = 2),
          participant synchronizer limits = ParticipantSynchronizerLimits(confirmation requests max rate = 1000000),
          preparation time record time tolerance = 24h,
          onboarding restriction = UnrestrictedOpen
        )
      ),
      serial = 1,
      operation = Replace,
      hash = SHA-256:fd74fd7698df...
    ),
    signatures = 12203194b0b9...
  )
),
ValidatedTopologyTransaction(
  SignedTopologyTransaction(
    TopologyTransaction(
      MediatorSynchronizerState(synchronizerId = local::122089cb3fe0..., group = 0, threshold = 1, active = MED::mediator1::12209640bd54...),
      serial = 1,
      operation = Replace,
      hash = SHA-256:1d275deca091...
    ),
    signatures = 12203194b0b9...
  )
),
ValidatedTopologyTransaction(
  SignedTopologyTransaction(
    TopologyTransaction(
      SequencerSynchronizerState(synchronizerId = local::122089cb3fe0..., threshold = 1, active = SEQ::sequencer1::12203194b0b9...),
      serial = 1,
      operation = Replace,
      hash = SHA-256:8fc760816bce...
    ),
    signatures = 12203194b0b9...
  )
)
2026-08-06 23:21:26,395 [canton-env-ec-38] INFO  c.d.c.t.p.TopologyStateProcessorImpl:participant=participant2/psid=local::122089cb3fe0::35-0 tid:57027c5610933fd82d8a94e4e55f2d95 - Storing topology transaction 1/3 TxHash(SHA-256:b70f4f55edaa...) with ts=EffectiveTime(2026-08-07T03:21:08.602437Z), signedBy=Set(1220b8ba0fff...)
2026-08-06 23:21:26,395 [canton-env-ec-38] INFO  c.d.c.t.p.TopologyStateProcessorImpl:participant=participant2/psid=local::122089cb3fe0::35-0 tid:57027c5610933fd82d8a94e4e55f2d95 - Storing topology transaction 2/3 TxHash(SHA-256:33307fb0d486...) with ts=EffectiveTime(2026-08-07T03:21:08.602437Z), signedBy=Set(1220b8ba0fff..., 122086f2961f..., 122060484082...)
2026-08-06 23:21:26,395 [canton-env-ec-38] INFO  c.d.c.t.p.TopologyStateProcessorImpl:participant=participant2/psid=local::122089cb3fe0::35-0 tid:57027c5610933fd82d8a94e4e55f2d95 - Storing topology transaction 3/3 TxHash(SHA-256:3cd51eeccaa5...) with ts=EffectiveTime(2026-08-07T03:21:08.602437Z), signedBy=Set(1220b8ba0fff...)
2026-08-06 23:21:26,396 [canton-env-ec-38] INFO  c.d.c.t.p.TopologyStateProcessorImpl:participant=participant2/psid=local::122089cb3fe0::35-0 tid:57027c5610933fd82d8a94e4e55f2d95 - Persisted topology transactions (SequencedTime(2026-08-07T03:21:08.352437Z), EffectiveTime(2026-08-07T03:21:08.602437Z)):
ValidatedTopologyTransaction(
  SignedTopologyTransaction(
    TopologyTransaction(
      NamespaceDelegation(
        namespace = 1220b8ba0fff...,
        target = SigningPublicKey(id = 1220b8ba0fff..., format = DER-encoded X.509 SubjectPublicKeyInfo, keySpec = EC-Curve25519, usage = namespace),
        restriction = none
      ),
      serial = 1,
      operation = Replace,
      hash = SHA-256:b70f4f55edaa...
    ),
    signatures = 1220b8ba0fff...
  )
),
ValidatedTopologyTransaction(
  SignedTopologyTransaction(
    TopologyTransaction(
      OwnerToKeyMapping(member = PAR::participant1::1220b8ba0fff..., signingKeys = Seq(122060484082..., 122086f2961f...), encryptionKeys = 12209df6220c...),
      serial = 1,
      operation = Replace,
      hash = SHA-256:33307fb0d486...
    ),
    signatures = Seq(122060484082..., 122086f2961f..., 1220b8ba0fff...)
  )
),
ValidatedTopologyTransaction(
  SignedTopologyTransaction(
    TopologyTransaction(
      SynchronizerTrustCertificate(participantId = PAR::participant1::1220b8ba0fff..., synchronizerId = local::122089cb3fe0...),
      serial = 1,
      operation = Replace,
      hash = SHA-256:3cd51eeccaa5...
    ),
    signatures = 1220b8ba0fff...
  )
)
2026-08-06 23:21:26,397 [canton-env-ec-34] INFO  c.d.c.t.p.TopologyStateProcessorImpl:participant=participant2/psid=local::122089cb3fe0::35-0 tid:57027c5610933fd82d8a94e4e55f2d95 - Storing topology transaction 1/1 TxHash(SHA-256:fbb0d45df2ff...) with ts=EffectiveTime(2026-08-07T03:21:14.393417Z), signedBy=Set(1220b8ba0fff...)
2026-08-06 23:21:26,397 [canton-env-ec-34] INFO  c.d.c.t.p.TopologyStateProcessorImpl:participant=participant2/psid=local::122089cb3fe0::35-0 tid:57027c5610933fd82d8a94e4e55f2d95 - Persisted topology transactions (SequencedTime(2026-08-07T03:21:14.143417Z), EffectiveTime(2026-08-07T03:21:14.393417Z)):
ValidatedTopologyTransaction(
  SignedTopologyTransaction(
    TopologyTransaction(
      VettedPackages(
        participantId = PAR::participant1::1220b8ba0fff...,
        packages = VettedPackage(packageId = 6f8e6085f576..., unbounded),VettedPackage(packageId = 60c61c542207..., unbounded),VettedPackage(packageId = a1fa18133ae4..., unbounded),VettedPackage(packageId = cae345b5500e..., unbounded),VettedPackage(packageId = c3bb0c5d0479..., unbounded),... 25 more
      ),
      serial = 1,
      operation = Replace,
      hash = SHA-256:fbb0d45df2ff...
    ),
    signatures = 1220b8ba0fff...
  )
)
2026-08-06 23:21:26,400 [canton-env-ec-34] INFO  c.d.c.t.p.TopologyStateProcessorImpl:participant=participant2/psid=local::122089cb3fe0::35-0 tid:57027c5610933fd82d8a94e4e55f2d95 - Storing topology transaction 1/3 TxHash(SHA-256:16a35f2e7a60...) with ts=EffectiveTime(2026-08-07T03:21:16.070512Z), signedBy=Set(1220334b3a59...)
2026-08-06 23:21:26,400 [canton-env-ec-34] INFO  c.d.c.t.p.TopologyStateProcessorImpl:participant=participant2/psid=local::122089cb3fe0::35-0 tid:57027c5610933fd82d8a94e4e55f2d95 - Storing topology transaction 2/3 TxHash(SHA-256:2ad35268028b...) with ts=EffectiveTime(2026-08-07T03:21:16.070512Z), signedBy=Set(1220334b3a59..., 12202b7d00dd..., 12205681887d...)
2026-08-06 23:21:26,400 [canton-env-ec-34] INFO  c.d.c.t.p.TopologyStateProcessorImpl:participant=participant2/psid=local::122089cb3fe0::35-0 tid:57027c5610933fd82d8a94e4e55f2d95 - Storing topology transaction 3/3 TxHash(SHA-256:2e875d3c79f3...) with ts=EffectiveTime(2026-08-07T03:21:16.070512Z), signedBy=Set(1220334b3a59...)
2026-08-06 23:21:26,401 [canton-env-ec-34] INFO  c.d.c.t.p.TopologyStateProcessorImpl:participant=participant2/psid=local::122089cb3fe0::35-0 tid:57027c5610933fd82d8a94e4e55f2d95 - Persisted topology transactions (SequencedTime(2026-08-07T03:21:15.820512Z), EffectiveTime(2026-08-07T03:21:16.070512Z)):
ValidatedTopologyTransaction(
  SignedTopologyTransaction(
    TopologyTransaction(
      NamespaceDelegation(
        namespace = 1220334b3a59...,
        target = SigningPublicKey(id = 1220334b3a59..., format = DER-encoded X.509 SubjectPublicKeyInfo, keySpec = EC-Curve25519, usage = namespace),
        restriction = none
      ),
      serial = 1,
      operation = Replace,
      hash = SHA-256:16a35f2e7a60...
    ),
    signatures = 1220334b3a59...
  )
),
ValidatedTopologyTransaction(
  SignedTopologyTransaction(
    TopologyTransaction(
      OwnerToKeyMapping(member = PAR::participant2::1220334b3a59..., signingKeys = Seq(12202b7d00dd..., 12205681887d...), encryptionKeys = 122087502619...),
      serial = 1,
      operation = Replace,
      hash = SHA-256:2ad35268028b...
    ),
    signatures = Seq(12202b7d00dd..., 1220334b3a59..., 12205681887d...)
  )
),
ValidatedTopologyTransaction(
  SignedTopologyTransaction(
    TopologyTransaction(
      SynchronizerTrustCertificate(participantId = PAR::participant2::1220334b3a59..., synchronizerId = local::122089cb3fe0...),
      serial = 1,
      operation = Replace,
      hash = SHA-256:2e875d3c79f3...
    ),
    signatures = 1220334b3a59...
  )
)
2026-08-06 23:21:26,401 [canton-env-ec-34] INFO  c.d.c.t.p.InitialTopologySnapshotValidator:participant=participant2/psid=local::122089cb3fe0::35-0 tid:57027c5610933fd82d8a94e4e55f2d95 - Import validated and completed, verifying now that the result matches the imported snapshot.
2026-08-06 23:21:26,402 [canton-env-ec-34] INFO  c.d.c.t.p.InitialTopologySnapshotValidator:participant=participant2/psid=local::122089cb3fe0::35-0 tid:57027c5610933fd82d8a94e4e55f2d95 - Successfully validated and imported 15 topology transactions into the topology store local::122089cb3fe0...::35-0.
2026-08-06 23:21:26,404 [canton-env-ec-34] INFO  c.d.c.p.s.SyncEphemeralStateFactoryImpl:participant=participant2 tid:57027c5610933fd82d8a94e4e55f2d95 - Computing starting points for local::122089cb3fe0...::35-0 with None and predecessor None
2026-08-06 23:21:26,404 [canton-env-ec-34] INFO  c.d.c.p.s.SyncEphemeralStateFactoryImpl:participant=participant2 tid:57027c5610933fd82d8a94e4e55f2d95 - Computed starting points: ProcessingStartingPoints(
  clean replay = MessageCleanReplayStartingPoint(next request counter = 0, next sequencer counter = 0, prenext timestamp = 0001-01-01T00:00:00Z),
  processing = MessageProcessingStartingPoint(
    next request counter = 0,
    next sequencer counter = 0,
    last sequencer timestamp = 0001-01-01T00:00:00Z,
    current record time = 0001-01-01T00:00:00Z,
    next repair counter = 0
  )
)
2026-08-06 23:21:26,404 [canton-env-ec-34] INFO  c.d.c.p.s.SyncEphemeralStateFactoryImpl:participant=participant2 tid:57027c5610933fd82d8a94e4e55f2d95 - Cleaning up persistent state since sequencer timestamp 0001-01-01T00:00:00Z and ACS watermark TimeOfChange(timestamp = 0001-01-01T00:00:00Z, counter = Some(0))
2026-08-06 23:21:26,405 [canton-env-ec-41] INFO  c.d.c.p.s.SyncEphemeralStateFactoryImpl:participant=participant2 tid:57027c5610933fd82d8a94e4e55f2d95 - Initializing the record order publisher with successor None
2026-08-06 23:21:26,406 [canton-env-ec-43] INFO  c.d.c.p.p.AcsCommitmentProcessor$:participant=participant2/psid=local::122089cb3fe0::35-0 - Initialized from stored snapshot at RecordTime(timestamp = 0001-01-01T00:00:00Z, tieBreaker = -9223372036854775808) (might be incomplete) with CommitmentSnapshot(record time = RecordTime(timestamp = 0001-01-01T00:00:00Z, tieBreaker = -9223372036854775808), active = Map(), delta (parties) = Set(), deleted = Set())
2026-08-06 23:21:26,406 [canton-env-ec-42] INFO  c.d.c.p.p.AcsCommitmentProcessor:participant=participant2/psid=local::122089cb3fe0::35-0 - Will use parallelism 7 out of 8 when computing ACS commitments
2026-08-06 23:21:26,406 [canton-env-ec-42] INFO  c.d.c.p.p.AcsCommitmentProcessor$:participant=participant2/psid=local::122089cb3fe0::35-0 - Initialized the ACS commitment processor DB queue and started processing buffered commitments until None
2026-08-06 23:21:26,406 [canton-env-ec-36] INFO  c.d.c.p.p.ParticipantTopologyTerminateProcessing:participant=participant2/psid=local::122089cb3fe0::35-0 - Fetching effective state changes after initial record time 0001-01-01T00:00:00Z at synchronizer-startup for topology event recovery.
2026-08-06 23:21:26,407 [canton-env-ec-36] INFO  c.d.c.p.p.ParticipantTopologyTerminateProcessing:participant=participant2/psid=local::122089cb3fe0::35-0 - Found 2 outstanding events from synchronizer bootstrapping and 0 outstanding events from topology processing to process.
2026-08-06 23:21:26,407 [canton-env-ec-36] INFO  c.d.c.p.p.ParticipantTopologyTerminateProcessing:participant=participant2/psid=local::122089cb3fe0::35-0 - Fetching trace-contexts for 0 topology-updates for topology event recovery.
2026-08-06 23:21:26,407 [canton-env-ec-43] INFO  c.d.c.p.p.ParticipantTopologyTerminateProcessing:participant=participant2/psid=local::122089cb3fe0::35-0 - Scheduling 2 topology events at synchronizer-startup.
2026-08-06 23:21:26,408 [canton-env-ec-42] INFO  c.d.c.h.MutableHealthComponent:participant=participant2 - 'acs-commitment-processor' is now in state Ok(). Previous state was Not Initialized.
2026-08-06 23:21:26,408 [canton-env-ec-42] INFO  c.d.c.h.MutableHealthComponent:participant=participant2 - 'acs-commitment-processor' is now in state Ok(). Previous state was Not Initialized.
2026-08-06 23:21:26,408 [canton-env-ec-42] INFO  c.d.c.p.s.ConnectedSynchronizer:participant=participant2/psid=local::122089cb3fe0::35-0 tid:57027c5610933fd82d8a94e4e55f2d95 - 'connected-synchronizer' is now in state Ok(). Previous state was Not Initialized.
2026-08-06 23:21:26,408 [canton-env-ec-42] INFO  c.d.c.h.MutableHealthComponent:participant=participant2 tid:57027c5610933fd82d8a94e4e55f2d95 - 'connected-synchronizer' is now in state Ok(). Previous state was Not Initialized.
2026-08-06 23:21:26,408 [canton-env-ec-42] INFO  c.d.c.h.MutableHealthComponent:participant=participant2 tid:57027c5610933fd82d8a94e4e55f2d95 - 'connected-synchronizer' is now in state Ok(). Previous state was Not Initialized.
2026-08-06 23:21:26,408 [canton-env-ec-42] INFO  c.d.c.p.s.SynchronizerConnectionsManager:participant=participant2 tid:57027c5610933fd82d8a94e4e55f2d95 - Connected to synchronizer and starting synchronisation: Synchronizer 'da'
2026-08-06 23:21:26,409 [canton-env-ec-38] INFO  c.d.c.p.s.ConnectedSynchronizer:participant=participant2/psid=local::122089cb3fe0::35-0 tid:57027c5610933fd82d8a94e4e55f2d95 - The next repair counter would be 0
2026-08-06 23:21:26,409 [canton-env-ec-34] INFO  c.d.c.p.s.ConnectedSynchronizer:participant=participant2/psid=local::122089cb3fe0::35-0 tid:57027c5610933fd82d8a94e4e55f2d95 - Looking for ACS changes to replay between 0001-01-01T00:00:00Z and TimeOfChange(timestamp = 0001-01-01T00:00:00Z, counter = Some(0)) in batches of 100
2026-08-06 23:21:26,409 [canton-env-ec-41] INFO  c.d.c.p.s.ConnectedSynchronizer:participant=participant2/psid=local::122089cb3fe0::35-0 tid:57027c5610933fd82d8a94e4e55f2d95 - Replaying 0 ACS changes between TimeOfChange(timestamp = 0001-01-01T00:00:00Z) (exclusive) and TimeOfChange(timestamp = 0001-01-01T00:00:00Z, counter = Some(0)) to the commitment processor
2026-08-06 23:21:26,409 [canton-env-ec-41] INFO  c.d.c.s.c.RichSequencerClientImpl:participant=participant2/psid=local::122089cb3fe0::35-0 tid:57027c5610933fd82d8a94e4e55f2d95 - No event found up to 0001-01-01T00:00:00Z. Resubscribing from the beginning.
2026-08-06 23:21:26,409 [canton-env-ec-41] INFO  c.d.c.s.c.RichSequencerClientImpl:participant=participant2/psid=local::122089cb3fe0::35-0 tid:57027c5610933fd82d8a94e4e55f2d95 - Processing events from the SequencedEventStore from 0001-01-01T00:00:00.000001Z on
2026-08-06 23:21:26,410 [canton-env-ec-34] INFO  c.d.c.s.c.p.SequencerSubscriptionImpl:participant=participant2/psid=local::122089cb3fe0::35-0/connection=sequencer-connection-DefaultSequencer-0 tid:57027c5610933fd82d8a94e4e55f2d95 - Starting subscription at the beginning
2026-08-06 23:21:26,410 [canton-env-ec-34] INFO  c.d.c.s.c.p.SequencerSubscriptionImpl:participant=participant2/psid=local::122089cb3fe0::35-0/connection=sequencer-connection-DefaultSequencer-0 tid:57027c5610933fd82d8a94e4e55f2d95 - 'subscription-sequencer-connection-DefaultSequencer-0' is now in state Ok(). Previous state was Failed().
2026-08-06 23:21:26,410 [canton-env-ec-34] INFO  c.d.c.s.c.p.SequencerSubscriptionPoolImpl:participant=participant2/psid=local::122089cb3fe0::35-0 tid:57027c5610933fd82d8a94e4e55f2d95 - 'sequencer-subscription-pool' is now in state Ok(). Previous state was Not Initialized.
2026-08-06 23:21:26,410 [canton-env-ec-34] INFO  c.d.c.h.DelegatingMutableHealthComponent:participant=participant2/psid=local::122089cb3fe0::35-0 tid:57027c5610933fd82d8a94e4e55f2d95 - 'sequencer-client' is now in state Ok(). Previous state was Not Initialized.
2026-08-06 23:21:26,410 [canton-env-ec-34] INFO  c.d.c.h.MutableHealthComponent:participant=participant2 tid:57027c5610933fd82d8a94e4e55f2d95 - 'sequencer-client' is now in state Ok(). Previous state was Not Initialized.
2026-08-06 23:21:26,410 [canton-env-ec-34] INFO  c.d.c.h.MutableHealthComponent:participant=participant2 tid:57027c5610933fd82d8a94e4e55f2d95 - 'sequencer-client' is now in state Ok(). Previous state was Not Initialized.
2026-08-06 23:21:26,411 [canton-env-ec-36] INFO  c.d.c.s.s.s.GrpcSequencerService:sequencer=sequencer1 tid:57027c5610933fd82d8a94e4e55f2d95 - PAR::participant2::1220334b3a59... subscribes from timestamp=None
2026-08-06 23:21:26,412 [canton-env-ec-37] INFO  c.d.c.s.s.LocalSequencerStateEventSignaller:sequencer=sequencer1/psid=local::122089cb3fe0::35-0 tid:57027c5610933fd82d8a94e4e55f2d95 - Creating signal source for PAR::participant2::1220334b3a59...
2026-08-06 23:21:26,413 [canton-env-ec-38] INFO  c.d.c.s.s.s.SubscriptionPool:sequencer=sequencer1 tid:57027c5610933fd82d8a94e4e55f2d95 - Adding subscription for PAR::participant2::1220334b3a59... to pool with 3 active
2026-08-06 23:21:26,415 [canton-env-ec-36] INFO  c.d.c.s.c.SequencedEventValidatorImpl:participant=participant2/psid=local::122089cb3fe0::35-0/connection=sequencer-connection-DefaultSequencer-0 tid:46511509227a37b7eb2d7b2bfa64524d - Skipping signature verification of the first sequenced event due to a fresh subscription from SEQ::sequencer1::12203194b0b9...
2026-08-06 23:21:26,415 [canton-env-ec-36] INFO  c.d.c.s.c.p.SubscriptionHandler:participant=participant2/psid=local::122089cb3fe0::35-0/connection=sequencer-connection-DefaultSequencer-0 tid:46511509227a37b7eb2d7b2bfa64524d - Caught up with sequencer on batch with timestamp = 2026-08-07T03:21:20.965301Z; delta = PT5.450114S (threshold = PT2562047788015215H30M7.999999999S)
2026-08-06 23:21:26,415 [canton-env-ec-34] INFO  c.d.c.p.s.ConnectedSynchronizer:participant=participant2/psid=local::122089cb3fe0::35-0 tid:46511509227a37b7eb2d7b2bfa64524d - Caught up with sequencer on batch with timestamp = 2026-08-07T03:21:20.965301Z; delta = PT5.450548S (threshold = PT20S)
2026-08-06 23:21:26,415 [canton-env-ec-34] INFO  c.d.c.p.s.ConnectedSynchronizer$EventProcessingMonitor:participant=participant2/psid=local::122089cb3fe0::35-0 tid:46511509227a37b7eb2d7b2bfa64524d - Replaying requests 0 up to clean request index -1
2026-08-06 23:21:26,415 [canton-env-ec-34] INFO  c.d.c.p.s.ConnectedSynchronizer$EventProcessingMonitor:participant=participant2/psid=local::122089cb3fe0::35-0 tid:46511509227a37b7eb2d7b2bfa64524d - Replaying or processing locally stored events with sequencer counters 0 to -1
2026-08-06 23:21:26,416 [canton-env-ec-35] INFO  c.d.c.p.p.ParallelMessageDispatcher:participant=participant2/psid=local::122089cb3fe0::35-0 tid:46511509227a37b7eb2d7b2bfa64524d - Processing event at sc=0, ts=2026-08-07T03:21:20.965301Z, with 0 envelopes
2026-08-06 23:21:26,417 [canton-env-ec-41] INFO  c.d.c.p.s.SequencerIdsRetriever:participant=participant2/psid=local::122089cb3fe0::35-0 tid:57027c5610933fd82d8a94e4e55f2d95 - Missing ids for sequencers Set(Sequencer 'DefaultSequencer')
2026-08-06 23:21:26,417 [canton-env-ec-41] INFO  c.d.c.p.s.SequencerIdsRetriever:participant=participant2/psid=local::122089cb3fe0::35-0 tid:57027c5610933fd82d8a94e4e55f2d95 - Retrieved ids for some sequencers: Map(Sequencer 'DefaultSequencer' -> SEQ::sequencer1::12203194b0b9...)
2026-08-06 23:21:26,417 [canton-env-ec-43] INFO  c.d.c.p.s.SequencerIdsRetriever:participant=participant2/psid=local::122089cb3fe0::35-0 tid:57027c5610933fd82d8a94e4e55f2d95 - Retrieved all sequencer ids.
2026-08-06 23:21:26,417 [canton-env-ec-41] INFO  c.d.c.p.s.SyncEphemeralState:participant=participant2/psid=local::122089cb3fe0::35-0 tid:57027c5610933fd82d8a94e4e55f2d95 - 'sync-ephemeral-state' is now in state Ok(). Previous state was Not Initialized.
2026-08-06 23:21:26,417 [canton-env-ec-41] INFO  c.d.c.h.MutableHealthComponent:participant=participant2 tid:57027c5610933fd82d8a94e4e55f2d95 - 'sync-ephemeral-state' is now in state Ok(). Previous state was Not Initialized.
2026-08-06 23:21:26,418 [canton-env-ec-41] INFO  c.d.c.h.MutableHealthComponent:participant=participant2 tid:57027c5610933fd82d8a94e4e55f2d95 - 'sync-ephemeral-state' is now in state Ok(). Previous state was Not Initialized.
2026-08-06 23:21:26,419 [canton-env-ec-37] INFO  c.d.c.t.SynchronizerTopologyManager:participant=participant2/psid=local::122089cb3fe0::35-0 tid:57027c5610933fd82d8a94e4e55f2d95 - Attempting to build, sign, and Replace VettedPackages(
  participantId = PAR::participant2::1220334b3a59...,
  packages = VettedPackage(packageId = 6f8e6085f576..., unbounded),VettedPackage(packageId = 60c61c542207..., unbounded),VettedPackage(packageId = a1fa18133ae4..., unbounded),VettedPackage(packageId = cae345b5500e..., unbounded),VettedPackage(packageId = c3bb0c5d0479..., unbounded),... 25 more
) with serial Some(1) 
2026-08-06 23:21:26,421 [canton-env-ec-140] INFO  c.d.c.p.a.s.a.PackageUpgradeValidator:participant=participant2 tid:57027c5610933fd82d8a94e4e55f2d95 - Typechecking upgrades for lineage of package-name daml-prim-GHC-Types.
2026-08-06 23:21:26,421 [canton-env-ec-140] INFO  c.d.c.p.a.s.a.PackageUpgradeValidator:participant=participant2 tid:57027c5610933fd82d8a94e4e55f2d95 - Typechecking upgrades for lineage of package-name daml-prim-GHC-Types succeeded.
2026-08-06 23:21:26,421 [canton-env-ec-140] INFO  c.d.c.p.a.s.a.PackageUpgradeValidator:participant=participant2 tid:57027c5610933fd82d8a94e4e55f2d95 - Typechecking upgrades for lineage of package-name daml-prim-DA-Exception-ArithmeticError.
2026-08-06 23:21:26,421 [canton-env-ec-140] INFO  c.d.c.p.a.s.a.PackageUpgradeValidator:participant=participant2 tid:57027c5610933fd82d8a94e4e55f2d95 - Typechecking upgrades for lineage of package-name daml-prim-DA-Exception-ArithmeticError succeeded.
2026-08-06 23:21:26,421 [canton-env-ec-140] INFO  c.d.c.p.a.s.a.PackageUpgradeValidator:participant=participant2 tid:57027c5610933fd82d8a94e4e55f2d95 - Typechecking upgrades for lineage of package-name daml-prim-DA-Internal-PromotedText.
2026-08-06 23:21:26,421 [canton-env-ec-140] INFO  c.d.c.p.a.s.a.PackageUpgradeValidator:participant=participant2 tid:57027c5610933fd82d8a94e4e55f2d95 - Typechecking upgrades for lineage of package-name daml-prim-DA-Internal-PromotedText succeeded.
2026-08-06 23:21:26,421 [canton-env-ec-140] INFO  c.d.c.p.a.s.a.PackageUpgradeValidator:participant=participant2 tid:57027c5610933fd82d8a94e4e55f2d95 - Typechecking upgrades for lineage of package-name daml-prim-DA-Exception-GeneralError.
2026-08-06 23:21:26,421 [canton-env-ec-140] INFO  c.d.c.p.a.s.a.PackageUpgradeValidator:participant=participant2 tid:57027c5610933fd82d8a94e4e55f2d95 - Typechecking upgrades for lineage of package-name daml-prim-DA-Exception-GeneralError succeeded.
2026-08-06 23:21:26,421 [canton-env-ec-140] INFO  c.d.c.p.a.s.a.PackageUpgradeValidator:participant=participant2 tid:57027c5610933fd82d8a94e4e55f2d95 - Typechecking upgrades for lineage of package-name daml-prim-DA-Types.
2026-08-06 23:21:26,421 [canton-env-ec-140] INFO  c.d.c.p.a.s.a.PackageUpgradeValidator:participant=participant2 tid:57027c5610933fd82d8a94e4e55f2d95 - Typechecking upgrades for lineage of package-name daml-prim-DA-Types succeeded.
2026-08-06 23:21:26,421 [canton-env-ec-140] INFO  c.d.c.p.a.s.a.PackageUpgradeValidator:participant=participant2 tid:57027c5610933fd82d8a94e4e55f2d95 - Typechecking upgrades for lineage of package-name daml-prim-DA-Internal-Erased.
2026-08-06 23:21:26,421 [canton-env-ec-140] INFO  c.d.c.p.a.s.a.PackageUpgradeValidator:participant=participant2 tid:57027c5610933fd82d8a94e4e55f2d95 - Typechecking upgrades for lineage of package-name daml-prim-DA-Internal-Erased succeeded.
2026-08-06 23:21:26,421 [canton-env-ec-140] INFO  c.d.c.p.a.s.a.PackageUpgradeValidator:participant=participant2 tid:57027c5610933fd82d8a94e4e55f2d95 - Typechecking upgrades for lineage of package-name daml-prim-GHC-Prim.
2026-08-06 23:21:26,421 [canton-env-ec-140] INFO  c.d.c.p.a.s.a.PackageUpgradeValidator:participant=participant2 tid:57027c5610933fd82d8a94e4e55f2d95 - Typechecking upgrades for lineage of package-name daml-prim-GHC-Prim succeeded.
2026-08-06 23:21:26,421 [canton-env-ec-140] INFO  c.d.c.p.a.s.a.PackageUpgradeValidator:participant=participant2 tid:57027c5610933fd82d8a94e4e55f2d95 - Typechecking upgrades for lineage of package-name daml-prim.
2026-08-06 23:21:26,422 [canton-env-ec-140] INFO  c.d.c.p.a.s.a.PackageUpgradeValidator:participant=participant2 tid:57027c5610933fd82d8a94e4e55f2d95 - Typechecking upgrades for lineage of package-name daml-prim succeeded.
2026-08-06 23:21:26,422 [canton-env-ec-140] INFO  c.d.c.p.a.s.a.PackageUpgradeValidator:participant=participant2 tid:57027c5610933fd82d8a94e4e55f2d95 - Typechecking upgrades for lineage of package-name daml-stdlib-DA-Date-Types.
2026-08-06 23:21:26,422 [canton-env-ec-140] INFO  c.d.c.p.a.s.a.PackageUpgradeValidator:participant=participant2 tid:57027c5610933fd82d8a94e4e55f2d95 - Typechecking upgrades for lineage of package-name daml-stdlib-DA-Date-Types succeeded.
2026-08-06 23:21:26,422 [canton-env-ec-140] INFO  c.d.c.p.a.s.a.PackageUpgradeValidator:participant=participant2 tid:57027c5610933fd82d8a94e4e55f2d95 - Typechecking upgrades for lineage of package-name daml-stdlib-DA-Time-Types.
2026-08-06 23:21:26,422 [canton-env-ec-140] INFO  c.d.c.p.a.s.a.PackageUpgradeValidator:participant=participant2 tid:57027c5610933fd82d8a94e4e55f2d95 - Typechecking upgrades for lineage of package-name daml-stdlib-DA-Time-Types succeeded.
2026-08-06 23:21:26,422 [canton-env-ec-140] INFO  c.d.c.p.a.s.a.PackageUpgradeValidator:participant=participant2 tid:57027c5610933fd82d8a94e4e55f2d95 - Typechecking upgrades for lineage of package-name daml-stdlib-DA-NonEmpty-Types.
2026-08-06 23:21:26,422 [canton-env-ec-140] INFO  c.d.c.p.a.s.a.PackageUpgradeValidator:participant=participant2 tid:57027c5610933fd82d8a94e4e55f2d95 - Typechecking upgrades for lineage of package-name daml-stdlib-DA-NonEmpty-Types succeeded.
2026-08-06 23:21:26,422 [canton-env-ec-140] INFO  c.d.c.p.a.s.a.PackageUpgradeValidator:participant=participant2 tid:57027c5610933fd82d8a94e4e55f2d95 - Typechecking upgrades for lineage of package-name daml-stdlib-DA-Stack-Types.
2026-08-06 23:21:26,422 [canton-env-ec-140] INFO  c.d.c.p.a.s.a.PackageUpgradeValidator:participant=participant2 tid:57027c5610933fd82d8a94e4e55f2d95 - Typechecking upgrades for lineage of package-name daml-stdlib-DA-Stack-Types succeeded.
2026-08-06 23:21:26,422 [canton-env-ec-140] INFO  c.d.c.p.a.s.a.PackageUpgradeValidator:participant=participant2 tid:57027c5610933fd82d8a94e4e55f2d95 - Typechecking upgrades for lineage of package-name daml-stdlib-DA-Monoid-Types.
2026-08-06 23:21:26,422 [canton-env-ec-140] INFO  c.d.c.p.a.s.a.PackageUpgradeValidator:participant=participant2 tid:57027c5610933fd82d8a94e4e55f2d95 - Typechecking upgrades for lineage of package-name daml-stdlib-DA-Monoid-Types succeeded.
2026-08-06 23:21:26,422 [canton-env-ec-140] INFO  c.d.c.p.a.s.a.PackageUpgradeValidator:participant=participant2 tid:57027c5610933fd82d8a94e4e55f2d95 - Typechecking upgrades for lineage of package-name daml-stdlib-DA-Internal-Interface-AnyView-Types.
2026-08-06 23:21:26,422 [canton-env-ec-140] INFO  c.d.c.p.a.s.a.PackageUpgradeValidator:participant=participant2 tid:57027c5610933fd82d8a94e4e55f2d95 - Typechecking upgrades for lineage of package-name daml-stdlib-DA-Internal-Interface-AnyView-Types succeeded.
2026-08-06 23:21:26,422 [canton-env-ec-140] INFO  c.d.c.p.a.s.a.PackageUpgradeValidator:participant=participant2 tid:57027c5610933fd82d8a94e4e55f2d95 - Typechecking upgrades for lineage of package-name ghc-stdlib-DA-Internal-Template.
2026-08-06 23:21:26,422 [canton-env-ec-140] INFO  c.d.c.p.a.s.a.PackageUpgradeValidator:participant=participant2 tid:57027c5610933fd82d8a94e4e55f2d95 - Typechecking upgrades for lineage of package-name ghc-stdlib-DA-Internal-Template succeeded.
2026-08-06 23:21:26,422 [canton-env-ec-140] INFO  c.d.c.p.a.s.a.PackageUpgradeValidator:participant=participant2 tid:57027c5610933fd82d8a94e4e55f2d95 - Typechecking upgrades for lineage of package-name daml-prim-DA-Exception-PreconditionFailed.
2026-08-06 23:21:26,422 [canton-env-ec-140] INFO  c.d.c.p.a.s.a.PackageUpgradeValidator:participant=participant2 tid:57027c5610933fd82d8a94e4e55f2d95 - Typechecking upgrades for lineage of package-name daml-prim-DA-Exception-PreconditionFailed succeeded.
2026-08-06 23:21:26,422 [canton-env-ec-140] INFO  c.d.c.p.a.s.a.PackageUpgradeValidator:participant=participant2 tid:57027c5610933fd82d8a94e4e55f2d95 - Typechecking upgrades for lineage of package-name daml-stdlib-DA-Semigroup-Types.
2026-08-06 23:21:26,422 [canton-env-ec-140] INFO  c.d.c.p.a.s.a.PackageUpgradeValidator:participant=participant2 tid:57027c5610933fd82d8a94e4e55f2d95 - Typechecking upgrades for lineage of package-name daml-stdlib-DA-Semigroup-Types succeeded.
2026-08-06 23:21:26,422 [canton-env-ec-140] INFO  c.d.c.p.a.s.a.PackageUpgradeValidator:participant=participant2 tid:57027c5610933fd82d8a94e4e55f2d95 - Typechecking upgrades for lineage of package-name daml-stdlib-DA-Logic-Types.
2026-08-06 23:21:26,422 [canton-env-ec-140] INFO  c.d.c.p.a.s.a.PackageUpgradeValidator:participant=participant2 tid:57027c5610933fd82d8a94e4e55f2d95 - Typechecking upgrades for lineage of package-name daml-stdlib-DA-Logic-Types succeeded.
2026-08-06 23:21:26,422 [canton-env-ec-140] INFO  c.d.c.p.a.s.a.PackageUpgradeValidator:participant=participant2 tid:57027c5610933fd82d8a94e4e55f2d95 - Typechecking upgrades for lineage of package-name daml-stdlib-DA-Set-Types.
2026-08-06 23:21:26,422 [canton-env-ec-140] INFO  c.d.c.p.a.s.a.PackageUpgradeValidator:participant=participant2 tid:57027c5610933fd82d8a94e4e55f2d95 - Typechecking upgrades for lineage of package-name daml-stdlib-DA-Set-Types succeeded.
2026-08-06 23:21:26,422 [canton-env-ec-140] INFO  c.d.c.p.a.s.a.PackageUpgradeValidator:participant=participant2 tid:57027c5610933fd82d8a94e4e55f2d95 - Typechecking upgrades for lineage of package-name daml-stdlib-DA-Internal-Down.
2026-08-06 23:21:26,422 [canton-env-ec-140] INFO  c.d.c.p.a.s.a.PackageUpgradeValidator:participant=participant2 tid:57027c5610933fd82d8a94e4e55f2d95 - Typechecking upgrades for lineage of package-name daml-stdlib-DA-Internal-Down succeeded.
2026-08-06 23:21:26,422 [canton-env-ec-140] INFO  c.d.c.p.a.s.a.PackageUpgradeValidator:participant=participant2 tid:57027c5610933fd82d8a94e4e55f2d95 - Typechecking upgrades for lineage of package-name daml-prim-DA-Exception-AssertionFailed.
2026-08-06 23:21:26,422 [canton-env-ec-140] INFO  c.d.c.p.a.s.a.PackageUpgradeValidator:participant=participant2 tid:57027c5610933fd82d8a94e4e55f2d95 - Typechecking upgrades for lineage of package-name daml-prim-DA-Exception-AssertionFailed succeeded.
2026-08-06 23:21:26,422 [canton-env-ec-140] INFO  c.d.c.p.a.s.a.PackageUpgradeValidator:participant=participant2 tid:57027c5610933fd82d8a94e4e55f2d95 - Typechecking upgrades for lineage of package-name daml-stdlib-DA-Action-State-Type.
2026-08-06 23:21:26,422 [canton-env-ec-140] INFO  c.d.c.p.a.s.a.PackageUpgradeValidator:participant=participant2 tid:57027c5610933fd82d8a94e4e55f2d95 - Typechecking upgrades for lineage of package-name daml-stdlib-DA-Action-State-Type succeeded.
2026-08-06 23:21:26,422 [canton-env-ec-140] INFO  c.d.c.p.a.s.a.PackageUpgradeValidator:participant=participant2 tid:57027c5610933fd82d8a94e4e55f2d95 - Typechecking upgrades for lineage of package-name ghc-stdlib-DA-Internal-Any.
2026-08-06 23:21:26,422 [canton-env-ec-140] INFO  c.d.c.p.a.s.a.PackageUpgradeValidator:participant=participant2 tid:57027c5610933fd82d8a94e4e55f2d95 - Typechecking upgrades for lineage of package-name ghc-stdlib-DA-Internal-Any succeeded.
2026-08-06 23:21:26,422 [canton-env-ec-140] INFO  c.d.c.p.a.s.a.PackageUpgradeValidator:participant=participant2 tid:57027c5610933fd82d8a94e4e55f2d95 - Typechecking upgrades for lineage of package-name daml-stdlib-DA-Internal-Fail-Types.
2026-08-06 23:21:26,422 [canton-env-ec-140] INFO  c.d.c.p.a.s.a.PackageUpgradeValidator:participant=participant2 tid:57027c5610933fd82d8a94e4e55f2d95 - Typechecking upgrades for lineage of package-name daml-stdlib-DA-Internal-Fail-Types succeeded.
2026-08-06 23:21:26,422 [canton-env-ec-140] INFO  c.d.c.p.a.s.a.PackageUpgradeValidator:participant=participant2 tid:57027c5610933fd82d8a94e4e55f2d95 - Typechecking upgrades for lineage of package-name daml-stdlib-DA-Random-Types.
2026-08-06 23:21:26,422 [canton-env-ec-140] INFO  c.d.c.p.a.s.a.PackageUpgradeValidator:participant=participant2 tid:57027c5610933fd82d8a94e4e55f2d95 - Typechecking upgrades for lineage of package-name daml-stdlib-DA-Random-Types succeeded.
2026-08-06 23:21:26,422 [canton-env-ec-140] INFO  c.d.c.p.a.s.a.PackageUpgradeValidator:participant=participant2 tid:57027c5610933fd82d8a94e4e55f2d95 - Typechecking upgrades for lineage of package-name daml-stdlib-DA-Validation-Types.
2026-08-06 23:21:26,422 [canton-env-ec-140] INFO  c.d.c.p.a.s.a.PackageUpgradeValidator:participant=participant2 tid:57027c5610933fd82d8a94e4e55f2d95 - Typechecking upgrades for lineage of package-name daml-stdlib-DA-Validation-Types succeeded.
2026-08-06 23:21:26,422 [canton-env-ec-140] INFO  c.d.c.p.a.s.a.PackageUpgradeValidator:participant=participant2 tid:57027c5610933fd82d8a94e4e55f2d95 - Typechecking upgrades for lineage of package-name daml-stdlib.
2026-08-06 23:21:26,422 [canton-env-ec-140] INFO  c.d.c.p.a.s.a.PackageUpgradeValidator:participant=participant2 tid:57027c5610933fd82d8a94e4e55f2d95 - Typechecking upgrades for lineage of package-name daml-stdlib succeeded.
2026-08-06 23:21:26,422 [canton-env-ec-140] INFO  c.d.c.p.a.s.a.PackageUpgradeValidator:participant=participant2 tid:57027c5610933fd82d8a94e4e55f2d95 - Typechecking upgrades for lineage of package-name daml-prim-DA-Internal-NatSyn.
2026-08-06 23:21:26,422 [canton-env-ec-140] INFO  c.d.c.p.a.s.a.PackageUpgradeValidator:participant=participant2 tid:57027c5610933fd82d8a94e4e55f2d95 - Typechecking upgrades for lineage of package-name daml-prim-DA-Internal-NatSyn succeeded.
2026-08-06 23:21:26,422 [canton-env-ec-140] INFO  c.d.c.p.a.s.a.PackageUpgradeValidator:participant=participant2 tid:57027c5610933fd82d8a94e4e55f2d95 - Typechecking upgrades for lineage of package-name daml-prim-GHC-Tuple.
2026-08-06 23:21:26,422 [canton-env-ec-140] INFO  c.d.c.p.a.s.a.PackageUpgradeValidator:participant=participant2 tid:57027c5610933fd82d8a94e4e55f2d95 - Typechecking upgrades for lineage of package-name daml-prim-GHC-Tuple succeeded.
2026-08-06 23:21:26,422 [canton-env-ec-140] INFO  c.d.c.p.a.s.a.PackageUpgradeValidator:participant=participant2 tid:57027c5610933fd82d8a94e4e55f2d95 - Typechecking upgrades for lineage of package-name canton-builtin-admin-workflow-ping.
2026-08-06 23:21:26,422 [canton-env-ec-140] INFO  c.d.c.p.a.s.a.PackageUpgradeValidator:participant=participant2 tid:57027c5610933fd82d8a94e4e55f2d95 - Typechecking upgrades for lineage of package-name canton-builtin-admin-workflow-ping succeeded.
2026-08-06 23:21:26,424 [canton-env-ec-35] INFO  c.d.c.t.p.TopologyStateProcessorImpl:participant=participant2/psid=local::122089cb3fe0::35-0 tid:57027c5610933fd82d8a94e4e55f2d95 - Enqueuing topology transaction 1/1 TxHash(SHA-256:b08434a97cdf...) with ts=EffectiveTime(2026-08-07T03:21:16.070513Z), signedBy=Set(1220334b3a59...)
2026-08-06 23:21:26,425 [canton-env-ec-35] INFO  c.d.c.t.p.TopologyStateProcessorImpl:participant=participant2/psid=local::122089cb3fe0::35-0 tid:57027c5610933fd82d8a94e4e55f2d95 - Enqueued topology transactions:
ValidatedTopologyTransaction(
  SignedTopologyTransaction(
    TopologyTransaction(
      VettedPackages(
        participantId = PAR::participant2::1220334b3a59...,
        packages = VettedPackage(packageId = 6f8e6085f576..., unbounded),VettedPackage(packageId = 60c61c542207..., unbounded),VettedPackage(packageId = a1fa18133ae4..., unbounded),VettedPackage(packageId = cae345b5500e..., unbounded),VettedPackage(packageId = c3bb0c5d0479..., unbounded),... 25 more
      ),
      serial = 1,
      operation = Replace,
      hash = SHA-256:b08434a97cdf...
    ),
    signatures = 1220334b3a59...
  )
)
2026-08-06 23:21:26,428 [canton-env-ec-37] INFO  c.d.c.s.s.s.GrpcSequencerService:sequencer=sequencer1 tid:1ea02628b3a9fbb6bdce7710b49abab7 - 'PAR::participant2::1220334b3a59...' sends request with id '2feef465-3b8b-4284-9734-647cce33bbea' of size 1826 bytes with 1 envelopes.
2026-08-06 23:21:26,500 [canton-env-ec-38] INFO  c.d.c.s.s.b.b.c.m.c.i.IssConsensusModule:sequencer=sequencer1/psid=local::122089cb3fe0::35-0 tid:1ea02628b3a9fbb6bdce7710b49abab7 - Block (epochNumber=0, blockNumber=8) has been ordered
2026-08-06 23:21:26,502 [canton-env-ec-36] INFO  c.d.c.s.b.u.BlockChunkProcessor:sequencer=sequencer1/psid=local::122089cb3fe0::35-0 tid:1ea02628b3a9fbb6bdce7710b49abab7 - Processing block 8, data chunk 0. Last chunk timestamp=2026-08-07T03:21:20.965301Z, last sequencer event timestamp=Some(2026-08-07T03:21:20.965301Z). 1 events:
  Send of '2feef465-3b8b-4284-9734-647cce33bbea' at 2026-08-07T03:21:25.995943Z (tc=1ea02628b3a9fbb6bdce7710b49abab7)
2026-08-06 23:21:26,508 [canton-env-ec-37] INFO  c.d.c.p.p.ParallelMessageDispatcher:participant=participant1/psid=local::122089cb3fe0::35-0 tid:1ea02628b3a9fbb6bdce7710b49abab7 - Processing event at sc=6, ts=2026-08-07T03:21:25.995943Z, with 1 envelopes
  topo-bcast with ntx=1
2026-08-06 23:21:26,509 [canton-env-ec-36] INFO  c.d.c.t.p.TopologyStateProcessorImpl:sequencer=sequencer1/psid=local::122089cb3fe0::35-0 tid:1ea02628b3a9fbb6bdce7710b49abab7 - Storing topology transaction 1/1 TxHash(SHA-256:b08434a97cdf...) with ts=EffectiveTime(2026-08-07T03:21:26.245943Z), signedBy=Set(1220334b3a59...)
2026-08-06 23:21:26,509 [canton-env-ec-43] INFO  c.d.c.p.p.ParallelMessageDispatcher:participant=participant2/psid=local::122089cb3fe0::35-0 tid:1ea02628b3a9fbb6bdce7710b49abab7 - Processing event at sc=1, ts=2026-08-07T03:21:25.995943Z, messageId=2feef465-3b8b-4284-9734-647cce33bbea, with 1 envelopes
  topo-bcast with ntx=1
2026-08-06 23:21:26,509 [canton-env-ec-36] INFO  c.d.c.t.p.TopologyStateProcessorImpl:sequencer=sequencer1/psid=local::122089cb3fe0::35-0 tid:1ea02628b3a9fbb6bdce7710b49abab7 - Persisted topology transactions (SequencedTime(2026-08-07T03:21:25.995943Z), EffectiveTime(2026-08-07T03:21:26.245943Z)):
ValidatedTopologyTransaction(
  SignedTopologyTransaction(
    TopologyTransaction(
      VettedPackages(
        participantId = PAR::participant2::1220334b3a59...,
        packages = VettedPackage(packageId = 6f8e6085f576..., unbounded),VettedPackage(packageId = 60c61c542207..., unbounded),VettedPackage(packageId = a1fa18133ae4..., unbounded),VettedPackage(packageId = cae345b5500e..., unbounded),VettedPackage(packageId = c3bb0c5d0479..., unbounded),... 25 more
      ),
      serial = 1,
      operation = Replace,
      hash = SHA-256:b08434a97cdf...
    ),
    signatures = 1220334b3a59...
  )
)
2026-08-06 23:21:26,509 [canton-env-ec-140] INFO  c.d.c.t.p.TopologyStateProcessorImpl:participant=participant1/psid=local::122089cb3fe0::35-0 tid:1ea02628b3a9fbb6bdce7710b49abab7 - Storing topology transaction 1/1 TxHash(SHA-256:b08434a97cdf...) with ts=EffectiveTime(2026-08-07T03:21:26.245943Z), signedBy=Set(1220334b3a59...)
2026-08-06 23:21:26,510 [canton-env-ec-34] INFO  c.d.c.t.p.TopologyStateProcessorImpl:mediator=mediator1/psid=local::122089cb3fe0::35-0 tid:1ea02628b3a9fbb6bdce7710b49abab7 - Storing topology transaction 1/1 TxHash(SHA-256:b08434a97cdf...) with ts=EffectiveTime(2026-08-07T03:21:26.245943Z), signedBy=Set(1220334b3a59...)
2026-08-06 23:21:26,510 [canton-env-ec-140] INFO  c.d.c.t.p.TopologyStateProcessorImpl:participant=participant1/psid=local::122089cb3fe0::35-0 tid:1ea02628b3a9fbb6bdce7710b49abab7 - Persisted topology transactions (SequencedTime(2026-08-07T03:21:25.995943Z), EffectiveTime(2026-08-07T03:21:26.245943Z)):
ValidatedTopologyTransaction(
  SignedTopologyTransaction(
    TopologyTransaction(
      VettedPackages(
        participantId = PAR::participant2::1220334b3a59...,
        packages = VettedPackage(packageId = 6f8e6085f576..., unbounded),VettedPackage(packageId = 60c61c542207..., unbounded),VettedPackage(packageId = a1fa18133ae4..., unbounded),VettedPackage(packageId = cae345b5500e..., unbounded),VettedPackage(packageId = c3bb0c5d0479..., unbounded),... 25 more
      ),
      serial = 1,
      operation = Replace,
      hash = SHA-256:b08434a97cdf...
    ),
    signatures = 1220334b3a59...
  )
)
2026-08-06 23:21:26,510 [canton-env-ec-34] INFO  c.d.c.t.p.TopologyStateProcessorImpl:mediator=mediator1/psid=local::122089cb3fe0::35-0 tid:1ea02628b3a9fbb6bdce7710b49abab7 - Persisted topology transactions (SequencedTime(2026-08-07T03:21:25.995943Z), EffectiveTime(2026-08-07T03:21:26.245943Z)):
ValidatedTopologyTransaction(
  SignedTopologyTransaction(
    TopologyTransaction(
      VettedPackages(
        participantId = PAR::participant2::1220334b3a59...,
        packages = VettedPackage(packageId = 6f8e6085f576..., unbounded),VettedPackage(packageId = 60c61c542207..., unbounded),VettedPackage(packageId = a1fa18133ae4..., unbounded),VettedPackage(packageId = cae345b5500e..., unbounded),VettedPackage(packageId = c3bb0c5d0479..., unbounded),... 25 more
      ),
      serial = 1,
      operation = Replace,
      hash = SHA-256:b08434a97cdf...
    ),
    signatures = 1220334b3a59...
  )
)
2026-08-06 23:21:26,510 [canton-env-ec-36] INFO  c.d.c.t.p.TopologyStateProcessorImpl:participant=participant2/psid=local::122089cb3fe0::35-0 tid:1ea02628b3a9fbb6bdce7710b49abab7 - Storing topology transaction 1/1 TxHash(SHA-256:b08434a97cdf...) with ts=EffectiveTime(2026-08-07T03:21:26.245943Z), signedBy=Set(1220334b3a59...)
2026-08-06 23:21:26,511 [canton-env-ec-36] INFO  c.d.c.t.p.TopologyStateProcessorImpl:participant=participant2/psid=local::122089cb3fe0::35-0 tid:1ea02628b3a9fbb6bdce7710b49abab7 - Persisted topology transactions (SequencedTime(2026-08-07T03:21:25.995943Z), EffectiveTime(2026-08-07T03:21:26.245943Z)):
ValidatedTopologyTransaction(
  SignedTopologyTransaction(
    TopologyTransaction(
      VettedPackages(
        participantId = PAR::participant2::1220334b3a59...,
        packages = VettedPackage(packageId = 6f8e6085f576..., unbounded),VettedPackage(packageId = 60c61c542207..., unbounded),VettedPackage(packageId = a1fa18133ae4..., unbounded),VettedPackage(packageId = cae345b5500e..., unbounded),VettedPackage(packageId = c3bb0c5d0479..., unbounded),... 25 more
      ),
      serial = 1,
      operation = Replace,
      hash = SHA-256:b08434a97cdf...
    ),
    signatures = 1220334b3a59...
  )
)
2026-08-06 23:21:26,511 [canton-env-ec-43] INFO  c.d.c.t.c.WriteThroughCacheSynchronizerTopologyClient:participant=participant2/psid=local::122089cb3fe0::35-0 tid:57027c5610933fd82d8a94e4e55f2d95 - Crash recovery on topology state completed, as cleanAsOf is at EffectiveTime(2026-08-07T03:21:26.245943Z) while grabbing snapshot at 2026-08-07T03:21:25.995944Z, dropping secondary cache which was at Some(EffectiveTime(2026-08-07T03:21:16.070513Z))
2026-08-06 23:21:26,511 [canton-env-ec-140] INFO  c.d.c.t.c.WriteThroughCacheSynchronizerTopologyClient:participant=participant2/psid=local::122089cb3fe0::35-0 tid:1ea02628b3a9fbb6bdce7710b49abab7 - Crash recovery on topology state completed, as cleanAsOf is at EffectiveTime(2026-08-07T03:21:26.245943Z) while grabbing snapshot at 2026-08-07T03:21:25.995944Z, dropping secondary cache which was at Some(EffectiveTime(2026-08-07T03:21:16.070513Z))
2026-08-06 23:21:27,025 [canton-env-ec-36] INFO  c.d.c.s.s.s.GrpcSequencerService:sequencer=sequencer1 tid:57027c5610933fd82d8a94e4e55f2d95 - 'PAR::participant2::1220334b3a59...' sends request with id 'tick-dc2c137b-0503-483e-9d94-989b69e8b8a9' of size 336 bytes with 0 envelopes.
2026-08-06 23:21:27,115 [canton-env-ec-36] INFO  c.d.c.s.s.b.b.c.m.c.i.IssConsensusModule:sequencer=sequencer1/psid=local::122089cb3fe0::35-0 tid:57027c5610933fd82d8a94e4e55f2d95 - Block (epochNumber=0, blockNumber=9) has been ordered
2026-08-06 23:21:27,120 [canton-env-ec-36] INFO  c.d.c.s.s.b.b.c.m.c.i.IssConsensusModule:sequencer=sequencer1/psid=local::122089cb3fe0::35-0 tid:57027c5610933fd82d8a94e4e55f2d95 - Completed epoch 0, but no new epoch topology is available yet
2026-08-06 23:21:27,126 [canton-env-ec-38] INFO  c.d.c.s.s.b.b.c.m.c.i.SegmentClosingBehaviour:sequencer=sequencer1/psid=local::122089cb3fe0::35-0 tid:57027c5610933fd82d8a94e4e55f2d95 - Segment module 0 completed epoch 0
2026-08-06 23:21:27,126 [canton-env-ec-35] INFO  c.d.c.s.b.u.BlockChunkProcessor:sequencer=sequencer1/psid=local::122089cb3fe0::35-0 tid:57027c5610933fd82d8a94e4e55f2d95 - Processing block 9, data chunk 0. Last chunk timestamp=2026-08-07T03:21:25.995943Z, last sequencer event timestamp=Some(2026-08-07T03:21:25.995943Z). 1 events:
  Send of 'tick-dc2c137b-0503-483e-9d94-989b69e8b8a9' at 2026-08-07T03:21:26.500126Z (tc=57027c5610933fd82d8a94e4e55f2d95)
2026-08-06 23:21:27,137 [canton-env-ec-140] INFO  c.d.c.p.p.ParallelMessageDispatcher:participant=participant1/psid=local::122089cb3fe0::35-0 tid:b2407e2ee0de9ca1a5f66d74d046cde5 - Processing event at sc=7, ts=2026-08-07T03:21:26.500127Z, with 0 envelopes
2026-08-06 23:21:27,137 [canton-env-ec-34] INFO  c.d.c.p.p.ParallelMessageDispatcher:participant=participant2/psid=local::122089cb3fe0::35-0 tid:57027c5610933fd82d8a94e4e55f2d95 - Processing time-proof at sc=2, ts=2026-08-07T03:21:26.500126Z
2026-08-06 23:21:27,141 [canton-env-ec-43] INFO  c.d.c.p.p.ParallelMessageDispatcher:participant=participant2/psid=local::122089cb3fe0::35-0 tid:b2407e2ee0de9ca1a5f66d74d046cde5 - Processing event at sc=3, ts=2026-08-07T03:21:26.500127Z, with 0 envelopes
2026-08-06 23:21:27,143 [canton-env-ec-36] INFO  c.d.c.s.s.b.b.c.m.o.OutputModule:sequencer=sequencer1/psid=local::122089cb3fe0::35-0 tid:57027c5610933fd82d8a94e4e55f2d95 - Processing 1 new epoch topology messages
2026-08-06 23:21:27,146 [canton-env-ec-43] INFO  c.d.c.s.s.b.b.c.m.c.i.IssSegmentModule:sequencer=sequencer1/psid=local::122089cb3fe0::35-0 tid:57027c5610933fd82d8a94e4e55f2d95 - Received `Start` message, segment Segment(SEQ::sequencer1::12203194b0b98f9ef087010048202e3c51e68e9b670bd3485be85cd44285d3937fde,List(10, 11, 12, 13, 14, 15, 16, 17, 18, 19)) is complete = false, view change in progress = false view number = 0
2026-08-06 23:21:27,147 [canton-env-ec-36] INFO  c.d.c.s.s.b.b.c.m.c.i.IssConsensusModule:sequencer=sequencer1/psid=local::122089cb3fe0::35-0 tid:57027c5610933fd82d8a94e4e55f2d95 - New epoch 1 has started with leaders = List(SEQ::sequencer1::12203194b0b98f9ef087010048202e3c51e68e9b670bd3485be85cd44285d3937fde)and blacklisted nodes = List(); ordering topology = OrderingTopology(
  activationTime = 2026-08-07T03:21:26.500127Z,
  size = 1,
  weakQuorum = 1,
  strongQuorum = 1,
  nodesTopologyInfo = "SEQ::sequencer1::12203194b0b98f9ef087010048202e3c51e68e9b670bd3485be85cd44285d3937fde" -> NodeTopologyInfo(keyIds = "122023f7cdab16d2ef0477ba4e7390196bd2d3d063ed13b6f0a70960cb82e9afa8e5"),
  sequencingParameters = SequencingParameters(
    pbftViewChangeTimeout = 10s,
    segmentLength = 10,
    blacklistConfig = BlacklistLeaderSelectionPolicyConfig(howLongToBlacklist = Linear(maximumEpochBlacklisted = Some(250)), howManyCanWeBlacklist = NumFaultsTolerated)
  ),
  maxBytesToDecompress = 10485760,
  areTherePendingCantonTopologyChanges = Some(false)
)
2026-08-06 23:21:27,149 [canton-env-ec-43] INFO  c.d.c.p.p.AcsCommitmentProcessor:participant=participant2/psid=local::122089cb3fe0::35-0 tid:fbd042d5cf6b5819d60a312257b1fd19 - Persisted ACS commitments at RecordTime(timestamp = 0001-01-01T00:00:00Z, tieBreaker = -9223372036854775808) with CommitmentSnapshot(record time = RecordTime(timestamp = 0001-01-01T00:00:00Z, tieBreaker = -9223372036854775808), active = Map(), delta (parties) = Set(), deleted = Set()) in mode Checkpoint
2026-08-06 23:21:27,149 [canton-env-ec-43] INFO  c.d.c.p.p.AcsCommitmentProcessor:participant=participant2/psid=local::122089cb3fe0::35-0 tid:fbd042d5cf6b5819d60a312257b1fd19 - Persisted ACS commitments at RecordTime(timestamp = 0001-01-01T00:00:00Z, tieBreaker = -9223372036854775808) with CommitmentSnapshot(record time = RecordTime(timestamp = 0001-01-01T00:00:00Z, tieBreaker = -9223372036854775808), active = Map(), delta (parties) = Set(), deleted = Set()) in mode Checkpoint
2026-08-06 23:21:27,150 [canton-env-ec-36] INFO  c.d.c.p.p.AcsCommitmentProcessor:participant=participant2/psid=local::122089cb3fe0::35-0 tid:fbd042d5cf6b5819d60a312257b1fd19 - Processing completed period CommitmentPeriod(fromExclusive = 2026-08-07T03:20:00Z, toInclusive = 2026-08-07T03:21:00Z). Modes: in catch-up mode = false, and if yes, caught up to catch-up boundary false
2026-08-06 23:21:27,150 [canton-env-ec-37] INFO  c.d.c.p.p.AcsCommitmentProcessor:participant=participant2/psid=local::122089cb3fe0::35-0 tid:fbd042d5cf6b5819d60a312257b1fd19 - Computing commitments for CommitmentPeriod(fromExclusive = 2026-08-07T03:20:00Z, toInclusive = 2026-08-07T03:21:00Z), number of stakeholder sets: 0
2026-08-06 23:21:27,152 [canton-env-ec-34] INFO  c.d.c.p.p.AcsCommitmentProcessor:participant=participant2/psid=local::122089cb3fe0::35-0 tid:fbd042d5cf6b5819d60a312257b1fd19 - Computed and stored 0 commitment messages for period CommitmentPeriod(fromExclusive = 2026-08-07T03:20:00Z, toInclusive = 2026-08-07T03:21:00Z)
2026-08-06 23:21:27,152 [canton-env-ec-34] INFO  c.d.c.p.p.AcsCommitmentProcessor:participant=participant2/psid=local::122089cb3fe0::35-0 tid:fbd042d5cf6b5819d60a312257b1fd19 - Persisted ACS commitments at RecordTime(timestamp = 0001-01-01T00:00:00Z, tieBreaker = -9223372036854775808) with CommitmentSnapshot(record time = RecordTime(timestamp = 0001-01-01T00:00:00Z, tieBreaker = -9223372036854775808), active = Map(), delta (parties) = Set(), deleted = Set()) in mode Efficiency
2026-08-06 23:21:27,152 [canton-env-ec-35] INFO  c.d.c.p.p.AcsCommitmentProcessor:participant=participant2/psid=local::122089cb3fe0::35-0 tid:fbd042d5cf6b5819d60a312257b1fd19 - Processing 0 remote commitments
2026-08-06 23:21:27,152 [canton-env-ec-42] INFO  c.d.c.p.p.AcsCommitmentProcessor:participant=participant2/psid=local::122089cb3fe0::35-0 tid:fbd042d5cf6b5819d60a312257b1fd19 - Checked buffered remote commitments up to 2026-08-07T03:21:00Z inclusive and ready to check further ones without buffering
2026-08-06 23:21:27,152 [canton-env-ec-42] INFO  c.d.c.p.p.AcsCommitmentProcessor:participant=participant2/psid=local::122089cb3fe0::35-0 tid:fbd042d5cf6b5819d60a312257b1fd19 - Deleted buffered commitments and set last computed and sent timestamp set to 2026-08-07T03:21:00Z
2026-08-06 23:21:27,205 [canton-env-ec-42] INFO  c.d.c.p.a.PingService:participant=participant2 tid:f1f65abfd8735462999c66caced688c5 - Starting ping PingRequest(id = '85c59ae2-84e7-44e5-8db3-39efa8559a60', target = participant1::1220b8ba0fff..., timeout = 30s)
2026-08-06 23:21:27,264 [canton-env-ec-42] INFO  c.d.c.p.a.s.c.CommandSubmissionServiceImpl:participant=participant2 tid:f1f65abfd8735462999c66caced688c5 - Phase 1 started: Submitting 1 command(s) for interpretation on behalf of participant2::1220334b3a59....
2026-08-06 23:21:27,904 [canton-env-ec-41] INFO  c.d.c.p.p.TransactionProcessor:participant=participant2/psid=local::122089cb3fe0::35-0 tid:f1f65abfd8735462999c66caced688c5 - Phase 1 completed: Submitting 3 envelopes for Transaction request, submitters participant2::1220334b3a59..., command-id 85c59ae2-84e7-44e5-8db3-39efa8559a60-ping-72e13485-4142-4634-a26f-acc8689b5805
2026-08-06 23:21:27,909 [canton-env-ec-43] INFO  c.d.c.s.s.s.GrpcSequencerService:sequencer=sequencer1 tid:f1f65abfd8735462999c66caced688c5 - 'PAR::participant2::1220334b3a59...' sends request with id 'ee64b0b0-7efa-49f9-970c-13c0f3aee117' of size 3319 bytes with 3 envelopes.
2026-08-06 23:21:27,940 [canton-env-ec-36] INFO  c.d.c.s.s.b.b.c.m.c.i.IssConsensusModule:sequencer=sequencer1/psid=local::122089cb3fe0::35-0 tid:f1f65abfd8735462999c66caced688c5 - Block (epochNumber=1, blockNumber=10) has been ordered
2026-08-06 23:21:27,942 [canton-env-ec-43] INFO  c.d.c.s.b.u.BlockChunkProcessor:sequencer=sequencer1/psid=local::122089cb3fe0::35-0 tid:f1f65abfd8735462999c66caced688c5 - Processing block 10, data chunk 0. Last chunk timestamp=2026-08-07T03:21:26.500127Z, last sequencer event timestamp=Some(2026-08-07T03:21:26.500127Z). 1 events:
  Send of 'ee64b0b0-7efa-49f9-970c-13c0f3aee117' at 2026-08-07T03:21:27.109033Z (tc=f1f65abfd8735462999c66caced688c5)
2026-08-06 23:21:27,957 [canton-env-ec-43] INFO  c.d.c.p.p.ParallelMessageDispatcher:participant=participant1/psid=local::122089cb3fe0::35-0 tid:f1f65abfd8735462999c66caced688c5 - Processing event at sc=8, ts=2026-08-07T03:21:27.109033Z, with 2 envelopes
  root-hash=SHA-256:7f914ae65c52...
  enc-view=Vector(ViewHash(SHA-256:7996ac287602...)),rcp=2, sz=1118Some(, with sig)
2026-08-06 23:21:27,957 [canton-env-ec-36] INFO  c.d.c.p.p.ParallelMessageDispatcher:participant=participant2/psid=local::122089cb3fe0::35-0 tid:f1f65abfd8735462999c66caced688c5 - Processing event at sc=4, ts=2026-08-07T03:21:27.109033Z, messageId=ee64b0b0-7efa-49f9-970c-13c0f3aee117, with 2 envelopes
  root-hash=SHA-256:7f914ae65c52...
  enc-view=Vector(ViewHash(SHA-256:7996ac287602...)),rcp=2, sz=1118Some(, with sig)
2026-08-06 23:21:27,962 [canton-env-ec-34] INFO  c.d.c.p.p.TransactionProcessor:participant=participant1/psid=local::122089cb3fe0::35-0 tid:f1f65abfd8735462999c66caced688c5 - Phase 3: Validating Transaction request=2026-08-07T03:21:27.109033Z with 1 envelope(s)
2026-08-06 23:21:27,962 [canton-env-ec-41] INFO  c.d.c.p.p.TransactionProcessor:participant=participant2/psid=local::122089cb3fe0::35-0 tid:f1f65abfd8735462999c66caced688c5 - Phase 3: Validating Transaction request=2026-08-07T03:21:27.109033Z with 1 envelope(s)
2026-08-06 23:21:27,992 [canton-env-ec-36] INFO  c.d.c.s.m.ConfirmationRequestAndResponseProcessor:mediator=mediator1/psid=local::122089cb3fe0::35-0 tid:f1f65abfd8735462999c66caced688c5 - Phase 2: Registered request=2026-08-07T03:21:27.109033Z from submittingParticipant=PAR::participant2::1220334b3a59... with 1 view(s).
2026-08-06 23:21:28,104 [canton-env-ec-34] INFO  c.d.c.p.p.TransactionProcessor:participant=participant2/psid=local::122089cb3fe0::35-0 tid:f1f65abfd8735462999c66caced688c5 - Phase 4: Sending for request=2026-08-07T03:21:27.109033Z with msgId=0e11e736-8f98-41c6-b7b5-48e7b2997a1b approved=1, rejected=0, abstained=0
2026-08-06 23:21:28,109 [canton-env-ec-42] INFO  c.d.c.s.s.s.GrpcSequencerService:sequencer=sequencer1 tid:f1f65abfd8735462999c66caced688c5 - 'PAR::participant2::1220334b3a59...' sends request with id '0e11e736-8f98-41c6-b7b5-48e7b2997a1b' of size 745 bytes with 1 envelopes.
2026-08-06 23:21:28,181 [canton-env-ec-41] INFO  c.d.c.s.s.b.b.c.m.c.i.IssConsensusModule:sequencer=sequencer1/psid=local::122089cb3fe0::35-0 tid:f1f65abfd8735462999c66caced688c5 - Block (epochNumber=1, blockNumber=11) has been ordered
2026-08-06 23:21:28,188 [canton-env-ec-35] INFO  c.d.c.s.b.u.BlockChunkProcessor:sequencer=sequencer1/psid=local::122089cb3fe0::35-0 tid:f1f65abfd8735462999c66caced688c5 - Processing block 11, data chunk 0. Last chunk timestamp=2026-08-07T03:21:27.109033Z, last sequencer event timestamp=Some(2026-08-07T03:21:26.500127Z). 1 events:
  Send of '0e11e736-8f98-41c6-b7b5-48e7b2997a1b' at 2026-08-07T03:21:27.939698Z (tc=f1f65abfd8735462999c66caced688c5)
2026-08-06 23:21:28,195 [canton-env-ec-37] INFO  c.d.c.p.p.ParallelMessageDispatcher:participant=participant2/psid=local::122089cb3fe0::35-0 tid:f1f65abfd8735462999c66caced688c5 - Processing event at sc=5, ts=2026-08-07T03:21:27.939698Z, messageId=0e11e736-8f98-41c6-b7b5-48e7b2997a1b, with 0 envelopes
2026-08-06 23:21:28,201 [canton-env-ec-38] INFO  c.d.c.s.m.ConfirmationRequestAndResponseProcessor:mediator=mediator1/psid=local::122089cb3fe0::35-0 tid:f1f65abfd8735462999c66caced688c5 - Phase 5: Received 1 response(s) for request=2026-08-07T03:21:27.109033Z.
2026-08-06 23:21:28,213 [canton-env-ec-41] INFO  c.d.c.s.m.ConfirmationRequestAndResponseProcessor:mediator=mediator1/psid=local::122089cb3fe0::35-0 tid:f1f65abfd8735462999c66caced688c5 - Phase 6: Finalized request=RequestId(2026-08-07T03:21:27.109033Z) with verdict Approve at 2026-08-07T03:22:27.109033Z
2026-08-06 23:21:28,229 [canton-env-ec-41] INFO  c.d.c.s.s.s.GrpcSequencerService:sequencer=sequencer1 tid:f1f65abfd8735462999c66caced688c5 - 'MED::mediator1::12209640bd54...' sends request with id 'feedceff-5e1a-4640-8561-7cf681211544' of size 787 bytes with 1 envelopes.
2026-08-06 23:21:28,299 [canton-env-ec-37] INFO  c.d.c.s.s.b.b.c.m.c.i.IssConsensusModule:sequencer=sequencer1/psid=local::122089cb3fe0::35-0 tid:f1f65abfd8735462999c66caced688c5 - Block (epochNumber=1, blockNumber=12) has been ordered
2026-08-06 23:21:28,302 [canton-env-ec-37] INFO  c.d.c.s.b.u.BlockChunkProcessor:sequencer=sequencer1/psid=local::122089cb3fe0::35-0 tid:f1f65abfd8735462999c66caced688c5 - Processing block 12, data chunk 0. Last chunk timestamp=2026-08-07T03:21:27.939698Z, last sequencer event timestamp=Some(2026-08-07T03:21:26.500127Z). 1 events:
  Send of 'feedceff-5e1a-4640-8561-7cf681211544' at 2026-08-07T03:21:28.180673Z (tc=f1f65abfd8735462999c66caced688c5)
2026-08-06 23:21:28,315 [canton-env-ec-38] INFO  c.d.c.s.s.b.b.c.m.o.OutputModule:sequencer=sequencer1/psid=local::122089cb3fe0::35-0 tid:4e16dc8a640a39cfc4f0c1ab753f0b62 - Scheduling backpressure check in 10 seconds
2026-08-06 23:21:28,315 [canton-env-ec-38] INFO  c.d.c.s.s.b.b.c.m.o.OutputModule:sequencer=sequencer1/psid=local::122089cb3fe0::35-0 tid:4e16dc8a640a39cfc4f0c1ab753f0b62 - Checking if sequencer core is still slow or if we can process new epoch topology messages (backPressureStartInstant = None, from block subscription: isSequencerCoreSlow = false, bufferSize = 0)
2026-08-06 23:21:28,315 [canton-env-ec-38] INFO  c.d.c.s.s.b.b.c.m.o.OutputModule:sequencer=sequencer1/psid=local::122089cb3fe0::35-0 tid:4e16dc8a640a39cfc4f0c1ab753f0b62 - Processing 0 new epoch topology messages
2026-08-06 23:21:28,322 [canton-env-ec-35] INFO  c.d.c.p.p.ParallelMessageDispatcher:participant=participant2/psid=local::122089cb3fe0::35-0 tid:f1f65abfd8735462999c66caced688c5 - Processing event at sc=6, ts=2026-08-07T03:21:28.180673Z, with 1 envelopes
  verdict=RequestId(2026-08-07T03:21:27.109033Z), type=TransactionViewType, is=Approve
2026-08-06 23:21:28,322 [canton-env-ec-43] INFO  c.d.c.p.p.ParallelMessageDispatcher:participant=participant1/psid=local::122089cb3fe0::35-0 tid:f1f65abfd8735462999c66caced688c5 - Processing event at sc=9, ts=2026-08-07T03:21:28.180673Z, with 1 envelopes
  verdict=RequestId(2026-08-07T03:21:27.109033Z), type=TransactionViewType, is=Approve
2026-08-06 23:21:28,367 [input-mapping-pool-7] INFO  c.d.c.p.i.p.ParallelIndexerSubscription:participant=participant2 tid:f1f65abfd8735462999c66caced688c5 - Phase 7: Storing at offset=8 SequencedTransactionAccepted(
  recordTime = 2026-08-07T03:21:27.109033Z,
  updateId = 12207f914ae65c524c8a4e79d4b88b9cd9ec2b1e8f5f69d1a23d133ac0201067276d,
  transactionMeta = TransactionMeta(ledgerEffectiveTime = 2026-08-07T03:21:27.261631Z, preparationTime = 2026-08-07T03:21:27.261631Z, timeBoundaries = LedgerTimeBoundaries(constrained = true), ...),
  completion = CompletionInfo(
    actAs = participant2::1220334b3a59...,
    commandId = 85c59ae2-84e7-44e5-8db3-39efa8559a60-ping-72e13485-4142-4634-a26f-acc8689b5805,
    userId = PingService,
    deduplication period = (offset=None),
    submissionId = Some(ebcd9169-8573-484a-abaa-117651e5c444),
    paidTrafficCost = 0,
    ...
  ),
  nodes = 1,
  roots = 1,
  ...
)
2026-08-06 23:21:28,410 [canton-env-ec-140] INFO  c.d.c.p.a.PingService:participant=participant2 tid:f1f65abfd8735462999c66caced688c5 - Successfully submitted ping id=85c59ae2-84e7-44e5-8db3-39efa8559a60 with updateId=12207f914ae65c524c8a4e79d4b88b9cd9ec2b1e8f5f69d1a23d133ac0201067276d, waiting for response
2026-08-06 23:21:28,448 [canton-env-ec-140] INFO  c.d.c.p.a.PingService:participant=participant2 tid:f1f65abfd8735462999c66caced688c5 - Observed creation of ping contract, waiting for archival by responder
2026-08-06 23:21:28,493 [canton-env-ec-140] INFO  c.d.c.p.p.TransactionProcessor:participant=participant1/psid=local::122089cb3fe0::35-0 tid:f1f65abfd8735462999c66caced688c5 - Phase 4: Finished validation for request=2026-08-07T03:21:27.109033Z with nothing to approve.
2026-08-06 23:21:28,494 [input-mapping-pool-11] INFO  c.d.c.p.i.p.ParallelIndexerSubscription:participant=participant1 tid:f1f65abfd8735462999c66caced688c5 - Phase 7: Storing at offset=12 SequencedTransactionAccepted(
  recordTime = 2026-08-07T03:21:27.109033Z,
  updateId = 12207f914ae65c524c8a4e79d4b88b9cd9ec2b1e8f5f69d1a23d133ac0201067276d,
  transactionMeta = TransactionMeta(ledgerEffectiveTime = 2026-08-07T03:21:27.261631Z, preparationTime = 2026-08-07T03:21:27.261631Z, timeBoundaries = LedgerTimeBoundaries(constrained = true), ...),
  nodes = 1,
  roots = 1,
  ...
)
2026-08-06 23:21:28,500 [canton-env-ec-36] INFO  c.d.c.p.a.PingService:participant=participant1 tid:f1f65abfd8735462999c66caced688c5 - participant1::1220b8ba0fff... responding to a ping from participant2::1220334b3a59b962c4609f1a8497da8da7c8ba335ce6cf5fb31843846cfc3824dc8d
2026-08-06 23:21:28,507 [canton-env-ec-35] INFO  c.d.c.p.a.s.c.CommandSubmissionServiceImpl:participant=participant1 tid:f1f65abfd8735462999c66caced688c5 - Phase 1 started: Submitting 1 command(s) for interpretation on behalf of participant1::1220b8ba0fff....
2026-08-06 23:21:28,547 [canton-env-ec-41] INFO  c.d.c.p.p.TransactionProcessor:participant=participant1/psid=local::122089cb3fe0::35-0 tid:f1f65abfd8735462999c66caced688c5 - Phase 1 completed: Submitting 3 envelopes for Transaction request, submitters participant1::1220b8ba0fff..., command-id 85c59ae2-84e7-44e5-8db3-39efa8559a60-ping-response-53261dfc-2e51-40d9-aca8-1713a0feb698
2026-08-06 23:21:28,550 [canton-env-ec-41] INFO  c.d.c.s.s.s.GrpcSequencerService:sequencer=sequencer1 tid:f1f65abfd8735462999c66caced688c5 - 'PAR::participant1::1220b8ba0fff...' sends request with id '84bde5fa-a2fe-43ff-b6ac-4c1303d36465' of size 3385 bytes with 3 envelopes.
2026-08-06 23:21:28,659 [canton-env-ec-43] INFO  c.d.c.s.s.b.b.c.m.c.i.IssConsensusModule:sequencer=sequencer1/psid=local::122089cb3fe0::35-0 tid:f1f65abfd8735462999c66caced688c5 - Block (epochNumber=1, blockNumber=13) has been ordered
2026-08-06 23:21:28,662 [canton-env-ec-41] INFO  c.d.c.s.b.u.BlockChunkProcessor:sequencer=sequencer1/psid=local::122089cb3fe0::35-0 tid:f1f65abfd8735462999c66caced688c5 - Processing block 13, data chunk 0. Last chunk timestamp=2026-08-07T03:21:28.180673Z, last sequencer event timestamp=Some(2026-08-07T03:21:26.500127Z). 1 events:
  Send of '84bde5fa-a2fe-43ff-b6ac-4c1303d36465' at 2026-08-07T03:21:28.298972Z (tc=f1f65abfd8735462999c66caced688c5)
2026-08-06 23:21:28,668 [canton-env-ec-37] INFO  c.d.c.p.p.ParallelMessageDispatcher:participant=participant1/psid=local::122089cb3fe0::35-0 tid:f1f65abfd8735462999c66caced688c5 - Processing event at sc=10, ts=2026-08-07T03:21:28.298972Z, messageId=84bde5fa-a2fe-43ff-b6ac-4c1303d36465, with 2 envelopes
  root-hash=SHA-256:dbae70230aab...
  enc-view=Vector(ViewHash(SHA-256:6e3624ebf1e9...)),rcp=2, sz=1171Some(, with sig)
2026-08-06 23:21:28,668 [canton-env-ec-43] INFO  c.d.c.p.p.ParallelMessageDispatcher:participant=participant2/psid=local::122089cb3fe0::35-0 tid:f1f65abfd8735462999c66caced688c5 - Processing event at sc=7, ts=2026-08-07T03:21:28.298972Z, with 2 envelopes
  root-hash=SHA-256:dbae70230aab...
  enc-view=Vector(ViewHash(SHA-256:6e3624ebf1e9...)),rcp=2, sz=1171Some(, with sig)
2026-08-06 23:21:28,668 [canton-env-ec-36] INFO  c.d.c.p.p.TransactionProcessor:participant=participant1/psid=local::122089cb3fe0::35-0 tid:f1f65abfd8735462999c66caced688c5 - Phase 3: Validating Transaction request=2026-08-07T03:21:28.298972Z with 1 envelope(s)
2026-08-06 23:21:28,668 [canton-env-ec-34] INFO  c.d.c.p.p.TransactionProcessor:participant=participant2/psid=local::122089cb3fe0::35-0 tid:f1f65abfd8735462999c66caced688c5 - Phase 3: Validating Transaction request=2026-08-07T03:21:28.298972Z with 1 envelope(s)
2026-08-06 23:21:28,671 [canton-env-ec-34] INFO  c.d.c.s.m.ConfirmationRequestAndResponseProcessor:mediator=mediator1/psid=local::122089cb3fe0::35-0 tid:f1f65abfd8735462999c66caced688c5 - Phase 2: Registered request=2026-08-07T03:21:28.298972Z from submittingParticipant=PAR::participant1::1220b8ba0fff... with 1 view(s).
2026-08-06 23:21:28,684 [canton-env-ec-140] INFO  c.d.c.p.p.TransactionProcessor:participant=participant2/psid=local::122089cb3fe0::35-0 tid:f1f65abfd8735462999c66caced688c5 - Phase 4: Sending for request=2026-08-07T03:21:28.298972Z with msgId=9d012fd0-3a5c-4c73-adf3-171dbe426a6b approved=1, rejected=0, abstained=0
2026-08-06 23:21:28,684 [canton-env-ec-37] INFO  c.d.c.p.p.TransactionProcessor:participant=participant1/psid=local::122089cb3fe0::35-0 tid:f1f65abfd8735462999c66caced688c5 - Phase 4: Sending for request=2026-08-07T03:21:28.298972Z with msgId=6168ba48-5da8-42dc-93de-bf141621dfd7 approved=1, rejected=0, abstained=0
2026-08-06 23:21:28,687 [canton-env-ec-38] INFO  c.d.c.s.s.s.GrpcSequencerService:sequencer=sequencer1 tid:f1f65abfd8735462999c66caced688c5 - 'PAR::participant2::1220334b3a59...' sends request with id '9d012fd0-3a5c-4c73-adf3-171dbe426a6b' of size 749 bytes with 1 envelopes.
2026-08-06 23:21:28,687 [canton-env-ec-34] INFO  c.d.c.s.s.s.GrpcSequencerService:sequencer=sequencer1 tid:f1f65abfd8735462999c66caced688c5 - 'PAR::participant1::1220b8ba0fff...' sends request with id '6168ba48-5da8-42dc-93de-bf141621dfd7' of size 746 bytes with 1 envelopes.
2026-08-06 23:21:28,780 [canton-env-ec-42] INFO  c.d.c.s.s.b.b.c.m.c.i.IssConsensusModule:sequencer=sequencer1/psid=local::122089cb3fe0::35-0 tid:f22fe426b0cfae4e3652a796f9cf901b - Block (epochNumber=1, blockNumber=14) has been ordered
2026-08-06 23:21:28,783 [canton-env-ec-42] INFO  c.d.c.s.b.u.BlockChunkProcessor:sequencer=sequencer1/psid=local::122089cb3fe0::35-0 tid:f22fe426b0cfae4e3652a796f9cf901b - Processing block 14, data chunk 0. Last chunk timestamp=2026-08-07T03:21:28.298972Z, last sequencer event timestamp=Some(2026-08-07T03:21:26.500127Z). 2 events:
  Send of '6168ba48-5da8-42dc-93de-bf141621dfd7' at 2026-08-07T03:21:28.659230Z (tc=f1f65abfd8735462999c66caced688c5)
  Send of '9d012fd0-3a5c-4c73-adf3-171dbe426a6b' at 2026-08-07T03:21:28.659231Z (tc=f1f65abfd8735462999c66caced688c5)
2026-08-06 23:21:28,788 [canton-env-ec-140] INFO  c.d.c.p.p.ParallelMessageDispatcher:participant=participant1/psid=local::122089cb3fe0::35-0 tid:f1f65abfd8735462999c66caced688c5 - Processing event at sc=11, ts=2026-08-07T03:21:28.659230Z, messageId=6168ba48-5da8-42dc-93de-bf141621dfd7, with 0 envelopes
2026-08-06 23:21:28,788 [canton-env-ec-37] INFO  c.d.c.p.p.ParallelMessageDispatcher:participant=participant2/psid=local::122089cb3fe0::35-0 tid:f1f65abfd8735462999c66caced688c5 - Processing event at sc=8, ts=2026-08-07T03:21:28.659231Z, messageId=9d012fd0-3a5c-4c73-adf3-171dbe426a6b, with 0 envelopes
2026-08-06 23:21:28,789 [canton-env-ec-34] INFO  c.d.c.s.m.ConfirmationRequestAndResponseProcessor:mediator=mediator1/psid=local::122089cb3fe0::35-0 tid:f1f65abfd8735462999c66caced688c5 - Phase 5: Received 1 response(s) for request=2026-08-07T03:21:28.298972Z.
2026-08-06 23:21:28,790 [canton-env-ec-140] INFO  c.d.c.s.m.ConfirmationRequestAndResponseProcessor:mediator=mediator1/psid=local::122089cb3fe0::35-0 tid:f1f65abfd8735462999c66caced688c5 - Phase 5: Received 1 response(s) for request=2026-08-07T03:21:28.298972Z.
2026-08-06 23:21:28,791 [canton-env-ec-41] INFO  c.d.c.s.m.ConfirmationRequestAndResponseProcessor:mediator=mediator1/psid=local::122089cb3fe0::35-0 tid:f1f65abfd8735462999c66caced688c5 - Phase 6: Finalized request=RequestId(2026-08-07T03:21:28.298972Z) with verdict Approve at 2026-08-07T03:22:28.298972Z
2026-08-06 23:21:28,794 [canton-env-ec-38] INFO  c.d.c.s.s.s.GrpcSequencerService:sequencer=sequencer1 tid:f1f65abfd8735462999c66caced688c5 - 'MED::mediator1::12209640bd54...' sends request with id '95f55e16-55f8-4a75-a22e-ecc3181404ff' of size 787 bytes with 1 envelopes.
2026-08-06 23:21:28,929 [canton-env-ec-38] INFO  c.d.c.s.s.b.b.c.m.c.i.IssConsensusModule:sequencer=sequencer1/psid=local::122089cb3fe0::35-0 tid:f1f65abfd8735462999c66caced688c5 - Block (epochNumber=1, blockNumber=15) has been ordered
2026-08-06 23:21:28,932 [canton-env-ec-43] INFO  c.d.c.s.b.u.BlockChunkProcessor:sequencer=sequencer1/psid=local::122089cb3fe0::35-0 tid:f1f65abfd8735462999c66caced688c5 - Processing block 15, data chunk 0. Last chunk timestamp=2026-08-07T03:21:28.659231Z, last sequencer event timestamp=Some(2026-08-07T03:21:26.500127Z). 1 events:
  Send of '95f55e16-55f8-4a75-a22e-ecc3181404ff' at 2026-08-07T03:21:28.780386Z (tc=f1f65abfd8735462999c66caced688c5)
2026-08-06 23:21:28,937 [canton-env-ec-140] INFO  c.d.c.p.p.ParallelMessageDispatcher:participant=participant2/psid=local::122089cb3fe0::35-0 tid:f1f65abfd8735462999c66caced688c5 - Processing event at sc=9, ts=2026-08-07T03:21:28.780386Z, with 1 envelopes
  verdict=RequestId(2026-08-07T03:21:28.298972Z), type=TransactionViewType, is=Approve
2026-08-06 23:21:28,938 [canton-env-ec-41] INFO  c.d.c.p.p.ParallelMessageDispatcher:participant=participant1/psid=local::122089cb3fe0::35-0 tid:f1f65abfd8735462999c66caced688c5 - Processing event at sc=12, ts=2026-08-07T03:21:28.780386Z, with 1 envelopes
  verdict=RequestId(2026-08-07T03:21:28.298972Z), type=TransactionViewType, is=Approve
2026-08-06 23:21:28,945 [input-mapping-pool-10] INFO  c.d.c.p.i.p.ParallelIndexerSubscription:participant=participant2 tid:f1f65abfd8735462999c66caced688c5 - Phase 7: Storing at offset=11 SequencedTransactionAccepted(
  recordTime = 2026-08-07T03:21:28.298972Z,
  updateId = 1220dbae70230aab62a3e3727900111c96a81e2e8aca37585692f7d0ab4c28259260,
  transactionMeta = TransactionMeta(ledgerEffectiveTime = 2026-08-07T03:21:28.506744Z, preparationTime = 2026-08-07T03:21:28.506744Z, timeBoundaries = LedgerTimeBoundaries(constrained = true), ...),
  nodes = 1,
  roots = 1,
  ...
)
2026-08-06 23:21:28,945 [input-mapping-pool-13] INFO  c.d.c.p.i.p.ParallelIndexerSubscription:participant=participant1 tid:f1f65abfd8735462999c66caced688c5 - Phase 7: Storing at offset=14 SequencedTransactionAccepted(
  recordTime = 2026-08-07T03:21:28.298972Z,
  updateId = 1220dbae70230aab62a3e3727900111c96a81e2e8aca37585692f7d0ab4c28259260,
  transactionMeta = TransactionMeta(ledgerEffectiveTime = 2026-08-07T03:21:28.506744Z, preparationTime = 2026-08-07T03:21:28.506744Z, timeBoundaries = LedgerTimeBoundaries(constrained = true), ...),
  completion = CompletionInfo(
    actAs = participant1::1220b8ba0fff...,
    commandId = 85c59ae2-84e7-44e5-8db3-39efa8559a60-ping-response-53261dfc-2e51-40d9-aca8-1713a0feb698,
    userId = PingService,
    deduplication period = (offset=None),
    submissionId = Some(b0c68b1c-c444-468e-8348-cd00d55d582b),
    paidTrafficCost = 0,
    ...
  ),
  nodes = 1,
  roots = 1,
  ...
)
2026-08-06 23:21:28,960 [canton-env-ec-37] INFO  c.d.c.p.a.PingService:participant=participant2 tid:f1f65abfd8735462999c66caced688c5 - Archived ContractWithExpiry(
  coid = 0063d4c5125d...,
  data = '85c59ae2-84e7-44e5-8db3-39efa8559a60',
  template = 'Canton.Internal.Ping.Ping@#canton-...',
  expire = 2026-08-07T03:21:58.448519Z,
  synchronizerId = local::122089cb3fe0...
)
2026-08-06 23:21:28,960 [canton-env-ec-43] INFO  c.d.c.p.a.PingService:participant=participant1 tid:f1f65abfd8735462999c66caced688c5 - Archived ContractWithExpiry(
  coid = 0063d4c5125d...,
  data = '85c59ae2-84e7-44e5-8db3-39efa8559a60',
  template = 'Canton.Internal.Ping.Ping@#canton-...',
  expire = 2026-08-07T03:21:58.500472Z,
  synchronizerId = local::122089cb3fe0...
)
2026-08-06 23:21:28,961 [canton-env-ec-37] INFO  c.d.c.p.a.PingService:participant=participant2 tid:f1f65abfd8735462999c66caced688c5 - Observed archival of ping contract after 1756 milliseconds
2026-08-06 23:21:28,968 [main] INFO  c.digitalasset.canton.ServerRunner - Bootstrap script successfully executed.
2026-08-06 23:21:33,955 [canton-env-ec-36] INFO  c.d.c.s.s.b.b.c.m.c.i.IssConsensusModule:sequencer=sequencer1/psid=local::122089cb3fe0::35-0 tid:f06de38feeee2808215cd1c51fc0ccc6 - Block (epochNumber=1, blockNumber=16) has been ordered
2026-08-06 23:21:38,342 [canton-env-ec-42] INFO  c.d.c.s.s.b.b.c.m.o.OutputModule:sequencer=sequencer1/psid=local::122089cb3fe0::35-0 tid:4e16dc8a640a39cfc4f0c1ab753f0b62 - Scheduling backpressure check in 10 seconds
2026-08-06 23:21:38,343 [canton-env-ec-42] INFO  c.d.c.s.s.b.b.c.m.o.OutputModule:sequencer=sequencer1/psid=local::122089cb3fe0::35-0 tid:4e16dc8a640a39cfc4f0c1ab753f0b62 - Checking if sequencer core is still slow or if we can process new epoch topology messages (backPressureStartInstant = None, from block subscription: isSequencerCoreSlow = false, bufferSize = 0)
2026-08-06 23:21:38,343 [canton-env-ec-42] INFO  c.d.c.s.s.b.b.c.m.o.OutputModule:sequencer=sequencer1/psid=local::122089cb3fe0::35-0 tid:4e16dc8a640a39cfc4f0c1ab753f0b62 - Processing 0 new epoch topology messages
2026-08-06 23:21:38,978 [canton-env-ec-41] INFO  c.d.c.s.s.b.b.c.m.c.i.IssConsensusModule:sequencer=sequencer1/psid=local::122089cb3fe0::35-0 tid:d676a1598e2adf0f512f747252cf851e - Block (epochNumber=1, blockNumber=17) has been ordered
2026-08-06 23:21:44,009 [canton-env-ec-35] INFO  c.d.c.s.s.b.b.c.m.c.i.IssConsensusModule:sequencer=sequencer1/psid=local::122089cb3fe0::35-0 tid:eeac3ef74854777c7d40147baa1c485d - Block (epochNumber=1, blockNumber=18) has been ordered
2026-08-06 23:21:48,358 [canton-env-ec-35] INFO  c.d.c.s.s.b.b.c.m.o.OutputModule:sequencer=sequencer1/psid=local::122089cb3fe0::35-0 tid:4e16dc8a640a39cfc4f0c1ab753f0b62 - Scheduling backpressure check in 10 seconds
2026-08-06 23:21:48,358 [canton-env-ec-35] INFO  c.d.c.s.s.b.b.c.m.o.OutputModule:sequencer=sequencer1/psid=local::122089cb3fe0::35-0 tid:4e16dc8a640a39cfc4f0c1ab753f0b62 - Checking if sequencer core is still slow or if we can process new epoch topology messages (backPressureStartInstant = None, from block subscription: isSequencerCoreSlow = false, bufferSize = 0)
2026-08-06 23:21:48,358 [canton-env-ec-35] INFO  c.d.c.s.s.b.b.c.m.o.OutputModule:sequencer=sequencer1/psid=local::122089cb3fe0::35-0 tid:4e16dc8a640a39cfc4f0c1ab753f0b62 - Processing 0 new epoch topology messages
2026-08-06 23:21:49,044 [canton-env-ec-43] INFO  c.d.c.s.s.b.b.c.m.c.i.IssConsensusModule:sequencer=sequencer1/psid=local::122089cb3fe0::35-0 tid:ae766cc7e708875add47bb50e1a69515 - Block (epochNumber=1, blockNumber=19) has been ordered
2026-08-06 23:21:49,046 [canton-env-ec-43] INFO  c.d.c.s.s.b.b.c.m.c.i.IssConsensusModule:sequencer=sequencer1/psid=local::122089cb3fe0::35-0 tid:ae766cc7e708875add47bb50e1a69515 - Completed epoch 1, but no new epoch topology is available yet
2026-08-06 23:21:49,048 [canton-env-ec-43] INFO  c.d.c.s.s.b.b.c.m.c.i.SegmentClosingBehaviour:sequencer=sequencer1/psid=local::122089cb3fe0::35-0 tid:ae766cc7e708875add47bb50e1a69515 - Segment module 10 completed epoch 1
2026-08-06 23:21:49,052 [canton-env-ec-34] INFO  c.d.c.s.s.b.b.c.m.o.OutputModule:sequencer=sequencer1/psid=local::122089cb3fe0::35-0 tid:ae766cc7e708875add47bb50e1a69515 - Processing 1 new epoch topology messages
2026-08-06 23:21:49,056 [canton-env-ec-35] INFO  c.d.c.s.s.b.b.c.m.c.i.IssConsensusModule:sequencer=sequencer1/psid=local::122089cb3fe0::35-0 tid:ae766cc7e708875add47bb50e1a69515 - New epoch 2 has started with leaders = List(SEQ::sequencer1::12203194b0b98f9ef087010048202e3c51e68e9b670bd3485be85cd44285d3937fde)and blacklisted nodes = List(); ordering topology = OrderingTopology(
  activationTime = 2026-08-07T03:21:26.500127Z,
  size = 1,
  weakQuorum = 1,
  strongQuorum = 1,
  nodesTopologyInfo = "SEQ::sequencer1::12203194b0b98f9ef087010048202e3c51e68e9b670bd3485be85cd44285d3937fde" -> NodeTopologyInfo(keyIds = "122023f7cdab16d2ef0477ba4e7390196bd2d3d063ed13b6f0a70960cb82e9afa8e5"),
  sequencingParameters = SequencingParameters(
    pbftViewChangeTimeout = 10s,
    segmentLength = 10,
    blacklistConfig = BlacklistLeaderSelectionPolicyConfig(howLongToBlacklist = Linear(maximumEpochBlacklisted = Some(250)), howManyCanWeBlacklist = NumFaultsTolerated)
  ),
  maxBytesToDecompress = 10485760,
  areTherePendingCantonTopologyChanges = Some(false)
)
2026-08-06 23:21:49,057 [canton-env-ec-42] INFO  c.d.c.s.s.b.b.c.m.c.i.IssSegmentModule:sequencer=sequencer1/psid=local::122089cb3fe0::35-0 tid:ae766cc7e708875add47bb50e1a69515 - Received `Start` message, segment Segment(SEQ::sequencer1::12203194b0b98f9ef087010048202e3c51e68e9b670bd3485be85cd44285d3937fde,List(20, 21, 22, 23, 24, 25, 26, 27, 28, 29)) is complete = false, view change in progress = false view number = 0
2026-08-06 23:21:54,084 [canton-env-ec-36] INFO  c.d.c.s.s.b.b.c.m.c.i.IssConsensusModule:sequencer=sequencer1/psid=local::122089cb3fe0::35-0 tid:5f7599552f261640cc065a516291bb0d - Block (epochNumber=2, blockNumber=20) has been ordered
2026-08-06 23:21:58,378 [canton-env-ec-42] INFO  c.d.c.s.s.b.b.c.m.o.OutputModule:sequencer=sequencer1/psid=local::122089cb3fe0::35-0 tid:4e16dc8a640a39cfc4f0c1ab753f0b62 - Scheduling backpressure check in 10 seconds
2026-08-06 23:21:58,378 [canton-env-ec-42] INFO  c.d.c.s.s.b.b.c.m.o.OutputModule:sequencer=sequencer1/psid=local::122089cb3fe0::35-0 tid:4e16dc8a640a39cfc4f0c1ab753f0b62 - Checking if sequencer core is still slow or if we can process new epoch topology messages (backPressureStartInstant = None, from block subscription: isSequencerCoreSlow = false, bufferSize = 0)
2026-08-06 23:21:58,378 [canton-env-ec-42] INFO  c.d.c.s.s.b.b.c.m.o.OutputModule:sequencer=sequencer1/psid=local::122089cb3fe0::35-0 tid:4e16dc8a640a39cfc4f0c1ab753f0b62 - Processing 0 new epoch topology messages
2026-08-06 23:21:59,108 [canton-env-ec-35] INFO  c.d.c.s.s.b.b.c.m.c.i.IssConsensusModule:sequencer=sequencer1/psid=local::122089cb3fe0::35-0 tid:f62c2aaf9f9725862aef2d442ecdb04d - Block (epochNumber=2, blockNumber=21) has been ordered
2026-08-06 23:22:04,135 [canton-env-ec-41] INFO  c.d.c.s.s.b.b.c.m.c.i.IssConsensusModule:sequencer=sequencer1/psid=local::122089cb3fe0::35-0 tid:9b49ec76f27937f1d3734da0c843ee6c - Block (epochNumber=2, blockNumber=22) has been ordered
2026-08-06 23:22:08,399 [canton-env-ec-140] INFO  c.d.c.s.s.b.b.c.m.o.OutputModule:sequencer=sequencer1/psid=local::122089cb3fe0::35-0 tid:4e16dc8a640a39cfc4f0c1ab753f0b62 - Scheduling backpressure check in 10 seconds
2026-08-06 23:22:08,400 [canton-env-ec-140] INFO  c.d.c.s.s.b.b.c.m.o.OutputModule:sequencer=sequencer1/psid=local::122089cb3fe0::35-0 tid:4e16dc8a640a39cfc4f0c1ab753f0b62 - Checking if sequencer core is still slow or if we can process new epoch topology messages (backPressureStartInstant = None, from block subscription: isSequencerCoreSlow = false, bufferSize = 0)
2026-08-06 23:22:08,400 [canton-env-ec-140] INFO  c.d.c.s.s.b.b.c.m.o.OutputModule:sequencer=sequencer1/psid=local::122089cb3fe0::35-0 tid:4e16dc8a640a39cfc4f0c1ab753f0b62 - Processing 0 new epoch topology messages
2026-08-06 23:22:08,518 [canton-env-ec-35] INFO  c.d.c.s.s.b.b.c.m.c.i.IssConsensusModule:sequencer=sequencer1/psid=local::122089cb3fe0::35-0 tid:2a77f5f94413e03e2fb8ffeb71c6581f - Block (epochNumber=2, blockNumber=23) has been ordered
2026-08-06 23:22:08,526 [canton-env-ec-41] INFO  c.d.c.s.b.u.BlockChunkProcessor:sequencer=sequencer1/psid=local::122089cb3fe0::35-0 tid:2a77f5f94413e03e2fb8ffeb71c6581f - Processing block 23, data chunk 0. Last chunk timestamp=2026-08-07T03:21:28.780386Z, last sequencer event timestamp=Some(2026-08-07T03:21:26.500127Z). 1 events:
  Ack by SEQ::sequencer1::12203194b0b9... for 2026-08-07T03:21:26.500127Z
2026-08-06 23:22:08,895 [canton-env-ec-37] INFO  c.d.c.s.s.b.b.c.m.c.i.IssConsensusModule:sequencer=sequencer1/psid=local::122089cb3fe0::35-0 tid:7682ae99928f491fea151cbb1e93e349 - Block (epochNumber=2, blockNumber=24) has been ordered
2026-08-06 23:22:08,902 [canton-env-ec-34] INFO  c.d.c.s.b.u.BlockChunkProcessor:sequencer=sequencer1/psid=local::122089cb3fe0::35-0 tid:7682ae99928f491fea151cbb1e93e349 - Processing block 24, data chunk 0. Last chunk timestamp=2026-08-07T03:21:28.780386Z, last sequencer event timestamp=Some(2026-08-07T03:21:26.500127Z). 1 events:
  Ack by MED::mediator1::12209640bd54... for 2026-08-07T03:21:28.780386Z
2026-08-06 23:22:13,909 [canton-env-ec-34] INFO  c.d.c.s.s.b.b.c.m.c.i.IssConsensusModule:sequencer=sequencer1/psid=local::122089cb3fe0::35-0 tid:7740996bf00c7572aabf1656512e35ef - Block (epochNumber=2, blockNumber=25) has been ordered
2026-08-06 23:22:15,002 [canton-env-ec-37] INFO  c.d.c.s.s.b.b.c.m.c.i.IssConsensusModule:sequencer=sequencer1/psid=local::122089cb3fe0::35-0 tid:8bad82262864566ff7594cb57f04ab24 - Block (epochNumber=2, blockNumber=26) has been ordered
2026-08-06 23:22:15,007 [canton-env-ec-36] INFO  c.d.c.s.b.u.BlockChunkProcessor:sequencer=sequencer1/psid=local::122089cb3fe0::35-0 tid:8bad82262864566ff7594cb57f04ab24 - Processing block 26, data chunk 0. Last chunk timestamp=2026-08-07T03:21:28.780386Z, last sequencer event timestamp=Some(2026-08-07T03:21:26.500127Z). 1 events:
  Ack by PAR::participant1::1220b8ba0fff... for 2026-08-07T03:21:28.780386Z
2026-08-06 23:22:18,419 [canton-env-ec-34] INFO  c.d.c.s.s.b.b.c.m.o.OutputModule:sequencer=sequencer1/psid=local::122089cb3fe0::35-0 tid:4e16dc8a640a39cfc4f0c1ab753f0b62 - Scheduling backpressure check in 10 seconds
2026-08-06 23:22:18,420 [canton-env-ec-34] INFO  c.d.c.s.s.b.b.c.m.o.OutputModule:sequencer=sequencer1/psid=local::122089cb3fe0::35-0 tid:4e16dc8a640a39cfc4f0c1ab753f0b62 - Checking if sequencer core is still slow or if we can process new epoch topology messages (backPressureStartInstant = None, from block subscription: isSequencerCoreSlow = false, bufferSize = 0)
2026-08-06 23:22:18,420 [canton-env-ec-34] INFO  c.d.c.s.s.b.b.c.m.o.OutputModule:sequencer=sequencer1/psid=local::122089cb3fe0::35-0 tid:4e16dc8a640a39cfc4f0c1ab753f0b62 - Processing 0 new epoch topology messages
2026-08-06 23:22:20,021 [canton-env-ec-36] INFO  c.d.c.s.s.b.b.c.m.c.i.IssConsensusModule:sequencer=sequencer1/psid=local::122089cb3fe0::35-0 tid:b733641652b9cd2de2e2e8fb516ae07a - Block (epochNumber=2, blockNumber=27) has been ordered
2026-08-06 23:22:25,049 [canton-env-ec-140] INFO  c.d.c.s.s.b.b.c.m.c.i.IssConsensusModule:sequencer=sequencer1/psid=local::122089cb3fe0::35-0 tid:e42d5fc66d6beedc5997af5717e36156 - Block (epochNumber=2, blockNumber=28) has been ordered
2026-08-06 23:22:26,518 [canton-env-ec-37] INFO  c.d.c.s.s.b.b.c.m.c.i.IssConsensusModule:sequencer=sequencer1/psid=local::122089cb3fe0::35-0 tid:460f7090541f43259d45b812bb481775 - Block (epochNumber=2, blockNumber=29) has been ordered
2026-08-06 23:22:26,519 [canton-env-ec-41] INFO  c.d.c.s.s.b.b.c.m.c.i.IssConsensusModule:sequencer=sequencer1/psid=local::122089cb3fe0::35-0 tid:460f7090541f43259d45b812bb481775 - Completed epoch 2, but no new epoch topology is available yet
2026-08-06 23:22:26,520 [canton-env-ec-35] INFO  c.d.c.s.s.b.b.c.m.c.i.SegmentClosingBehaviour:sequencer=sequencer1/psid=local::122089cb3fe0::35-0 tid:460f7090541f43259d45b812bb481775 - Segment module 20 completed epoch 2
2026-08-06 23:22:26,522 [canton-env-ec-34] INFO  c.d.c.s.s.b.b.c.m.o.OutputModule:sequencer=sequencer1/psid=local::122089cb3fe0::35-0 tid:460f7090541f43259d45b812bb481775 - Processing 1 new epoch topology messages
2026-08-06 23:22:26,524 [canton-env-ec-43] INFO  c.d.c.s.b.u.BlockChunkProcessor:sequencer=sequencer1/psid=local::122089cb3fe0::35-0 tid:460f7090541f43259d45b812bb481775 - Processing block 29, data chunk 0. Last chunk timestamp=2026-08-07T03:21:28.780386Z, last sequencer event timestamp=Some(2026-08-07T03:21:26.500127Z). 1 events:
  Ack by PAR::participant2::1220334b3a59... for 2026-08-07T03:21:28.780386Z
2026-08-06 23:22:26,526 [canton-env-ec-140] INFO  c.d.c.s.s.b.b.c.m.c.i.IssConsensusModule:sequencer=sequencer1/psid=local::122089cb3fe0::35-0 tid:460f7090541f43259d45b812bb481775 - New epoch 3 has started with leaders = List(SEQ::sequencer1::12203194b0b98f9ef087010048202e3c51e68e9b670bd3485be85cd44285d3937fde)and blacklisted nodes = List(); ordering topology = OrderingTopology(
  activationTime = 2026-08-07T03:21:26.500127Z,
  size = 1,
  weakQuorum = 1,
  strongQuorum = 1,
  nodesTopologyInfo = "SEQ::sequencer1::12203194b0b98f9ef087010048202e3c51e68e9b670bd3485be85cd44285d3937fde" -> NodeTopologyInfo(keyIds = "122023f7cdab16d2ef0477ba4e7390196bd2d3d063ed13b6f0a70960cb82e9afa8e5"),
  sequencingParameters = SequencingParameters(
    pbftViewChangeTimeout = 10s,
    segmentLength = 10,
    blacklistConfig = BlacklistLeaderSelectionPolicyConfig(howLongToBlacklist = Linear(maximumEpochBlacklisted = Some(250)), howManyCanWeBlacklist = NumFaultsTolerated)
  ),
  maxBytesToDecompress = 10485760,
  areTherePendingCantonTopologyChanges = Some(false)
)
2026-08-06 23:22:26,526 [canton-env-ec-140] INFO  c.d.c.s.s.b.b.c.m.c.i.IssSegmentModule:sequencer=sequencer1/psid=local::122089cb3fe0::35-0 tid:460f7090541f43259d45b812bb481775 - Received `Start` message, segment Segment(SEQ::sequencer1::12203194b0b98f9ef087010048202e3c51e68e9b670bd3485be85cd44285d3937fde,List(30, 31, 32, 33, 34, 35, 36, 37, 38, 39)) is complete = false, view change in progress = false view number = 0
2026-08-06 23:22:28,439 [canton-env-ec-37] INFO  c.d.c.s.s.b.b.c.m.o.OutputModule:sequencer=sequencer1/psid=local::122089cb3fe0::35-0 tid:4e16dc8a640a39cfc4f0c1ab753f0b62 - Scheduling backpressure check in 10 seconds
2026-08-06 23:22:28,439 [canton-env-ec-37] INFO  c.d.c.s.s.b.b.c.m.o.OutputModule:sequencer=sequencer1/psid=local::122089cb3fe0::35-0 tid:4e16dc8a640a39cfc4f0c1ab753f0b62 - Checking if sequencer core is still slow or if we can process new epoch topology messages (backPressureStartInstant = None, from block subscription: isSequencerCoreSlow = false, bufferSize = 0)
2026-08-06 23:22:28,440 [canton-env-ec-37] INFO  c.d.c.s.s.b.b.c.m.o.OutputModule:sequencer=sequencer1/psid=local::122089cb3fe0::35-0 tid:4e16dc8a640a39cfc4f0c1ab753f0b62 - Processing 0 new epoch topology messages
2026-08-06 23:22:31,547 [canton-env-ec-41] INFO  c.d.c.s.s.b.b.c.m.c.i.IssConsensusModule:sequencer=sequencer1/psid=local::122089cb3fe0::35-0 tid:ecdc23b50521d51bade28df8fa565b98 - Block (epochNumber=3, blockNumber=30) has been ordered
2026-08-06 23:22:36,565 [canton-env-ec-43] INFO  c.d.c.s.s.b.b.c.m.c.i.IssConsensusModule:sequencer=sequencer1/psid=local::122089cb3fe0::35-0 tid:db56c95905132ea287fada6091d84437 - Block (epochNumber=3, blockNumber=31) has been ordered
2026-08-06 23:22:38,459 [canton-env-ec-35] INFO  c.d.c.s.s.b.b.c.m.o.OutputModule:sequencer=sequencer1/psid=local::122089cb3fe0::35-0 tid:4e16dc8a640a39cfc4f0c1ab753f0b62 - Scheduling backpressure check in 10 seconds
2026-08-06 23:22:38,459 [canton-env-ec-35] INFO  c.d.c.s.s.b.b.c.m.o.OutputModule:sequencer=sequencer1/psid=local::122089cb3fe0::35-0 tid:4e16dc8a640a39cfc4f0c1ab753f0b62 - Checking if sequencer core is still slow or if we can process new epoch topology messages (backPressureStartInstant = None, from block subscription: isSequencerCoreSlow = false, bufferSize = 0)
2026-08-06 23:22:38,460 [canton-env-ec-35] INFO  c.d.c.s.s.b.b.c.m.o.OutputModule:sequencer=sequencer1/psid=local::122089cb3fe0::35-0 tid:4e16dc8a640a39cfc4f0c1ab753f0b62 - Processing 0 new epoch topology messages
2026-08-06 23:22:41,584 [canton-env-ec-140] INFO  c.d.c.s.s.b.b.c.m.c.i.IssConsensusModule:sequencer=sequencer1/psid=local::122089cb3fe0::35-0 tid:f393c4d1e6f787b9f3cc897f44164524 - Block (epochNumber=3, blockNumber=32) has been ordered
2026-08-06 23:22:46,611 [canton-env-ec-36] INFO  c.d.c.s.s.b.b.c.m.c.i.IssConsensusModule:sequencer=sequencer1/psid=local::122089cb3fe0::35-0 tid:23cdaf8ed9b4bd9019b4c0c01852801b - Block (epochNumber=3, blockNumber=33) has been ordered
2026-08-06 23:22:48,478 [canton-env-ec-34] INFO  c.d.c.s.s.b.b.c.m.o.OutputModule:sequencer=sequencer1/psid=local::122089cb3fe0::35-0 tid:4e16dc8a640a39cfc4f0c1ab753f0b62 - Scheduling backpressure check in 10 seconds
2026-08-06 23:22:48,478 [canton-env-ec-34] INFO  c.d.c.s.s.b.b.c.m.o.OutputModule:sequencer=sequencer1/psid=local::122089cb3fe0::35-0 tid:4e16dc8a640a39cfc4f0c1ab753f0b62 - Checking if sequencer core is still slow or if we can process new epoch topology messages (backPressureStartInstant = None, from block subscription: isSequencerCoreSlow = false, bufferSize = 0)
2026-08-06 23:22:48,479 [canton-env-ec-34] INFO  c.d.c.s.s.b.b.c.m.o.OutputModule:sequencer=sequencer1/psid=local::122089cb3fe0::35-0 tid:4e16dc8a640a39cfc4f0c1ab753f0b62 - Processing 0 new epoch topology messages
2026-08-06 23:22:51,637 [canton-env-ec-41] INFO  c.d.c.s.s.b.b.c.m.c.i.IssConsensusModule:sequencer=sequencer1/psid=local::122089cb3fe0::35-0 tid:08df03ba339840829737cfabdc6d8258 - Block (epochNumber=3, blockNumber=34) has been ordered
2026-08-06 23:22:56,653 [canton-env-ec-36] INFO  c.d.c.s.s.b.b.c.m.c.i.IssConsensusModule:sequencer=sequencer1/psid=local::122089cb3fe0::35-0 tid:312f206fed8e0b0ee6598b29b4fd4605 - Block (epochNumber=3, blockNumber=35) has been ordered
2026-08-06 23:22:58,499 [canton-env-ec-140] INFO  c.d.c.s.s.b.b.c.m.o.OutputModule:sequencer=sequencer1/psid=local::122089cb3fe0::35-0 tid:4e16dc8a640a39cfc4f0c1ab753f0b62 - Scheduling backpressure check in 10 seconds
2026-08-06 23:22:58,499 [canton-env-ec-140] INFO  c.d.c.s.s.b.b.c.m.o.OutputModule:sequencer=sequencer1/psid=local::122089cb3fe0::35-0 tid:4e16dc8a640a39cfc4f0c1ab753f0b62 - Checking if sequencer core is still slow or if we can process new epoch topology messages (backPressureStartInstant = None, from block subscription: isSequencerCoreSlow = false, bufferSize = 0)
2026-08-06 23:22:58,499 [canton-env-ec-140] INFO  c.d.c.s.s.b.b.c.m.o.OutputModule:sequencer=sequencer1/psid=local::122089cb3fe0::35-0 tid:4e16dc8a640a39cfc4f0c1ab753f0b62 - Processing 0 new epoch topology messages
2026-08-06 23:23:01,678 [canton-env-ec-35] INFO  c.d.c.s.s.b.b.c.m.c.i.IssConsensusModule:sequencer=sequencer1/psid=local::122089cb3fe0::35-0 tid:060daf7d9b0fc40d6fdc741416ec6ff2 - Block (epochNumber=3, blockNumber=36) has been ordered
2026-08-06 23:23:06,694 [canton-env-ec-42] INFO  c.d.c.s.s.b.b.c.m.c.i.IssConsensusModule:sequencer=sequencer1/psid=local::122089cb3fe0::35-0 tid:1209644a4506b0bf32fa862b52203379 - Block (epochNumber=3, blockNumber=37) has been ordered
2026-08-06 23:23:08,519 [canton-env-ec-36] INFO  c.d.c.s.s.b.b.c.m.o.OutputModule:sequencer=sequencer1/psid=local::122089cb3fe0::35-0 tid:4e16dc8a640a39cfc4f0c1ab753f0b62 - Scheduling backpressure check in 10 seconds
2026-08-06 23:23:08,520 [canton-env-ec-36] INFO  c.d.c.s.s.b.b.c.m.o.OutputModule:sequencer=sequencer1/psid=local::122089cb3fe0::35-0 tid:4e16dc8a640a39cfc4f0c1ab753f0b62 - Checking if sequencer core is still slow or if we can process new epoch topology messages (backPressureStartInstant = None, from block subscription: isSequencerCoreSlow = false, bufferSize = 0)
2026-08-06 23:23:08,520 [canton-env-ec-36] INFO  c.d.c.s.s.b.b.c.m.o.OutputModule:sequencer=sequencer1/psid=local::122089cb3fe0::35-0 tid:4e16dc8a640a39cfc4f0c1ab753f0b62 - Processing 0 new epoch topology messages
2026-08-06 23:23:11,719 [canton-env-ec-35] INFO  c.d.c.s.s.b.b.c.m.c.i.IssConsensusModule:sequencer=sequencer1/psid=local::122089cb3fe0::35-0 tid:54c80f4f2f395297ec331eec27e1dc7a - Block (epochNumber=3, blockNumber=38) has been ordered
2026-08-06 23:23:16,743 [canton-env-ec-34] INFO  c.d.c.s.s.b.b.c.m.c.i.IssConsensusModule:sequencer=sequencer1/psid=local::122089cb3fe0::35-0 tid:03fd19533fe1c590abcf32eb13266219 - Block (epochNumber=3, blockNumber=39) has been ordered
2026-08-06 23:23:16,744 [canton-env-ec-34] INFO  c.d.c.s.s.b.b.c.m.c.i.IssConsensusModule:sequencer=sequencer1/psid=local::122089cb3fe0::35-0 tid:03fd19533fe1c590abcf32eb13266219 - Completed epoch 3, but no new epoch topology is available yet
2026-08-06 23:23:16,744 [canton-env-ec-36] INFO  c.d.c.s.s.b.b.c.m.c.i.SegmentClosingBehaviour:sequencer=sequencer1/psid=local::122089cb3fe0::35-0 tid:03fd19533fe1c590abcf32eb13266219 - Segment module 30 completed epoch 3
2026-08-06 23:23:16,745 [canton-env-ec-35] INFO  c.d.c.s.s.b.b.c.m.o.OutputModule:sequencer=sequencer1/psid=local::122089cb3fe0::35-0 tid:03fd19533fe1c590abcf32eb13266219 - Processing 1 new epoch topology messages
2026-08-06 23:23:16,747 [canton-env-ec-140] INFO  c.d.c.s.s.b.b.c.m.c.i.IssSegmentModule:sequencer=sequencer1/psid=local::122089cb3fe0::35-0 tid:03fd19533fe1c590abcf32eb13266219 - Received `Start` message, segment Segment(SEQ::sequencer1::12203194b0b98f9ef087010048202e3c51e68e9b670bd3485be85cd44285d3937fde,List(40, 41, 42, 43, 44, 45, 46, 47, 48, 49)) is complete = false, view change in progress = false view number = 0
2026-08-06 23:23:16,748 [canton-env-ec-43] INFO  c.d.c.s.s.b.b.c.m.c.i.IssConsensusModule:sequencer=sequencer1/psid=local::122089cb3fe0::35-0 tid:03fd19533fe1c590abcf32eb13266219 - New epoch 4 has started with leaders = List(SEQ::sequencer1::12203194b0b98f9ef087010048202e3c51e68e9b670bd3485be85cd44285d3937fde)and blacklisted nodes = List(); ordering topology = OrderingTopology(
  activationTime = 2026-08-07T03:21:26.500127Z,
  size = 1,
  weakQuorum = 1,
  strongQuorum = 1,
  nodesTopologyInfo = "SEQ::sequencer1::12203194b0b98f9ef087010048202e3c51e68e9b670bd3485be85cd44285d3937fde" -> NodeTopologyInfo(keyIds = "122023f7cdab16d2ef0477ba4e7390196bd2d3d063ed13b6f0a70960cb82e9afa8e5"),
  sequencingParameters = SequencingParameters(
    pbftViewChangeTimeout = 10s,
    segmentLength = 10,
    blacklistConfig = BlacklistLeaderSelectionPolicyConfig(howLongToBlacklist = Linear(maximumEpochBlacklisted = Some(250)), howManyCanWeBlacklist = NumFaultsTolerated)
  ),
  maxBytesToDecompress = 10485760,
  areTherePendingCantonTopologyChanges = Some(false)
)
2026-08-06 23:23:18,540 [canton-env-ec-43] INFO  c.d.c.s.s.b.b.c.m.o.OutputModule:sequencer=sequencer1/psid=local::122089cb3fe0::35-0 tid:4e16dc8a640a39cfc4f0c1ab753f0b62 - Scheduling backpressure check in 10 seconds
2026-08-06 23:23:18,541 [canton-env-ec-43] INFO  c.d.c.s.s.b.b.c.m.o.OutputModule:sequencer=sequencer1/psid=local::122089cb3fe0::35-0 tid:4e16dc8a640a39cfc4f0c1ab753f0b62 - Checking if sequencer core is still slow or if we can process new epoch topology messages (backPressureStartInstant = None, from block subscription: isSequencerCoreSlow = false, bufferSize = 0)
2026-08-06 23:23:18,541 [canton-env-ec-43] INFO  c.d.c.s.s.b.b.c.m.o.OutputModule:sequencer=sequencer1/psid=local::122089cb3fe0::35-0 tid:4e16dc8a640a39cfc4f0c1ab753f0b62 - Processing 0 new epoch topology messages
2026-08-06 23:23:21,770 [canton-env-ec-35] INFO  c.d.c.s.s.b.b.c.m.c.i.IssConsensusModule:sequencer=sequencer1/psid=local::122089cb3fe0::35-0 tid:3a00d3cc43f698a898157b9f3d1e8aa0 - Block (epochNumber=4, blockNumber=40) has been ordered
2026-08-06 23:23:26,795 [canton-env-ec-41] INFO  c.d.c.s.s.b.b.c.m.c.i.IssConsensusModule:sequencer=sequencer1/psid=local::122089cb3fe0::35-0 tid:ce385941af925caf2d6008c7f2af2ce4 - Block (epochNumber=4, blockNumber=41) has been ordered
2026-08-06 23:23:28,559 [canton-env-ec-42] INFO  c.d.c.s.s.b.b.c.m.o.OutputModule:sequencer=sequencer1/psid=local::122089cb3fe0::35-0 tid:4e16dc8a640a39cfc4f0c1ab753f0b62 - Scheduling backpressure check in 10 seconds
2026-08-06 23:23:28,559 [canton-env-ec-42] INFO  c.d.c.s.s.b.b.c.m.o.OutputModule:sequencer=sequencer1/psid=local::122089cb3fe0::35-0 tid:4e16dc8a640a39cfc4f0c1ab753f0b62 - Checking if sequencer core is still slow or if we can process new epoch topology messages (backPressureStartInstant = None, from block subscription: isSequencerCoreSlow = false, bufferSize = 0)
2026-08-06 23:23:28,559 [canton-env-ec-42] INFO  c.d.c.s.s.b.b.c.m.o.OutputModule:sequencer=sequencer1/psid=local::122089cb3fe0::35-0 tid:4e16dc8a640a39cfc4f0c1ab753f0b62 - Processing 0 new epoch topology messages
2026-08-06 23:23:31,811 [canton-env-ec-140] INFO  c.d.c.s.s.b.b.c.m.c.i.IssConsensusModule:sequencer=sequencer1/psid=local::122089cb3fe0::35-0 tid:3afe17356d07d2374bc181d80f18c305 - Block (epochNumber=4, blockNumber=42) has been ordered
2026-08-06 23:23:36,831 [canton-env-ec-35] INFO  c.d.c.s.s.b.b.c.m.c.i.IssConsensusModule:sequencer=sequencer1/psid=local::122089cb3fe0::35-0 tid:1e88f2c8445f24d0b19ef823f3adaee4 - Block (epochNumber=4, blockNumber=43) has been ordered
2026-08-06 23:23:38,579 [canton-env-ec-41] INFO  c.d.c.s.s.b.b.c.m.o.OutputModule:sequencer=sequencer1/psid=local::122089cb3fe0::35-0 tid:4e16dc8a640a39cfc4f0c1ab753f0b62 - Scheduling backpressure check in 10 seconds
2026-08-06 23:23:38,579 [canton-env-ec-41] INFO  c.d.c.s.s.b.b.c.m.o.OutputModule:sequencer=sequencer1/psid=local::122089cb3fe0::35-0 tid:4e16dc8a640a39cfc4f0c1ab753f0b62 - Checking if sequencer core is still slow or if we can process new epoch topology messages (backPressureStartInstant = None, from block subscription: isSequencerCoreSlow = false, bufferSize = 0)
2026-08-06 23:23:38,579 [canton-env-ec-41] INFO  c.d.c.s.s.b.b.c.m.o.OutputModule:sequencer=sequencer1/psid=local::122089cb3fe0::35-0 tid:4e16dc8a640a39cfc4f0c1ab753f0b62 - Processing 0 new epoch topology messages
2026-08-06 23:23:41,853 [canton-env-ec-42] INFO  c.d.c.s.s.b.b.c.m.c.i.IssConsensusModule:sequencer=sequencer1/psid=local::122089cb3fe0::35-0 tid:7f710a9468ee89e6eb9d09f53936595c - Block (epochNumber=4, blockNumber=44) has been ordered
2026-08-06 23:23:46,876 [canton-env-ec-37] INFO  c.d.c.s.s.b.b.c.m.c.i.IssConsensusModule:sequencer=sequencer1/psid=local::122089cb3fe0::35-0 tid:1bda5f84f9300c973376cd0450dbf670 - Block (epochNumber=4, blockNumber=45) has been ordered
2026-08-06 23:23:48,604 [canton-env-ec-41] INFO  c.d.c.s.s.b.b.c.m.o.OutputModule:sequencer=sequencer1/psid=local::122089cb3fe0::35-0 tid:4e16dc8a640a39cfc4f0c1ab753f0b62 - Scheduling backpressure check in 10 seconds
2026-08-06 23:23:48,605 [canton-env-ec-41] INFO  c.d.c.s.s.b.b.c.m.o.OutputModule:sequencer=sequencer1/psid=local::122089cb3fe0::35-0 tid:4e16dc8a640a39cfc4f0c1ab753f0b62 - Checking if sequencer core is still slow or if we can process new epoch topology messages (backPressureStartInstant = None, from block subscription: isSequencerCoreSlow = false, bufferSize = 0)
2026-08-06 23:23:48,605 [canton-env-ec-41] INFO  c.d.c.s.s.b.b.c.m.o.OutputModule:sequencer=sequencer1/psid=local::122089cb3fe0::35-0 tid:4e16dc8a640a39cfc4f0c1ab753f0b62 - Processing 0 new epoch topology messages
2026-08-06 23:23:51,907 [canton-env-ec-43] INFO  c.d.c.s.s.b.b.c.m.c.i.IssConsensusModule:sequencer=sequencer1/psid=local::122089cb3fe0::35-0 tid:69086a9ac7175440de5126f139fd3105 - Block (epochNumber=4, blockNumber=46) has been ordered
2026-08-06 23:23:56,925 [canton-env-ec-38] INFO  c.d.c.s.s.b.b.c.m.c.i.IssConsensusModule:sequencer=sequencer1/psid=local::122089cb3fe0::35-0 tid:8514c31c0ff132de2abe6c1420092b98 - Block (epochNumber=4, blockNumber=47) has been ordered
2026-08-06 23:23:58,620 [canton-env-ec-140] INFO  c.d.c.s.s.b.b.c.m.o.OutputModule:sequencer=sequencer1/psid=local::122089cb3fe0::35-0 tid:4e16dc8a640a39cfc4f0c1ab753f0b62 - Scheduling backpressure check in 10 seconds
2026-08-06 23:23:58,621 [canton-env-ec-140] INFO  c.d.c.s.s.b.b.c.m.o.OutputModule:sequencer=sequencer1/psid=local::122089cb3fe0::35-0 tid:4e16dc8a640a39cfc4f0c1ab753f0b62 - Checking if sequencer core is still slow or if we can process new epoch topology messages (backPressureStartInstant = None, from block subscription: isSequencerCoreSlow = false, bufferSize = 0)
2026-08-06 23:23:58,621 [canton-env-ec-140] INFO  c.d.c.s.s.b.b.c.m.o.OutputModule:sequencer=sequencer1/psid=local::122089cb3fe0::35-0 tid:4e16dc8a640a39cfc4f0c1ab753f0b62 - Processing 0 new epoch topology messages
2026-08-06 23:24:01,944 [canton-env-ec-36] INFO  c.d.c.s.s.b.b.c.m.c.i.IssConsensusModule:sequencer=sequencer1/psid=local::122089cb3fe0::35-0 tid:9a2e87c847bc4f596d461c401b2e733b - Block (epochNumber=4, blockNumber=48) has been ordered
2026-08-06 23:24:06,967 [canton-env-ec-34] INFO  c.d.c.s.s.b.b.c.m.c.i.IssConsensusModule:sequencer=sequencer1/psid=local::122089cb3fe0::35-0 tid:abdf2ece3ef7ffe6371259470ec3ac54 - Block (epochNumber=4, blockNumber=49) has been ordered
2026-08-06 23:24:06,970 [canton-env-ec-37] INFO  c.d.c.s.s.b.b.c.m.c.i.SegmentClosingBehaviour:sequencer=sequencer1/psid=local::122089cb3fe0::35-0 tid:abdf2ece3ef7ffe6371259470ec3ac54 - Segment module 40 completed epoch 4
2026-08-06 23:24:06,971 [canton-env-ec-38] INFO  c.d.c.s.s.b.b.c.m.o.OutputModule:sequencer=sequencer1/psid=local::122089cb3fe0::35-0 tid:abdf2ece3ef7ffe6371259470ec3ac54 - Processing 1 new epoch topology messages
2026-08-06 23:24:06,972 [canton-env-ec-34] INFO  c.d.c.s.s.b.b.c.m.c.i.IssConsensusModule:sequencer=sequencer1/psid=local::122089cb3fe0::35-0 tid:abdf2ece3ef7ffe6371259470ec3ac54 - Completed epoch 4, but no new epoch topology is available yet
2026-08-06 23:24:06,977 [canton-env-ec-36] INFO  c.d.c.s.s.b.b.c.m.c.i.IssSegmentModule:sequencer=sequencer1/psid=local::122089cb3fe0::35-0 tid:abdf2ece3ef7ffe6371259470ec3ac54 - Received `Start` message, segment Segment(SEQ::sequencer1::12203194b0b98f9ef087010048202e3c51e68e9b670bd3485be85cd44285d3937fde,List(50, 51, 52, 53, 54, 55, 56, 57, 58, 59)) is complete = false, view change in progress = false view number = 0
2026-08-06 23:24:06,978 [canton-env-ec-34] INFO  c.d.c.s.s.b.b.c.m.c.i.IssConsensusModule:sequencer=sequencer1/psid=local::122089cb3fe0::35-0 tid:abdf2ece3ef7ffe6371259470ec3ac54 - New epoch 5 has started with leaders = List(SEQ::sequencer1::12203194b0b98f9ef087010048202e3c51e68e9b670bd3485be85cd44285d3937fde)and blacklisted nodes = List(); ordering topology = OrderingTopology(
  activationTime = 2026-08-07T03:21:26.500127Z,
  size = 1,
  weakQuorum = 1,
  strongQuorum = 1,
  nodesTopologyInfo = "SEQ::sequencer1::12203194b0b98f9ef087010048202e3c51e68e9b670bd3485be85cd44285d3937fde" -> NodeTopologyInfo(keyIds = "122023f7cdab16d2ef0477ba4e7390196bd2d3d063ed13b6f0a70960cb82e9afa8e5"),
  sequencingParameters = SequencingParameters(
    pbftViewChangeTimeout = 10s,
    segmentLength = 10,
    blacklistConfig = BlacklistLeaderSelectionPolicyConfig(howLongToBlacklist = Linear(maximumEpochBlacklisted = Some(250)), howManyCanWeBlacklist = NumFaultsTolerated)
  ),
  maxBytesToDecompress = 10485760,
  areTherePendingCantonTopologyChanges = Some(false)
)
2026-08-06 23:24:08,641 [canton-env-ec-34] INFO  c.d.c.s.s.b.b.c.m.o.OutputModule:sequencer=sequencer1/psid=local::122089cb3fe0::35-0 tid:4e16dc8a640a39cfc4f0c1ab753f0b62 - Scheduling backpressure check in 10 seconds
2026-08-06 23:24:08,642 [canton-env-ec-34] INFO  c.d.c.s.s.b.b.c.m.o.OutputModule:sequencer=sequencer1/psid=local::122089cb3fe0::35-0 tid:4e16dc8a640a39cfc4f0c1ab753f0b62 - Checking if sequencer core is still slow or if we can process new epoch topology messages (backPressureStartInstant = None, from block subscription: isSequencerCoreSlow = false, bufferSize = 0)
2026-08-06 23:24:08,642 [canton-env-ec-34] INFO  c.d.c.s.s.b.b.c.m.o.OutputModule:sequencer=sequencer1/psid=local::122089cb3fe0::35-0 tid:4e16dc8a640a39cfc4f0c1ab753f0b62 - Processing 0 new epoch topology messages
2026-08-06 23:24:11,996 [canton-env-ec-42] INFO  c.d.c.s.s.b.b.c.m.c.i.IssConsensusModule:sequencer=sequencer1/psid=local::122089cb3fe0::35-0 tid:fbc263a6a78db4d55b2258dcb6e739b8 - Block (epochNumber=5, blockNumber=50) has been ordered
2026-08-06 23:24:17,015 [canton-env-ec-140] INFO  c.d.c.s.s.b.b.c.m.c.i.IssConsensusModule:sequencer=sequencer1/psid=local::122089cb3fe0::35-0 tid:bdfe52722dd4b2ed7e71fa66462ae0ba - Block (epochNumber=5, blockNumber=51) has been ordered
2026-08-06 23:24:18,661 [canton-env-ec-42] INFO  c.d.c.s.s.b.b.c.m.o.OutputModule:sequencer=sequencer1/psid=local::122089cb3fe0::35-0 tid:4e16dc8a640a39cfc4f0c1ab753f0b62 - Scheduling backpressure check in 10 seconds
2026-08-06 23:24:18,662 [canton-env-ec-42] INFO  c.d.c.s.s.b.b.c.m.o.OutputModule:sequencer=sequencer1/psid=local::122089cb3fe0::35-0 tid:4e16dc8a640a39cfc4f0c1ab753f0b62 - Checking if sequencer core is still slow or if we can process new epoch topology messages (backPressureStartInstant = None, from block subscription: isSequencerCoreSlow = false, bufferSize = 0)
2026-08-06 23:24:18,662 [canton-env-ec-42] INFO  c.d.c.s.s.b.b.c.m.o.OutputModule:sequencer=sequencer1/psid=local::122089cb3fe0::35-0 tid:4e16dc8a640a39cfc4f0c1ab753f0b62 - Processing 0 new epoch topology messages
2026-08-06 23:24:22,037 [canton-env-ec-34] INFO  c.d.c.s.s.b.b.c.m.c.i.IssConsensusModule:sequencer=sequencer1/psid=local::122089cb3fe0::35-0 tid:3f2d1e1d1fa8436838f52ff5f6897ce3 - Block (epochNumber=5, blockNumber=52) has been ordered
2026-08-06 23:24:27,054 [canton-env-ec-36] INFO  c.d.c.s.s.b.b.c.m.c.i.IssConsensusModule:sequencer=sequencer1/psid=local::122089cb3fe0::35-0 tid:b616291836bc143e429e4c0c5db64665 - Block (epochNumber=5, blockNumber=53) has been ordered
2026-08-06 23:24:28,682 [canton-env-ec-43] INFO  c.d.c.s.s.b.b.c.m.o.OutputModule:sequencer=sequencer1/psid=local::122089cb3fe0::35-0 tid:4e16dc8a640a39cfc4f0c1ab753f0b62 - Scheduling backpressure check in 10 seconds
2026-08-06 23:24:28,682 [canton-env-ec-43] INFO  c.d.c.s.s.b.b.c.m.o.OutputModule:sequencer=sequencer1/psid=local::122089cb3fe0::35-0 tid:4e16dc8a640a39cfc4f0c1ab753f0b62 - Checking if sequencer core is still slow or if we can process new epoch topology messages (backPressureStartInstant = None, from block subscription: isSequencerCoreSlow = false, bufferSize = 0)
2026-08-06 23:24:28,682 [canton-env-ec-43] INFO  c.d.c.s.s.b.b.c.m.o.OutputModule:sequencer=sequencer1/psid=local::122089cb3fe0::35-0 tid:4e16dc8a640a39cfc4f0c1ab753f0b62 - Processing 0 new epoch topology messages
2026-08-06 23:24:32,074 [canton-env-ec-38] INFO  c.d.c.s.s.b.b.c.m.c.i.IssConsensusModule:sequencer=sequencer1/psid=local::122089cb3fe0::35-0 tid:654125024d427ea7f9ae819895e67dc5 - Block (epochNumber=5, blockNumber=54) has been ordered
2026-08-06 23:24:37,093 [canton-env-ec-38] INFO  c.d.c.s.s.b.b.c.m.c.i.IssConsensusModule:sequencer=sequencer1/psid=local::122089cb3fe0::35-0 tid:c83cd75fab5f86e995da9bc01ac015ba - Block (epochNumber=5, blockNumber=55) has been ordered
2026-08-06 23:24:38,702 [canton-env-ec-41] INFO  c.d.c.s.s.b.b.c.m.o.OutputModule:sequencer=sequencer1/psid=local::122089cb3fe0::35-0 tid:4e16dc8a640a39cfc4f0c1ab753f0b62 - Scheduling backpressure check in 10 seconds
2026-08-06 23:24:38,702 [canton-env-ec-41] INFO  c.d.c.s.s.b.b.c.m.o.OutputModule:sequencer=sequencer1/psid=local::122089cb3fe0::35-0 tid:4e16dc8a640a39cfc4f0c1ab753f0b62 - Checking if sequencer core is still slow or if we can process new epoch topology messages (backPressureStartInstant = None, from block subscription: isSequencerCoreSlow = false, bufferSize = 0)
2026-08-06 23:24:38,702 [canton-env-ec-41] INFO  c.d.c.s.s.b.b.c.m.o.OutputModule:sequencer=sequencer1/psid=local::122089cb3fe0::35-0 tid:4e16dc8a640a39cfc4f0c1ab753f0b62 - Processing 0 new epoch topology messages
2026-08-06 23:24:42,116 [canton-env-ec-41] INFO  c.d.c.s.s.b.b.c.m.c.i.IssConsensusModule:sequencer=sequencer1/psid=local::122089cb3fe0::35-0 tid:e76139427033a40af5bf768415aad948 - Block (epochNumber=5, blockNumber=56) has been ordered
2026-08-06 23:24:47,133 [canton-env-ec-38] INFO  c.d.c.s.s.b.b.c.m.c.i.IssConsensusModule:sequencer=sequencer1/psid=local::122089cb3fe0::35-0 tid:b53cb518b9a69770e63271620e1b3beb - Block (epochNumber=5, blockNumber=57) has been ordered
2026-08-06 23:24:48,720 [canton-env-ec-140] INFO  c.d.c.s.s.b.b.c.m.o.OutputModule:sequencer=sequencer1/psid=local::122089cb3fe0::35-0 tid:4e16dc8a640a39cfc4f0c1ab753f0b62 - Scheduling backpressure check in 10 seconds
2026-08-06 23:24:48,721 [canton-env-ec-140] INFO  c.d.c.s.s.b.b.c.m.o.OutputModule:sequencer=sequencer1/psid=local::122089cb3fe0::35-0 tid:4e16dc8a640a39cfc4f0c1ab753f0b62 - Checking if sequencer core is still slow or if we can process new epoch topology messages (backPressureStartInstant = None, from block subscription: isSequencerCoreSlow = false, bufferSize = 0)
2026-08-06 23:24:48,721 [canton-env-ec-140] INFO  c.d.c.s.s.b.b.c.m.o.OutputModule:sequencer=sequencer1/psid=local::122089cb3fe0::35-0 tid:4e16dc8a640a39cfc4f0c1ab753f0b62 - Processing 0 new epoch topology messages
2026-08-06 23:24:52,153 [canton-env-ec-34] INFO  c.d.c.s.s.b.b.c.m.c.i.IssConsensusModule:sequencer=sequencer1/psid=local::122089cb3fe0::35-0 tid:182aa571ff59438a0a846fe781674b39 - Block (epochNumber=5, blockNumber=58) has been ordered
2026-08-06 23:24:57,179 [canton-env-ec-42] INFO  c.d.c.s.s.b.b.c.m.c.i.IssConsensusModule:sequencer=sequencer1/psid=local::122089cb3fe0::35-0 tid:1ef82f35f68cd0aa5cacc728e90ff342 - Block (epochNumber=5, blockNumber=59) has been ordered
2026-08-06 23:24:57,182 [canton-env-ec-42] INFO  c.d.c.s.s.b.b.c.m.c.i.IssConsensusModule:sequencer=sequencer1/psid=local::122089cb3fe0::35-0 tid:1ef82f35f68cd0aa5cacc728e90ff342 - Completed epoch 5, but no new epoch topology is available yet
2026-08-06 23:24:57,182 [canton-env-ec-42] INFO  c.d.c.s.s.b.b.c.m.c.i.SegmentClosingBehaviour:sequencer=sequencer1/psid=local::122089cb3fe0::35-0 tid:1ef82f35f68cd0aa5cacc728e90ff342 - Segment module 50 completed epoch 5
2026-08-06 23:24:57,184 [canton-env-ec-43] INFO  c.d.c.s.s.b.b.c.m.o.OutputModule:sequencer=sequencer1/psid=local::122089cb3fe0::35-0 tid:1ef82f35f68cd0aa5cacc728e90ff342 - Processing 1 new epoch topology messages
2026-08-06 23:24:57,191 [canton-env-ec-43] INFO  c.d.c.s.s.b.b.c.m.c.i.IssSegmentModule:sequencer=sequencer1/psid=local::122089cb3fe0::35-0 tid:1ef82f35f68cd0aa5cacc728e90ff342 - Received `Start` message, segment Segment(SEQ::sequencer1::12203194b0b98f9ef087010048202e3c51e68e9b670bd3485be85cd44285d3937fde,List(60, 61, 62, 63, 64, 65, 66, 67, 68, 69)) is complete = false, view change in progress = false view number = 0
2026-08-06 23:24:57,191 [canton-env-ec-37] INFO  c.d.c.s.s.b.b.c.m.c.i.IssConsensusModule:sequencer=sequencer1/psid=local::122089cb3fe0::35-0 tid:1ef82f35f68cd0aa5cacc728e90ff342 - New epoch 6 has started with leaders = List(SEQ::sequencer1::12203194b0b98f9ef087010048202e3c51e68e9b670bd3485be85cd44285d3937fde)and blacklisted nodes = List(); ordering topology = OrderingTopology(
  activationTime = 2026-08-07T03:21:26.500127Z,
  size = 1,
  weakQuorum = 1,
  strongQuorum = 1,
  nodesTopologyInfo = "SEQ::sequencer1::12203194b0b98f9ef087010048202e3c51e68e9b670bd3485be85cd44285d3937fde" -> NodeTopologyInfo(keyIds = "122023f7cdab16d2ef0477ba4e7390196bd2d3d063ed13b6f0a70960cb82e9afa8e5"),
  sequencingParameters = SequencingParameters(
    pbftViewChangeTimeout = 10s,
    segmentLength = 10,
    blacklistConfig = BlacklistLeaderSelectionPolicyConfig(howLongToBlacklist = Linear(maximumEpochBlacklisted = Some(250)), howManyCanWeBlacklist = NumFaultsTolerated)
  ),
  maxBytesToDecompress = 10485760,
  areTherePendingCantonTopologyChanges = Some(false)
)
2026-08-06 23:24:58,742 [canton-env-ec-42] INFO  c.d.c.s.s.b.b.c.m.o.OutputModule:sequencer=sequencer1/psid=local::122089cb3fe0::35-0 tid:4e16dc8a640a39cfc4f0c1ab753f0b62 - Scheduling backpressure check in 10 seconds
2026-08-06 23:24:58,743 [canton-env-ec-42] INFO  c.d.c.s.s.b.b.c.m.o.OutputModule:sequencer=sequencer1/psid=local::122089cb3fe0::35-0 tid:4e16dc8a640a39cfc4f0c1ab753f0b62 - Checking if sequencer core is still slow or if we can process new epoch topology messages (backPressureStartInstant = None, from block subscription: isSequencerCoreSlow = false, bufferSize = 0)
2026-08-06 23:24:58,743 [canton-env-ec-42] INFO  c.d.c.s.s.b.b.c.m.o.OutputModule:sequencer=sequencer1/psid=local::122089cb3fe0::35-0 tid:4e16dc8a640a39cfc4f0c1ab753f0b62 - Processing 0 new epoch topology messages
2026-08-06 23:25:02,209 [canton-env-ec-35] INFO  c.d.c.s.s.b.b.c.m.c.i.IssConsensusModule:sequencer=sequencer1/psid=local::122089cb3fe0::35-0 tid:eb2da870a6c52f3f6d2a18d49224140c - Block (epochNumber=6, blockNumber=60) has been ordered
2026-08-06 23:25:07,226 [canton-env-ec-35] INFO  c.d.c.s.s.b.b.c.m.c.i.IssConsensusModule:sequencer=sequencer1/psid=local::122089cb3fe0::35-0 tid:90de0cbc4d3d0ce85e41e5a8b9ce30a0 - Block (epochNumber=6, blockNumber=61) has been ordered
2026-08-06 23:25:08,761 [canton-env-ec-34] INFO  c.d.c.s.s.b.b.c.m.o.OutputModule:sequencer=sequencer1/psid=local::122089cb3fe0::35-0 tid:4e16dc8a640a39cfc4f0c1ab753f0b62 - Scheduling backpressure check in 10 seconds
2026-08-06 23:25:08,761 [canton-env-ec-34] INFO  c.d.c.s.s.b.b.c.m.o.OutputModule:sequencer=sequencer1/psid=local::122089cb3fe0::35-0 tid:4e16dc8a640a39cfc4f0c1ab753f0b62 - Checking if sequencer core is still slow or if we can process new epoch topology messages (backPressureStartInstant = None, from block subscription: isSequencerCoreSlow = false, bufferSize = 0)
2026-08-06 23:25:08,761 [canton-env-ec-34] INFO  c.d.c.s.s.b.b.c.m.o.OutputModule:sequencer=sequencer1/psid=local::122089cb3fe0::35-0 tid:4e16dc8a640a39cfc4f0c1ab753f0b62 - Processing 0 new epoch topology messages
2026-08-06 23:25:12,245 [canton-env-ec-38] INFO  c.d.c.s.s.b.b.c.m.c.i.IssConsensusModule:sequencer=sequencer1/psid=local::122089cb3fe0::35-0 tid:f5dd5d6e6982287d4e14821d96d95d79 - Block (epochNumber=6, blockNumber=62) has been ordered
2026-08-06 23:25:17,269 [canton-env-ec-140] INFO  c.d.c.s.s.b.b.c.m.c.i.IssConsensusModule:sequencer=sequencer1/psid=local::122089cb3fe0::35-0 tid:4641b73bdcde5e0245b6a2b95c134ce8 - Block (epochNumber=6, blockNumber=63) has been ordered
2026-08-06 23:25:18,783 [canton-env-ec-42] INFO  c.d.c.s.s.b.b.c.m.o.OutputModule:sequencer=sequencer1/psid=local::122089cb3fe0::35-0 tid:4e16dc8a640a39cfc4f0c1ab753f0b62 - Scheduling backpressure check in 10 seconds
2026-08-06 23:25:18,783 [canton-env-ec-42] INFO  c.d.c.s.s.b.b.c.m.o.OutputModule:sequencer=sequencer1/psid=local::122089cb3fe0::35-0 tid:4e16dc8a640a39cfc4f0c1ab753f0b62 - Checking if sequencer core is still slow or if we can process new epoch topology messages (backPressureStartInstant = None, from block subscription: isSequencerCoreSlow = false, bufferSize = 0)
2026-08-06 23:25:18,783 [canton-env-ec-42] INFO  c.d.c.s.s.b.b.c.m.o.OutputModule:sequencer=sequencer1/psid=local::122089cb3fe0::35-0 tid:4e16dc8a640a39cfc4f0c1ab753f0b62 - Processing 0 new epoch topology messages
2026-08-06 23:25:22,287 [canton-env-ec-41] INFO  c.d.c.s.s.b.b.c.m.c.i.IssConsensusModule:sequencer=sequencer1/psid=local::122089cb3fe0::35-0 tid:439a926d9dd097cc980987c54b5a8b70 - Block (epochNumber=6, blockNumber=64) has been ordered
2026-08-06 23:25:27,309 [canton-env-ec-42] INFO  c.d.c.s.s.b.b.c.m.c.i.IssConsensusModule:sequencer=sequencer1/psid=local::122089cb3fe0::35-0 tid:1ead62814898ae7f16b877cd7968ec7c - Block (epochNumber=6, blockNumber=65) has been ordered
2026-08-06 23:25:28,802 [canton-env-ec-42] INFO  c.d.c.s.s.b.b.c.m.o.OutputModule:sequencer=sequencer1/psid=local::122089cb3fe0::35-0 tid:4e16dc8a640a39cfc4f0c1ab753f0b62 - Scheduling backpressure check in 10 seconds
2026-08-06 23:25:28,802 [canton-env-ec-42] INFO  c.d.c.s.s.b.b.c.m.o.OutputModule:sequencer=sequencer1/psid=local::122089cb3fe0::35-0 tid:4e16dc8a640a39cfc4f0c1ab753f0b62 - Checking if sequencer core is still slow or if we can process new epoch topology messages (backPressureStartInstant = None, from block subscription: isSequencerCoreSlow = false, bufferSize = 0)
2026-08-06 23:25:28,802 [canton-env-ec-42] INFO  c.d.c.s.s.b.b.c.m.o.OutputModule:sequencer=sequencer1/psid=local::122089cb3fe0::35-0 tid:4e16dc8a640a39cfc4f0c1ab753f0b62 - Processing 0 new epoch topology messages
2026-08-06 23:25:32,328 [canton-env-ec-37] INFO  c.d.c.s.s.b.b.c.m.c.i.IssConsensusModule:sequencer=sequencer1/psid=local::122089cb3fe0::35-0 tid:cb5117fe99444639cdf3d9e3fadf4d46 - Block (epochNumber=6, blockNumber=66) has been ordered
2026-08-06 23:25:37,350 [canton-env-ec-34] INFO  c.d.c.s.s.b.b.c.m.c.i.IssConsensusModule:sequencer=sequencer1/psid=local::122089cb3fe0::35-0 tid:f46376d51922d342b73a549a5ca95092 - Block (epochNumber=6, blockNumber=67) has been ordered
2026-08-06 23:25:38,823 [canton-env-ec-36] INFO  c.d.c.s.s.b.b.c.m.o.OutputModule:sequencer=sequencer1/psid=local::122089cb3fe0::35-0 tid:4e16dc8a640a39cfc4f0c1ab753f0b62 - Scheduling backpressure check in 10 seconds
2026-08-06 23:25:38,824 [canton-env-ec-36] INFO  c.d.c.s.s.b.b.c.m.o.OutputModule:sequencer=sequencer1/psid=local::122089cb3fe0::35-0 tid:4e16dc8a640a39cfc4f0c1ab753f0b62 - Checking if sequencer core is still slow or if we can process new epoch topology messages (backPressureStartInstant = None, from block subscription: isSequencerCoreSlow = false, bufferSize = 0)
2026-08-06 23:25:38,824 [canton-env-ec-36] INFO  c.d.c.s.s.b.b.c.m.o.OutputModule:sequencer=sequencer1/psid=local::122089cb3fe0::35-0 tid:4e16dc8a640a39cfc4f0c1ab753f0b62 - Processing 0 new epoch topology messages
2026-08-06 23:25:42,366 [canton-env-ec-140] INFO  c.d.c.s.s.b.b.c.m.c.i.IssConsensusModule:sequencer=sequencer1/psid=local::122089cb3fe0::35-0 tid:3c10814c922d4f6bec02278a85251d78 - Block (epochNumber=6, blockNumber=68) has been ordered
2026-08-06 23:25:47,393 [canton-env-ec-35] INFO  c.d.c.s.s.b.b.c.m.c.i.IssConsensusModule:sequencer=sequencer1/psid=local::122089cb3fe0::35-0 tid:4367f983673a63c09fd471e97b707804 - Block (epochNumber=6, blockNumber=69) has been ordered
2026-08-06 23:25:47,394 [canton-env-ec-35] INFO  c.d.c.s.s.b.b.c.m.c.i.IssConsensusModule:sequencer=sequencer1/psid=local::122089cb3fe0::35-0 tid:4367f983673a63c09fd471e97b707804 - Completed epoch 6, but no new epoch topology is available yet
2026-08-06 23:25:47,395 [canton-env-ec-38] INFO  c.d.c.s.s.b.b.c.m.c.i.SegmentClosingBehaviour:sequencer=sequencer1/psid=local::122089cb3fe0::35-0 tid:4367f983673a63c09fd471e97b707804 - Segment module 60 completed epoch 6
2026-08-06 23:25:47,396 [canton-env-ec-36] INFO  c.d.c.s.s.b.b.c.m.o.OutputModule:sequencer=sequencer1/psid=local::122089cb3fe0::35-0 tid:4367f983673a63c09fd471e97b707804 - Processing 1 new epoch topology messages
2026-08-06 23:25:47,399 [canton-env-ec-36] INFO  c.d.c.s.s.b.b.c.m.c.i.IssSegmentModule:sequencer=sequencer1/psid=local::122089cb3fe0::35-0 tid:4367f983673a63c09fd471e97b707804 - Received `Start` message, segment Segment(SEQ::sequencer1::12203194b0b98f9ef087010048202e3c51e68e9b670bd3485be85cd44285d3937fde,List(70, 71, 72, 73, 74, 75, 76, 77, 78, 79)) is complete = false, view change in progress = false view number = 0
2026-08-06 23:25:47,400 [canton-env-ec-34] INFO  c.d.c.s.s.b.b.c.m.c.i.IssConsensusModule:sequencer=sequencer1/psid=local::122089cb3fe0::35-0 tid:4367f983673a63c09fd471e97b707804 - New epoch 7 has started with leaders = List(SEQ::sequencer1::12203194b0b98f9ef087010048202e3c51e68e9b670bd3485be85cd44285d3937fde)and blacklisted nodes = List(); ordering topology = OrderingTopology(
  activationTime = 2026-08-07T03:21:26.500127Z,
  size = 1,
  weakQuorum = 1,
  strongQuorum = 1,
  nodesTopologyInfo = "SEQ::sequencer1::12203194b0b98f9ef087010048202e3c51e68e9b670bd3485be85cd44285d3937fde" -> NodeTopologyInfo(keyIds = "122023f7cdab16d2ef0477ba4e7390196bd2d3d063ed13b6f0a70960cb82e9afa8e5"),
  sequencingParameters = SequencingParameters(
    pbftViewChangeTimeout = 10s,
    segmentLength = 10,
    blacklistConfig = BlacklistLeaderSelectionPolicyConfig(howLongToBlacklist = Linear(maximumEpochBlacklisted = Some(250)), howManyCanWeBlacklist = NumFaultsTolerated)
  ),
  maxBytesToDecompress = 10485760,
  areTherePendingCantonTopologyChanges = Some(false)
)
2026-08-06 23:25:48,842 [canton-env-ec-34] INFO  c.d.c.s.s.b.b.c.m.o.OutputModule:sequencer=sequencer1/psid=local::122089cb3fe0::35-0 tid:4e16dc8a640a39cfc4f0c1ab753f0b62 - Scheduling backpressure check in 10 seconds
2026-08-06 23:25:48,843 [canton-env-ec-34] INFO  c.d.c.s.s.b.b.c.m.o.OutputModule:sequencer=sequencer1/psid=local::122089cb3fe0::35-0 tid:4e16dc8a640a39cfc4f0c1ab753f0b62 - Checking if sequencer core is still slow or if we can process new epoch topology messages (backPressureStartInstant = None, from block subscription: isSequencerCoreSlow = false, bufferSize = 0)
2026-08-06 23:25:48,843 [canton-env-ec-34] INFO  c.d.c.s.s.b.b.c.m.o.OutputModule:sequencer=sequencer1/psid=local::122089cb3fe0::35-0 tid:4e16dc8a640a39cfc4f0c1ab753f0b62 - Processing 0 new epoch topology messages
2026-08-06 23:25:52,422 [canton-env-ec-34] INFO  c.d.c.s.s.b.b.c.m.c.i.IssConsensusModule:sequencer=sequencer1/psid=local::122089cb3fe0::35-0 tid:9d5e11df4f3f9dca4b38aba1cad4daef - Block (epochNumber=7, blockNumber=70) has been ordered
2026-08-06 23:25:57,442 [canton-env-ec-140] INFO  c.d.c.s.s.b.b.c.m.c.i.IssConsensusModule:sequencer=sequencer1/psid=local::122089cb3fe0::35-0 tid:99fc1725f02a1367db267ecee6521d05 - Block (epochNumber=7, blockNumber=71) has been ordered
2026-08-06 23:25:58,863 [canton-env-ec-37] INFO  c.d.c.s.s.b.b.c.m.o.OutputModule:sequencer=sequencer1/psid=local::122089cb3fe0::35-0 tid:4e16dc8a640a39cfc4f0c1ab753f0b62 - Scheduling backpressure check in 10 seconds
2026-08-06 23:25:58,863 [canton-env-ec-37] INFO  c.d.c.s.s.b.b.c.m.o.OutputModule:sequencer=sequencer1/psid=local::122089cb3fe0::35-0 tid:4e16dc8a640a39cfc4f0c1ab753f0b62 - Checking if sequencer core is still slow or if we can process new epoch topology messages (backPressureStartInstant = None, from block subscription: isSequencerCoreSlow = false, bufferSize = 0)
2026-08-06 23:25:58,864 [canton-env-ec-37] INFO  c.d.c.s.s.b.b.c.m.o.OutputModule:sequencer=sequencer1/psid=local::122089cb3fe0::35-0 tid:4e16dc8a640a39cfc4f0c1ab753f0b62 - Processing 0 new epoch topology messages
2026-08-06 23:26:02,462 [canton-env-ec-35] INFO  c.d.c.s.s.b.b.c.m.c.i.IssConsensusModule:sequencer=sequencer1/psid=local::122089cb3fe0::35-0 tid:7c956466cea3f64e2e894fe300692b87 - Block (epochNumber=7, blockNumber=72) has been ordered
2026-08-06 23:26:07,480 [canton-env-ec-36] INFO  c.d.c.s.s.b.b.c.m.c.i.IssConsensusModule:sequencer=sequencer1/psid=local::122089cb3fe0::35-0 tid:7c7144fba7b95e0f482ccd089116e81e - Block (epochNumber=7, blockNumber=73) has been ordered
2026-08-06 23:26:08,884 [canton-env-ec-35] INFO  c.d.c.s.s.b.b.c.m.o.OutputModule:sequencer=sequencer1/psid=local::122089cb3fe0::35-0 tid:4e16dc8a640a39cfc4f0c1ab753f0b62 - Scheduling backpressure check in 10 seconds
2026-08-06 23:26:08,885 [canton-env-ec-35] INFO  c.d.c.s.s.b.b.c.m.o.OutputModule:sequencer=sequencer1/psid=local::122089cb3fe0::35-0 tid:4e16dc8a640a39cfc4f0c1ab753f0b62 - Checking if sequencer core is still slow or if we can process new epoch topology messages (backPressureStartInstant = None, from block subscription: isSequencerCoreSlow = false, bufferSize = 0)
2026-08-06 23:26:08,885 [canton-env-ec-35] INFO  c.d.c.s.s.b.b.c.m.o.OutputModule:sequencer=sequencer1/psid=local::122089cb3fe0::35-0 tid:4e16dc8a640a39cfc4f0c1ab753f0b62 - Processing 0 new epoch topology messages
